activity_name,activity_definition_id,activity_instance_ids_guess,problem_name,domain,bddl_path,robot_type,robot_type_source,objects_count,object_synsets,rooms,predicates,eval_command_guess
adding_chemicals_to_hot_tub,0,[0],adding_chemicals_to_hot_tub-0,omnigibson,/home/anuriha/BEHAVIOR-1K/bddl3/bddl/activity_definitions/adding_chemicals_to_hot_tub/problem0.bddl,R1Pro,--robot-type,6,"[""agent.n.01"", ""chlorine.n.01"", ""chlorine__bottle.n.01"", ""floor.n.01"", ""hot_tub.n.02"", ""water.n.06""]","[""garden""]","[""contains"", ""filled"", ""inroom"", ""ontop""]",python /home/anuriha/BEHAVIOR-1K/OmniGibson/omnigibson/learning/eval.py log_path=./logs/adding_chemicals_to_hot_tub_eval policy=websocket task.name=adding_chemicals_to_hot_tub task.activity_definition_id=0 eval_instance_ids='[0]' model.host=localhost
adding_chemicals_to_lawn,0,[0],adding_chemicals_to_lawn-0,omnigibson,/home/anuriha/BEHAVIOR-1K/bddl3/bddl/activity_definitions/adding_chemicals_to_lawn/problem0.bddl,R1Pro,--robot-type,7,"[""agent.n.01"", ""fertilizer.n.01"", ""fertilizer__atomizer.n.01"", ""floor.n.01"", ""herbicide.n.01"", ""herbicide__bottle.n.01"", ""lawn.n.01""]","[""garden""]","[""covered"", ""filled"", ""inroom"", ""insource"", ""ontop""]",python /home/anuriha/BEHAVIOR-1K/OmniGibson/omnigibson/learning/eval.py log_path=./logs/adding_chemicals_to_lawn_eval policy=websocket task.name=adding_chemicals_to_lawn task.activity_definition_id=0 eval_instance_ids='[0]' model.host=localhost
adding_chemicals_to_pool,0,[0],adding_chemicals_to_pool-0,omnigibson,/home/anuriha/BEHAVIOR-1K/bddl3/bddl/activity_definitions/adding_chemicals_to_pool/problem0.bddl,R1Pro,--robot-type,8,"[""agent.n.01"", ""disinfectant.n.01"", ""disinfectant__bottle.n.01"", ""floor.n.01"", ""pool.n.01"", ""sodium_carbonate.n.01"", ""sodium_carbonate__jar.n.01"", ""water.n.06""]","[""garden""]","[""contains"", ""filled"", ""inroom"", ""ontop""]",python /home/anuriha/BEHAVIOR-1K/OmniGibson/omnigibson/learning/eval.py log_path=./logs/adding_chemicals_to_pool_eval policy=websocket task.name=adding_chemicals_to_pool task.activity_definition_id=0 eval_instance_ids='[0]' model.host=localhost
adding_fabric_softener,0,[0],adding_fabric_softener-0,omnigibson,/home/anuriha/BEHAVIOR-1K/bddl3/bddl/activity_definitions/adding_fabric_softener/problem0.bddl,R1Pro,--robot-type,7,"[""agent.n.01"", ""fabric_softener.n.01"", ""fabric_softener__bottle.n.01"", ""floor.n.01"", ""sheet.n.03"", ""washer.n.03"", ""wrinkle.n.01""]","[""utility_room""]","[""contains"", ""covered"", ""filled"", ""inroom"", ""inside"", ""ontop""]",python /home/anuriha/BEHAVIOR-1K/OmniGibson/omnigibson/learning/eval.py log_path=./logs/adding_fabric_softener_eval policy=websocket task.name=adding_fabric_softener task.activity_definition_id=0 eval_instance_ids='[0]' model.host=localhost
applying_pesticides,0,[0],applying_pesticides-0,omnigibson,/home/anuriha/BEHAVIOR-1K/bddl3/bddl/activity_definitions/applying_pesticides/problem0.bddl,R1Pro,--robot-type,5,"[""agent.n.01"", ""floor.n.01"", ""lawn.n.01"", ""pesticide.n.01"", ""pesticide__atomizer.n.01""]","[""garden""]","[""covered"", ""inroom"", ""insource"", ""ontop""]",python /home/anuriha/BEHAVIOR-1K/OmniGibson/omnigibson/learning/eval.py log_path=./logs/applying_pesticides_eval policy=websocket task.name=applying_pesticides task.activity_definition_id=0 eval_instance_ids='[0]' model.host=localhost
assembling_furniture,0,[0],assembling_furniture-0,omnigibson,/home/anuriha/BEHAVIOR-1K/bddl3/bddl/activity_definitions/assembling_furniture/problem0.bddl,R1Pro,--robot-type,8,"[""agent.n.01"", ""desk_bracket.n.01"", ""desk_leg.n.01"", ""desk_top.n.01"", ""floor.n.01""]","[""living_room""]","[""attached"", ""inroom"", ""ontop""]",python /home/anuriha/BEHAVIOR-1K/OmniGibson/omnigibson/learning/eval.py log_path=./logs/assembling_furniture_eval policy=websocket task.name=assembling_furniture task.activity_definition_id=0 eval_instance_ids='[0]' model.host=localhost
assembling_gift_baskets,0,[0],assembling_gift_baskets-0,omnigibson,/home/anuriha/BEHAVIOR-1K/bddl3/bddl/activity_definitions/assembling_gift_baskets/problem0.bddl,R1Pro,--robot-type,23,"[""agent.n.01"", ""bow.n.08"", ""butter_cookie.n.01"", ""candle.n.01"", ""floor.n.01"", ""swiss_cheese.n.01"", ""table.n.02"", ""wicker_basket.n.01""]","[""living_room""]","[""inroom"", ""inside"", ""ontop""]",python /home/anuriha/BEHAVIOR-1K/OmniGibson/omnigibson/learning/eval.py log_path=./logs/assembling_gift_baskets_eval policy=websocket task.name=assembling_gift_baskets task.activity_definition_id=0 eval_instance_ids='[0]' model.host=localhost
attach_a_camera_to_a_tripod,0,[0],attach_a_camera_to_a_tripod-0,omnigibson,/home/anuriha/BEHAVIOR-1K/bddl3/bddl/activity_definitions/attach_a_camera_to_a_tripod/problem0.bddl,R1Pro,--robot-type,4,"[""agent.n.01"", ""camera_tripod.n.01"", ""digital_camera.n.01"", ""floor.n.01""]","[""bedroom""]","[""attached"", ""inroom"", ""ontop""]",python /home/anuriha/BEHAVIOR-1K/OmniGibson/omnigibson/learning/eval.py log_path=./logs/attach_a_camera_to_a_tripod_eval policy=websocket task.name=attach_a_camera_to_a_tripod task.activity_definition_id=0 eval_instance_ids='[0]' model.host=localhost
bag_groceries,0,[0],bag_groceries-0,omnigibson,/home/anuriha/BEHAVIOR-1K/bddl3/bddl/activity_definitions/bag_groceries/problem0.bddl,R1Pro,--robot-type,9,"[""agent.n.01"", ""apple.n.01"", ""bottle__of__orange_juice.n.01"", ""canned_food.n.01"", ""checkout.n.03"", ""egg.n.02"", ""floor.n.01"", ""sack.n.01""]","[""grocery_store""]","[""inroom"", ""inside"", ""ontop""]",python /home/anuriha/BEHAVIOR-1K/OmniGibson/omnigibson/learning/eval.py log_path=./logs/bag_groceries_eval policy=websocket task.name=bag_groceries task.activity_definition_id=0 eval_instance_ids='[0]' model.host=localhost
baking_cookies_for_the_PTA_bake_sale,0,[0],baking_cookies_for_the_PTA_bake_sale-0,omnigibson,/home/anuriha/BEHAVIOR-1K/bddl3/bddl/activity_definitions/baking_cookies_for_the_PTA_bake_sale/problem0.bddl,R1Pro,--robot-type,29,"[""agent.n.01"", ""baking_powder.n.01"", ""baking_powder__jar.n.01"", ""bowl.n.01"", ""cookie_sheet.n.01"", ""countertop.n.01"", ""electric_mixer.n.01"", ""electric_refrigerator.n.01"", ""floor.n.01"", ""flour.n.01"", ""flour__sack.n.01"", ""granulated_sugar.n.01"", ""mason_jar.n.01"", ""melted__butter.n.01"", ""oven.n.01"", ""raw_egg.n.01"", ""salt.n.02"", ""salt__shaker.n.01"", ""sugar__sack.n.01"", ""sugar_cookie.n.01"", ""tablespoon.n.02"", ""vanilla.n.02"", ""vanilla__bottle.n.01""]","[""kitchen""]","[""cooked"", ""filled"", ""future"", ""inroom"", ""inside"", ""insource"", ""ontop"", ""real""]",python /home/anuriha/BEHAVIOR-1K/OmniGibson/omnigibson/learning/eval.py log_path=./logs/baking_cookies_for_the_PTA_bake_sale_eval policy=websocket task.name=baking_cookies_for_the_PTA_bake_sale task.activity_definition_id=0 eval_instance_ids='[0]' model.host=localhost
baking_sugar_cookies,0,[0],baking_sugar_cookies-0,omnigibson,/home/anuriha/BEHAVIOR-1K/bddl3/bddl/activity_definitions/baking_sugar_cookies/problem0.bddl,R1Pro,--robot-type,31,"[""agent.n.01"", ""baking_powder.n.01"", ""baking_powder__jar.n.01"", ""cookie_sheet.n.01"", ""countertop.n.01"", ""electric_mixer.n.01"", ""electric_refrigerator.n.01"", ""floor.n.01"", ""flour.n.01"", ""flour__sack.n.01"", ""granulated_sugar.n.01"", ""mason_jar.n.01"", ""melted__butter.n.01"", ""oven.n.01"", ""plate.n.04"", ""raw_egg.n.01"", ""salt.n.02"", ""salt__shaker.n.01"", ""sodium_carbonate.n.01"", ""sodium_carbonate__jar.n.01"", ""sugar__sack.n.01"", ""sugar_cookie.n.01"", ""tablespoon.n.02"", ""vanilla.n.02"", ""vanilla__bottle.n.01""]","[""kitchen""]","[""cooked"", ""filled"", ""future"", ""inroom"", ""inside"", ""insource"", ""ontop"", ""real""]",python /home/anuriha/BEHAVIOR-1K/OmniGibson/omnigibson/learning/eval.py log_path=./logs/baking_sugar_cookies_eval policy=websocket task.name=baking_sugar_cookies task.activity_definition_id=0 eval_instance_ids='[0]' model.host=localhost
boil_water,0,[0],boil_water-0,omnigibson,/home/anuriha/BEHAVIOR-1K/bddl3/bddl/activity_definitions/boil_water/problem0.bddl,R1Pro,--robot-type,8,"[""agent.n.01"", ""cabinet.n.01"", ""cooked__water.n.01"", ""floor.n.01"", ""kettle.n.01"", ""sink.n.01"", ""stove.n.01"", ""water.n.06""]","[""kitchen""]","[""filled"", ""future"", ""inroom"", ""inside"", ""insource"", ""ontop"", ""real""]",python /home/anuriha/BEHAVIOR-1K/OmniGibson/omnigibson/learning/eval.py log_path=./logs/boil_water_eval policy=websocket task.name=boil_water task.activity_definition_id=0 eval_instance_ids='[0]' model.host=localhost
boil_water_in_the_microwave,0,[0],boil_water_in_the_microwave-0,omnigibson,/home/anuriha/BEHAVIOR-1K/bddl3/bddl/activity_definitions/boil_water_in_the_microwave/problem0.bddl,R1Pro,--robot-type,8,"[""agent.n.01"", ""cabinet.n.01"", ""cooked__water.n.01"", ""floor.n.01"", ""microwave.n.02"", ""mug.n.04"", ""sink.n.01"", ""water.n.06""]","[""kitchen""]","[""filled"", ""future"", ""inroom"", ""inside"", ""insource"", ""ontop"", ""real""]",python /home/anuriha/BEHAVIOR-1K/OmniGibson/omnigibson/learning/eval.py log_path=./logs/boil_water_in_the_microwave_eval policy=websocket task.name=boil_water_in_the_microwave task.activity_definition_id=0 eval_instance_ids='[0]' model.host=localhost
bottling_wine,0,[0],bottling_wine-0,omnigibson,/home/anuriha/BEHAVIOR-1K/bddl3/bddl/activity_definitions/bottling_wine/problem0.bddl,R1Pro,--robot-type,17,"[""agent.n.01"", ""breakfast_table.n.01"", ""bucket.n.01"", ""cabinet.n.01"", ""cork.n.04"", ""countertop.n.01"", ""electric_refrigerator.n.01"", ""floor.n.01"", ""red_wine.n.01"", ""wine_bottle.n.01""]","[""dining_room"", ""kitchen""]","[""attached"", ""filled"", ""inroom"", ""inside"", ""ontop""]",python /home/anuriha/BEHAVIOR-1K/OmniGibson/omnigibson/learning/eval.py log_path=./logs/bottling_wine_eval policy=websocket task.name=bottling_wine task.activity_definition_id=0 eval_instance_ids='[0]' model.host=localhost
boxing_books_up_for_storage,0,[0],boxing_books_up_for_storage-0,omnigibson,/home/anuriha/BEHAVIOR-1K/bddl3/bddl/activity_definitions/boxing_books_up_for_storage/problem0.bddl,R1Pro,--robot-type,13,"[""agent.n.01"", ""book.n.02"", ""bookcase.n.01"", ""box.n.01"", ""floor.n.01""]","[""living_room""]","[""inroom"", ""inside"", ""ontop""]",python /home/anuriha/BEHAVIOR-1K/OmniGibson/omnigibson/learning/eval.py log_path=./logs/boxing_books_up_for_storage_eval policy=websocket task.name=boxing_books_up_for_storage task.activity_definition_id=0 eval_instance_ids='[0]' model.host=localhost
boxing_food_after_dinner,0,[0],boxing_food_after_dinner-0,omnigibson,/home/anuriha/BEHAVIOR-1K/bddl3/bddl/activity_definitions/boxing_food_after_dinner/problem0.bddl,R1Pro,--robot-type,11,"[""agent.n.01"", ""breakfast_table.n.01"", ""electric_refrigerator.n.01"", ""floor.n.01"", ""kabob.n.01"", ""plate.n.04"", ""tupperware.n.01""]","[""dining_room"", ""kitchen""]","[""cooked"", ""inroom"", ""inside"", ""ontop"", ""open""]",python /home/anuriha/BEHAVIOR-1K/OmniGibson/omnigibson/learning/eval.py log_path=./logs/boxing_food_after_dinner_eval policy=websocket task.name=boxing_food_after_dinner task.activity_definition_id=0 eval_instance_ids='[0]' model.host=localhost
brewing_coffee,0,[0],brewing_coffee-0,omnigibson,/home/anuriha/BEHAVIOR-1K/bddl3/bddl/activity_definitions/brewing_coffee/problem0.bddl,R1Pro,--robot-type,11,"[""agent.n.01"", ""coffee_bean.n.01"", ""coffee_bean__jar.n.01"", ""coffee_maker.n.01"", ""countertop.n.01"", ""drip_coffee.n.01"", ""floor.n.01"", ""mug.n.04"", ""sink.n.01"", ""tablespoon.n.02"", ""water.n.06""]","[""kitchen""]","[""contains"", ""filled"", ""future"", ""inroom"", ""insource"", ""ontop"", ""real""]",python /home/anuriha/BEHAVIOR-1K/OmniGibson/omnigibson/learning/eval.py log_path=./logs/brewing_coffee_eval policy=websocket task.name=brewing_coffee task.activity_definition_id=0 eval_instance_ids='[0]' model.host=localhost
bringing_glass_to_recycling,0,[0],bringing_glass_to_recycling-0,omnigibson,/home/anuriha/BEHAVIOR-1K/bddl3/bddl/activity_definitions/bringing_glass_to_recycling/problem0.bddl,R1Pro,--robot-type,5,"[""agent.n.01"", ""floor.n.01"", ""recycling_bin.n.01"", ""water_glass.n.02""]","[""garden"", ""kitchen""]","[""inroom"", ""inside"", ""ontop"", ""open""]",python /home/anuriha/BEHAVIOR-1K/OmniGibson/omnigibson/learning/eval.py log_path=./logs/bringing_glass_to_recycling_eval policy=websocket task.name=bringing_glass_to_recycling task.activity_definition_id=0 eval_instance_ids='[0]' model.host=localhost
bringing_in_kindling,0,[0],bringing_in_kindling-0,omnigibson,/home/anuriha/BEHAVIOR-1K/bddl3/bddl/activity_definitions/bringing_in_kindling/problem0.bddl,R1Pro,--robot-type,8,"[""agent.n.01"", ""driveway.n.01"", ""firewood.n.01"", ""floor.n.01"", ""wood_fireplace.n.01""]","[""garden"", ""living_room""]","[""inroom"", ""nextto"", ""ontop""]",python /home/anuriha/BEHAVIOR-1K/OmniGibson/omnigibson/learning/eval.py log_path=./logs/bringing_in_kindling_eval policy=websocket task.name=bringing_in_kindling task.activity_definition_id=0 eval_instance_ids='[0]' model.host=localhost
bringing_in_mail,0,[0],bringing_in_mail-0,omnigibson,/home/anuriha/BEHAVIOR-1K/bddl3/bddl/activity_definitions/bringing_in_mail/problem0.bddl,R1Pro,--robot-type,6,"[""agent.n.01"", ""coffee_table.n.01"", ""floor.n.01"", ""lawn.n.01"", ""mail.n.04"", ""mailbox.n.01""]","[""garden"", ""living_room""]","[""inroom"", ""inside"", ""ontop"", ""open""]",python /home/anuriha/BEHAVIOR-1K/OmniGibson/omnigibson/learning/eval.py log_path=./logs/bringing_in_mail_eval policy=websocket task.name=bringing_in_mail task.activity_definition_id=0 eval_instance_ids='[0]' model.host=localhost
bringing_in_wood,0,[0],bringing_in_wood-0,omnigibson,/home/anuriha/BEHAVIOR-1K/bddl3/bddl/activity_definitions/bringing_in_wood/problem0.bddl,R1Pro,--robot-type,6,"[""agent.n.01"", ""floor.n.01"", ""plywood.n.01""]","[""corridor"", ""garden""]","[""inroom"", ""ontop""]",python /home/anuriha/BEHAVIOR-1K/OmniGibson/omnigibson/learning/eval.py log_path=./logs/bringing_in_wood_eval policy=websocket task.name=bringing_in_wood task.activity_definition_id=0 eval_instance_ids='[0]' model.host=localhost
bringing_laundry,0,[0],bringing_laundry-0,omnigibson,/home/anuriha/BEHAVIOR-1K/bddl3/bddl/activity_definitions/bringing_laundry/problem0.bddl,R1Pro,--robot-type,8,"[""agent.n.01"", ""floor.n.01"", ""garment.n.01"", ""hamper.n.02"", ""stain.n.01"", ""washer.n.03""]","[""living_room"", ""utility_room""]","[""covered"", ""inroom"", ""inside"", ""ontop"", ""open""]",python /home/anuriha/BEHAVIOR-1K/OmniGibson/omnigibson/learning/eval.py log_path=./logs/bringing_laundry_eval policy=websocket task.name=bringing_laundry task.activity_definition_id=0 eval_instance_ids='[0]' model.host=localhost
bringing_newspaper_in,0,[0],bringing_newspaper_in-0,omnigibson,/home/anuriha/BEHAVIOR-1K/bddl3/bddl/activity_definitions/bringing_newspaper_in/problem0.bddl,R1Pro,--robot-type,5,"[""agent.n.01"", ""coffee_table.n.01"", ""driveway.n.01"", ""floor.n.01"", ""newspaper.n.03""]","[""garden"", ""living_room""]","[""inroom"", ""ontop""]",python /home/anuriha/BEHAVIOR-1K/OmniGibson/omnigibson/learning/eval.py log_path=./logs/bringing_newspaper_in_eval policy=websocket task.name=bringing_newspaper_in task.activity_definition_id=0 eval_instance_ids='[0]' model.host=localhost
bringing_paper_to_recycling,0,[0],bringing_paper_to_recycling-0,omnigibson,/home/anuriha/BEHAVIOR-1K/bddl3/bddl/activity_definitions/bringing_paper_to_recycling/problem0.bddl,R1Pro,--robot-type,6,"[""agent.n.01"", ""floor.n.01"", ""paper.n.01"", ""recycling_bin.n.01""]","[""corridor""]","[""inroom"", ""inside"", ""ontop"", ""open""]",python /home/anuriha/BEHAVIOR-1K/OmniGibson/omnigibson/learning/eval.py log_path=./logs/bringing_paper_to_recycling_eval policy=websocket task.name=bringing_paper_to_recycling task.activity_definition_id=0 eval_instance_ids='[0]' model.host=localhost
bringing_water,0,[0],bringing_water-0,omnigibson,/home/anuriha/BEHAVIOR-1K/bddl3/bddl/activity_definitions/bringing_water/problem0.bddl,R1Pro,--robot-type,6,"[""agent.n.01"", ""bottle.n.01"", ""coffee_table.n.01"", ""electric_refrigerator.n.01"", ""floor.n.01""]","[""kitchen"", ""living_room""]","[""inroom"", ""inside"", ""ontop"", ""open""]",python /home/anuriha/BEHAVIOR-1K/OmniGibson/omnigibson/learning/eval.py log_path=./logs/bringing_water_eval policy=websocket task.name=bringing_water task.activity_definition_id=0 eval_instance_ids='[0]' model.host=localhost
brushing_lint_off_clothing,0,[0],brushing_lint_off_clothing-0,omnigibson,/home/anuriha/BEHAVIOR-1K/bddl3/bddl/activity_definitions/brushing_lint_off_clothing/problem0.bddl,R1Pro,--robot-type,9,"[""agent.n.01"", ""bed.n.01"", ""dust.n.01"", ""floor.n.01"", ""scrub_brush.n.01"", ""sweater.n.01""]","[""bedroom""]","[""covered"", ""inroom"", ""ontop""]",python /home/anuriha/BEHAVIOR-1K/OmniGibson/omnigibson/learning/eval.py log_path=./logs/brushing_lint_off_clothing_eval policy=websocket task.name=brushing_lint_off_clothing task.activity_definition_id=0 eval_instance_ids='[0]' model.host=localhost
buy_a_air_conditioner,0,[0],buy_a_air_conditioner-0,omnigibson,/home/anuriha/BEHAVIOR-1K/bddl3/bddl/activity_definitions/buy_a_air_conditioner/problem0.bddl,R1Pro,--robot-type,6,"[""agent.n.01"", ""air_conditioner.n.01"", ""checkout.n.03"", ""floor.n.01"", ""money.n.01"", ""shopping_cart.n.01""]","[""grocery_store""]","[""inroom"", ""inside"", ""ontop""]",python /home/anuriha/BEHAVIOR-1K/OmniGibson/omnigibson/learning/eval.py log_path=./logs/buy_a_air_conditioner_eval policy=websocket task.name=buy_a_air_conditioner task.activity_definition_id=0 eval_instance_ids='[0]' model.host=localhost
buy_a_belt,0,[0],buy_a_belt-0,omnigibson,/home/anuriha/BEHAVIOR-1K/bddl3/bddl/activity_definitions/buy_a_belt/problem0.bddl,R1Pro,--robot-type,6,"[""agent.n.01"", ""belt.n.02"", ""checkout.n.03"", ""floor.n.01"", ""money.n.01"", ""shopping_basket.n.01""]","[""grocery_store""]","[""inroom"", ""inside"", ""ontop""]",python /home/anuriha/BEHAVIOR-1K/OmniGibson/omnigibson/learning/eval.py log_path=./logs/buy_a_belt_eval policy=websocket task.name=buy_a_belt task.activity_definition_id=0 eval_instance_ids='[0]' model.host=localhost
buy_a_good_avocado,0,[0],buy_a_good_avocado-0,omnigibson,/home/anuriha/BEHAVIOR-1K/bddl3/bddl/activity_definitions/buy_a_good_avocado/problem0.bddl,R1Pro,--robot-type,6,"[""agent.n.01"", ""avocado.n.01"", ""checkout.n.03"", ""floor.n.01"", ""money.n.01"", ""shopping_cart.n.01""]","[""grocery_store""]","[""inroom"", ""inside"", ""ontop""]",python /home/anuriha/BEHAVIOR-1K/OmniGibson/omnigibson/learning/eval.py log_path=./logs/buy_a_good_avocado_eval policy=websocket task.name=buy_a_good_avocado task.activity_definition_id=0 eval_instance_ids='[0]' model.host=localhost
buy_a_keg,0,[0],buy_a_keg-0,omnigibson,/home/anuriha/BEHAVIOR-1K/bddl3/bddl/activity_definitions/buy_a_keg/problem0.bddl,R1Pro,--robot-type,6,"[""agent.n.01"", ""beer_barrel.n.01"", ""checkout.n.03"", ""credit_card.n.01"", ""floor.n.01"", ""shopping_cart.n.01""]","[""grocery_store""]","[""inroom"", ""inside"", ""ontop""]",python /home/anuriha/BEHAVIOR-1K/OmniGibson/omnigibson/learning/eval.py log_path=./logs/buy_a_keg_eval policy=websocket task.name=buy_a_keg task.activity_definition_id=0 eval_instance_ids='[0]' model.host=localhost
buy_alcohol,0,[0],buy_alcohol-0,omnigibson,/home/anuriha/BEHAVIOR-1K/bddl3/bddl/activity_definitions/buy_alcohol/problem0.bddl,R1Pro,--robot-type,9,"[""agent.n.01"", ""bottle__of__beer.n.01"", ""bottle__of__vodka.n.01"", ""bottle__of__wine.n.01"", ""checkout.n.03"", ""floor.n.01"", ""grocery_shelf.n.01"", ""money.n.01"", ""shopping_cart.n.01""]","[""grocery_store""]","[""inroom"", ""inside"", ""ontop""]",python /home/anuriha/BEHAVIOR-1K/OmniGibson/omnigibson/learning/eval.py log_path=./logs/buy_alcohol_eval policy=websocket task.name=buy_alcohol task.activity_definition_id=0 eval_instance_ids='[0]' model.host=localhost
buy_and_clean_mussels,0,[0],buy_and_clean_mussels-0,omnigibson,/home/anuriha/BEHAVIOR-1K/bddl3/bddl/activity_definitions/buy_and_clean_mussels/problem0.bddl,R1Pro,--robot-type,13,"[""agent.n.01"", ""countertop.n.01"", ""electric_refrigerator.n.01"", ""floor.n.01"", ""mixing_bowl.n.01"", ""mussel.n.01"", ""paper_towel.n.01"", ""sack.n.01"", ""sand.n.04"", ""water.n.06""]","[""kitchen""]","[""covered"", ""filled"", ""frozen"", ""inroom"", ""inside"", ""ontop""]",python /home/anuriha/BEHAVIOR-1K/OmniGibson/omnigibson/learning/eval.py log_path=./logs/buy_and_clean_mussels_eval policy=websocket task.name=buy_and_clean_mussels task.activity_definition_id=0 eval_instance_ids='[0]' model.host=localhost
buy_basic_garden_tools,0,[0],buy_basic_garden_tools-0,omnigibson,/home/anuriha/BEHAVIOR-1K/bddl3/bddl/activity_definitions/buy_basic_garden_tools/problem0.bddl,R1Pro,--robot-type,8,"[""agent.n.01"", ""backpack.n.01"", ""checkout.n.03"", ""floor.n.01"", ""grocery_shelf.n.01"", ""money.n.01"", ""rake.n.03"", ""shovel.n.01""]","[""grocery_store""]","[""inroom"", ""inside"", ""ontop""]",python /home/anuriha/BEHAVIOR-1K/OmniGibson/omnigibson/learning/eval.py log_path=./logs/buy_basic_garden_tools_eval policy=websocket task.name=buy_basic_garden_tools task.activity_definition_id=0 eval_instance_ids='[0]' model.host=localhost
buy_boxes_for_packing,0,[0],buy_boxes_for_packing-0,omnigibson,/home/anuriha/BEHAVIOR-1K/bddl3/bddl/activity_definitions/buy_boxes_for_packing/problem0.bddl,R1Pro,--robot-type,7,"[""agent.n.01"", ""carton.n.02"", ""checkout.n.03"", ""floor.n.01"", ""money.n.01"", ""shopping_cart.n.01""]","[""grocery_store""]","[""inroom"", ""inside"", ""ontop""]",python /home/anuriha/BEHAVIOR-1K/OmniGibson/omnigibson/learning/eval.py log_path=./logs/buy_boxes_for_packing_eval policy=websocket task.name=buy_boxes_for_packing task.activity_definition_id=0 eval_instance_ids='[0]' model.host=localhost
buy_candle_making_supplies,0,[0],buy_candle_making_supplies-0,omnigibson,/home/anuriha/BEHAVIOR-1K/bddl3/bddl/activity_definitions/buy_candle_making_supplies/problem0.bddl,R1Pro,--robot-type,9,"[""agent.n.01"", ""candlestick.n.01"", ""checkout.n.03"", ""floor.n.01"", ""grocery_shelf.n.01"", ""money.n.01"", ""paraffin.n.01"", ""shopping_cart.n.01""]","[""grocery_store""]","[""inroom"", ""inside"", ""ontop""]",python /home/anuriha/BEHAVIOR-1K/OmniGibson/omnigibson/learning/eval.py log_path=./logs/buy_candle_making_supplies_eval policy=websocket task.name=buy_candle_making_supplies task.activity_definition_id=0 eval_instance_ids='[0]' model.host=localhost
buy_dog_food,0,[0],buy_dog_food-0,omnigibson,/home/anuriha/BEHAVIOR-1K/bddl3/bddl/activity_definitions/buy_dog_food/problem0.bddl,R1Pro,--robot-type,7,"[""agent.n.01"", ""can__of__dog_food.n.01"", ""checkout.n.03"", ""floor.n.01"", ""grocery_shelf.n.01"", ""money.n.01"", ""shopping_cart.n.01""]","[""grocery_store""]","[""inroom"", ""inside"", ""ontop""]",python /home/anuriha/BEHAVIOR-1K/OmniGibson/omnigibson/learning/eval.py log_path=./logs/buy_dog_food_eval policy=websocket task.name=buy_dog_food task.activity_definition_id=0 eval_instance_ids='[0]' model.host=localhost
buy_eggs,0,[0],buy_eggs-0,omnigibson,/home/anuriha/BEHAVIOR-1K/bddl3/bddl/activity_definitions/buy_eggs/problem0.bddl,R1Pro,--robot-type,13,"[""agent.n.01"", ""checkout.n.03"", ""egg.n.02"", ""floor.n.01"", ""grocery_shelf.n.01"", ""money.n.01"", ""shopping_cart.n.01"", ""tray.n.01""]","[""grocery_store""]","[""inroom"", ""inside"", ""ontop""]",python /home/anuriha/BEHAVIOR-1K/OmniGibson/omnigibson/learning/eval.py log_path=./logs/buy_eggs_eval policy=websocket task.name=buy_eggs task.activity_definition_id=0 eval_instance_ids='[0]' model.host=localhost
buy_fish,0,[0],buy_fish-0,omnigibson,/home/anuriha/BEHAVIOR-1K/bddl3/bddl/activity_definitions/buy_fish/problem0.bddl,R1Pro,--robot-type,7,"[""agent.n.01"", ""checkout.n.03"", ""disinfectant.n.01"", ""floor.n.01"", ""grocery_shelf.n.01"", ""money.n.01"", ""salmon.n.03""]","[""grocery_store""]","[""covered"", ""inroom"", ""ontop""]",python /home/anuriha/BEHAVIOR-1K/OmniGibson/omnigibson/learning/eval.py log_path=./logs/buy_fish_eval policy=websocket task.name=buy_fish task.activity_definition_id=0 eval_instance_ids='[0]' model.host=localhost
buy_food_for_a_party,0,[0],buy_food_for_a_party-0,omnigibson,/home/anuriha/BEHAVIOR-1K/bddl3/bddl/activity_definitions/buy_food_for_a_party/problem0.bddl,R1Pro,--robot-type,18,"[""agent.n.01"", ""bottle__of__apple_juice.n.01"", ""carton__of__milk.n.01"", ""cash_register.n.01"", ""checkout.n.03"", ""chocolate_cake.n.01"", ""floor.n.01"", ""grocery_shelf.n.01"", ""money.n.01"", ""pack__of__pasta.n.01"", ""shopping_cart.n.01""]","[""grocery_store""]","[""inroom"", ""inside"", ""ontop""]",python /home/anuriha/BEHAVIOR-1K/OmniGibson/omnigibson/learning/eval.py log_path=./logs/buy_food_for_a_party_eval policy=websocket task.name=buy_food_for_a_party task.activity_definition_id=0 eval_instance_ids='[0]' model.host=localhost
buy_food_for_camping,0,[0],buy_food_for_camping-0,omnigibson,/home/anuriha/BEHAVIOR-1K/bddl3/bddl/activity_definitions/buy_food_for_camping/problem0.bddl,R1Pro,--robot-type,21,"[""agent.n.01"", ""bottle__of__soda.n.01"", ""canned_food.n.01"", ""cash_register.n.01"", ""checkout.n.03"", ""chocolate_chip_cookie.n.01"", ""floor.n.01"", ""grocery_shelf.n.01"", ""hotdog.n.02"", ""money.n.01"", ""water_bottle.n.01""]","[""grocery_store""]","[""inroom"", ""nextto"", ""ontop""]",python /home/anuriha/BEHAVIOR-1K/OmniGibson/omnigibson/learning/eval.py log_path=./logs/buy_food_for_camping_eval policy=websocket task.name=buy_food_for_camping task.activity_definition_id=0 eval_instance_ids='[0]' model.host=localhost
buy_good_chocolate,0,[0],buy_good_chocolate-0,omnigibson,/home/anuriha/BEHAVIOR-1K/bddl3/bddl/activity_definitions/buy_good_chocolate/problem0.bddl,R1Pro,--robot-type,13,"[""agent.n.01"", ""bottle__of__cocoa.n.01"", ""box__of__chocolates.n.01"", ""cash_register.n.01"", ""checkout.n.03"", ""floor.n.01"", ""grocery_shelf.n.01"", ""money.n.01"", ""sack.n.01"", ""shopping_cart.n.01""]","[""grocery_store""]","[""inroom"", ""inside"", ""ontop""]",python /home/anuriha/BEHAVIOR-1K/OmniGibson/omnigibson/learning/eval.py log_path=./logs/buy_good_chocolate_eval policy=websocket task.name=buy_good_chocolate task.activity_definition_id=0 eval_instance_ids='[0]' model.host=localhost
buy_home_use_medical_supplies,0,[0],buy_home_use_medical_supplies-0,omnigibson,/home/anuriha/BEHAVIOR-1K/bddl3/bddl/activity_definitions/buy_home_use_medical_supplies/problem0.bddl,R1Pro,--robot-type,14,"[""agent.n.01"", ""bandage.n.01"", ""bottle__of__antihistamines.n.01"", ""bottle__of__aspirin.n.01"", ""cash_register.n.01"", ""checkout.n.03"", ""credit_card.n.01"", ""first-aid_kit.n.01"", ""floor.n.01"", ""grocery_shelf.n.01"", ""sack.n.01"", ""shopping_cart.n.01""]","[""grocery_store""]","[""inroom"", ""inside"", ""nextto"", ""ontop""]",python /home/anuriha/BEHAVIOR-1K/OmniGibson/omnigibson/learning/eval.py log_path=./logs/buy_home_use_medical_supplies_eval policy=websocket task.name=buy_home_use_medical_supplies task.activity_definition_id=0 eval_instance_ids='[0]' model.host=localhost
buy_meat_from_a_butcher,0,[0],buy_meat_from_a_butcher-0,omnigibson,/home/anuriha/BEHAVIOR-1K/bddl3/bddl/activity_definitions/buy_meat_from_a_butcher/problem0.bddl,R1Pro,--robot-type,18,"[""agent.n.01"", ""bratwurst.n.01"", ""brisket.n.01"", ""cash_register.n.01"", ""checkout.n.03"", ""floor.n.01"", ""grocery_shelf.n.01"", ""money.n.01"", ""pack__of__ground_beef.n.01"", ""steak.n.01""]","[""grocery_store""]","[""inroom"", ""nextto"", ""ontop""]",python /home/anuriha/BEHAVIOR-1K/OmniGibson/omnigibson/learning/eval.py log_path=./logs/buy_meat_from_a_butcher_eval policy=websocket task.name=buy_meat_from_a_butcher task.activity_definition_id=0 eval_instance_ids='[0]' model.host=localhost
buy_mulch,0,[0],buy_mulch-0,omnigibson,/home/anuriha/BEHAVIOR-1K/bddl3/bddl/activity_definitions/buy_mulch/problem0.bddl,R1Pro,--robot-type,14,"[""agent.n.01"", ""bag__of__mulch.n.01"", ""cash_register.n.01"", ""checkout.n.03"", ""floor.n.01"", ""grocery_shelf.n.01"", ""money.n.01"", ""pot_plant.n.01"", ""shopping_cart.n.01""]","[""grocery_store""]","[""inroom"", ""inside"", ""nextto"", ""ontop""]",python /home/anuriha/BEHAVIOR-1K/OmniGibson/omnigibson/learning/eval.py log_path=./logs/buy_mulch_eval policy=websocket task.name=buy_mulch task.activity_definition_id=0 eval_instance_ids='[0]' model.host=localhost
buy_natural_beef,0,[0],buy_natural_beef-0,omnigibson,/home/anuriha/BEHAVIOR-1K/bddl3/bddl/activity_definitions/buy_natural_beef/problem0.bddl,R1Pro,--robot-type,11,"[""agent.n.01"", ""cash_register.n.01"", ""checkout.n.03"", ""floor.n.01"", ""grocery_fridge.n.01"", ""money.n.01"", ""pack__of__ground_beef.n.01""]","[""grocery_store""]","[""inroom"", ""inside"", ""nextto"", ""ontop""]",python /home/anuriha/BEHAVIOR-1K/OmniGibson/omnigibson/learning/eval.py log_path=./logs/buy_natural_beef_eval policy=websocket task.name=buy_natural_beef task.activity_definition_id=0 eval_instance_ids='[0]' model.host=localhost
buy_natural_supplements,0,[0],buy_natural_supplements-0,omnigibson,/home/anuriha/BEHAVIOR-1K/bddl3/bddl/activity_definitions/buy_natural_supplements/problem0.bddl,R1Pro,--robot-type,14,"[""agent.n.01"", ""bottle__of__supplements.n.01"", ""cash_register.n.01"", ""checkout.n.03"", ""floor.n.01"", ""grocery_shelf.n.01"", ""money.n.01"", ""sack.n.01""]","[""grocery_store""]","[""inroom"", ""nextto"", ""ontop""]",python /home/anuriha/BEHAVIOR-1K/OmniGibson/omnigibson/learning/eval.py log_path=./logs/buy_natural_supplements_eval policy=websocket task.name=buy_natural_supplements task.activity_definition_id=0 eval_instance_ids='[0]' model.host=localhost
buy_pet_food_for_less,0,[0],buy_pet_food_for_less-0,omnigibson,/home/anuriha/BEHAVIOR-1K/bddl3/bddl/activity_definitions/buy_pet_food_for_less/problem0.bddl,R1Pro,--robot-type,14,"[""agent.n.01"", ""can__of__dog_food.n.01"", ""canned_food.n.01"", ""cash_register.n.01"", ""checkout.n.03"", ""floor.n.01"", ""grocery_shelf.n.01"", ""money.n.01"", ""shopping_cart.n.01""]","[""grocery_store""]","[""inroom"", ""inside"", ""ontop""]",python /home/anuriha/BEHAVIOR-1K/OmniGibson/omnigibson/learning/eval.py log_path=./logs/buy_pet_food_for_less_eval policy=websocket task.name=buy_pet_food_for_less task.activity_definition_id=0 eval_instance_ids='[0]' model.host=localhost
buy_rechargeable_batteries,0,[0],buy_rechargeable_batteries-0,omnigibson,/home/anuriha/BEHAVIOR-1K/bddl3/bddl/activity_definitions/buy_rechargeable_batteries/problem0.bddl,R1Pro,--robot-type,13,"[""agent.n.01"", ""battery.n.02"", ""cash_register.n.01"", ""charger.n.02"", ""checkout.n.03"", ""floor.n.01"", ""grocery_shelf.n.01"", ""money.n.01"", ""sack.n.01"", ""shopping_cart.n.01""]","[""grocery_store""]","[""inroom"", ""inside"", ""ontop""]",python /home/anuriha/BEHAVIOR-1K/OmniGibson/omnigibson/learning/eval.py log_path=./logs/buy_rechargeable_batteries_eval policy=websocket task.name=buy_rechargeable_batteries task.activity_definition_id=0 eval_instance_ids='[0]' model.host=localhost
buy_salad_greens,0,[0],buy_salad_greens-0,omnigibson,/home/anuriha/BEHAVIOR-1K/bddl3/bddl/activity_definitions/buy_salad_greens/problem0.bddl,R1Pro,--robot-type,10,"[""agent.n.01"", ""cash_register.n.01"", ""checkout.n.03"", ""floor.n.01"", ""grocery_shelf.n.01"", ""lettuce.n.03"", ""money.n.01"", ""sack.n.01"", ""spinach.n.02""]","[""grocery_store""]","[""inroom"", ""inside"", ""ontop""]",python /home/anuriha/BEHAVIOR-1K/OmniGibson/omnigibson/learning/eval.py log_path=./logs/buy_salad_greens_eval policy=websocket task.name=buy_salad_greens task.activity_definition_id=0 eval_instance_ids='[0]' model.host=localhost
buy_school_supplies,0,[0],buy_school_supplies-0,omnigibson,/home/anuriha/BEHAVIOR-1K/bddl3/bddl/activity_definitions/buy_school_supplies/problem0.bddl,R1Pro,--robot-type,19,"[""agent.n.01"", ""backpack.n.01"", ""bottle__of__glue.n.01"", ""cash_register.n.01"", ""checkout.n.03"", ""crayon.n.01"", ""eraser.n.01"", ""floor.n.01"", ""grocery_shelf.n.01"", ""money.n.01"", ""notebook.n.01"", ""pencil.n.01"", ""pencil_box.n.01""]","[""grocery_store""]","[""inroom"", ""nextto"", ""ontop""]",python /home/anuriha/BEHAVIOR-1K/OmniGibson/omnigibson/learning/eval.py log_path=./logs/buy_school_supplies_eval policy=websocket task.name=buy_school_supplies task.activity_definition_id=0 eval_instance_ids='[0]' model.host=localhost
buy_school_supplies_for_high_school,0,[0],buy_school_supplies_for_high_school-0,omnigibson,/home/anuriha/BEHAVIOR-1K/bddl3/bddl/activity_definitions/buy_school_supplies_for_high_school/problem0.bddl,R1Pro,--robot-type,18,"[""agent.n.01"", ""backpack.n.01"", ""calculator.n.02"", ""cash_register.n.01"", ""checkout.n.03"", ""floor.n.01"", ""grocery_shelf.n.01"", ""laptop.n.01"", ""money.n.01"", ""notebook.n.01"", ""pen.n.01"", ""pencil.n.01"", ""shopping_cart.n.01""]","[""grocery_store""]","[""inroom"", ""inside"", ""ontop""]",python /home/anuriha/BEHAVIOR-1K/OmniGibson/omnigibson/learning/eval.py log_path=./logs/buy_school_supplies_for_high_school_eval policy=websocket task.name=buy_school_supplies_for_high_school task.activity_definition_id=0 eval_instance_ids='[0]' model.host=localhost
buy_used_gardening_equipment,0,[0],buy_used_gardening_equipment-0,omnigibson,/home/anuriha/BEHAVIOR-1K/bddl3/bddl/activity_definitions/buy_used_gardening_equipment/problem0.bddl,R1Pro,--robot-type,14,"[""agent.n.01"", ""cash_register.n.01"", ""checkout.n.03"", ""floor.n.01"", ""glove.n.02"", ""grocery_shelf.n.01"", ""money.n.01"", ""pruner.n.02"", ""trowel.n.01"", ""watering_can.n.01""]","[""grocery_store""]","[""inroom"", ""nextto"", ""ontop""]",python /home/anuriha/BEHAVIOR-1K/OmniGibson/omnigibson/learning/eval.py log_path=./logs/buy_used_gardening_equipment_eval policy=websocket task.name=buy_used_gardening_equipment task.activity_definition_id=0 eval_instance_ids='[0]' model.host=localhost
buying_cleaning_supplies,0,[0],buying_cleaning_supplies-0,omnigibson,/home/anuriha/BEHAVIOR-1K/bddl3/bddl/activity_definitions/buying_cleaning_supplies/problem0.bddl,R1Pro,--robot-type,18,"[""agent.n.01"", ""atomizer.n.01"", ""bottle__of__liquid_soap.n.01"", ""cash_register.n.01"", ""checkout.n.03"", ""floor.n.01"", ""grocery_shelf.n.01"", ""money.n.01"", ""rag.n.01"", ""scrub_brush.n.01"", ""shopping_cart.n.01"", ""vacuum.n.04""]","[""grocery_store""]","[""inroom"", ""inside"", ""ontop""]",python /home/anuriha/BEHAVIOR-1K/OmniGibson/omnigibson/learning/eval.py log_path=./logs/buying_cleaning_supplies_eval policy=websocket task.name=buying_cleaning_supplies task.activity_definition_id=0 eval_instance_ids='[0]' model.host=localhost
buying_everyday_consumer_goods,0,[0],buying_everyday_consumer_goods-0,omnigibson,/home/anuriha/BEHAVIOR-1K/bddl3/bddl/activity_definitions/buying_everyday_consumer_goods/problem0.bddl,R1Pro,--robot-type,15,"[""agent.n.01"", ""apple.n.01"", ""bottle__of__milk.n.01"", ""cash_register.n.01"", ""checkout.n.03"", ""credit_card.n.01"", ""floor.n.01"", ""grocery_shelf.n.01"", ""pineapple.n.02"", ""sack.n.01""]","[""grocery_store""]","[""inroom"", ""inside"", ""nextto"", ""ontop""]",python /home/anuriha/BEHAVIOR-1K/OmniGibson/omnigibson/learning/eval.py log_path=./logs/buying_everyday_consumer_goods_eval policy=websocket task.name=buying_everyday_consumer_goods task.activity_definition_id=0 eval_instance_ids='[0]' model.host=localhost
buying_fast_food,0,[0],buying_fast_food-0,omnigibson,/home/anuriha/BEHAVIOR-1K/bddl3/bddl/activity_definitions/buying_fast_food/problem0.bddl,R1Pro,--robot-type,15,"[""agent.n.01"", ""can__of__soda.n.01"", ""cash_register.n.01"", ""checkout.n.03"", ""credit_card.n.01"", ""floor.n.01"", ""french_fries.n.02"", ""grocery_shelf.n.01"", ""hamburger.n.01"", ""shopping_basket.n.01""]","[""grocery_store""]","[""inroom"", ""inside"", ""nextto"", ""ontop""]",python /home/anuriha/BEHAVIOR-1K/OmniGibson/omnigibson/learning/eval.py log_path=./logs/buying_fast_food_eval policy=websocket task.name=buying_fast_food task.activity_definition_id=0 eval_instance_ids='[0]' model.host=localhost
buying_gardening_supplies,0,[0],buying_gardening_supplies-0,omnigibson,/home/anuriha/BEHAVIOR-1K/bddl3/bddl/activity_definitions/buying_gardening_supplies/problem0.bddl,R1Pro,--robot-type,18,"[""agent.n.01"", ""bag__of__mulch.n.01"", ""cash_register.n.01"", ""checkout.n.03"", ""fertilizer__atomizer.n.01"", ""floor.n.01"", ""grocery_shelf.n.01"", ""money.n.01"", ""pot_plant.n.01"", ""pruner.n.02"", ""rake.n.03"", ""shears.n.01"", ""shovel.n.01""]","[""grocery_store""]","[""inroom"", ""nextto"", ""ontop""]",python /home/anuriha/BEHAVIOR-1K/OmniGibson/omnigibson/learning/eval.py log_path=./logs/buying_gardening_supplies_eval policy=websocket task.name=buying_gardening_supplies task.activity_definition_id=0 eval_instance_ids='[0]' model.host=localhost
buying_groceries,0,[0],buying_groceries-0,omnigibson,/home/anuriha/BEHAVIOR-1K/bddl3/bddl/activity_definitions/buying_groceries/problem0.bddl,R1Pro,--robot-type,22,"[""agent.n.01"", ""bag__of__brown_rice.n.01"", ""banana.n.02"", ""bottle__of__apple_juice.n.01"", ""bottle__of__peanut_butter.n.01"", ""carton__of__milk.n.01"", ""cash_register.n.01"", ""checkout.n.03"", ""floor.n.01"", ""grocery_shelf.n.01"", ""money.n.01"", ""prawn.n.01"", ""sack.n.01"", ""shopping_cart.n.01""]","[""grocery_store""]","[""inroom"", ""inside"", ""ontop""]",python /home/anuriha/BEHAVIOR-1K/OmniGibson/omnigibson/learning/eval.py log_path=./logs/buying_groceries_eval policy=websocket task.name=buying_groceries task.activity_definition_id=0 eval_instance_ids='[0]' model.host=localhost
buying_groceries_for_a_feast,0,[0],buying_groceries_for_a_feast-0,omnigibson,/home/anuriha/BEHAVIOR-1K/bddl3/bddl/activity_definitions/buying_groceries_for_a_feast/problem0.bddl,R1Pro,--robot-type,16,"[""agent.n.01"", ""cash_register.n.01"", ""checkout.n.03"", ""floor.n.01"", ""grocery.n.02"", ""grocery_shelf.n.01"", ""money.n.01"", ""shopping_cart.n.01""]","[""grocery_store""]","[""inroom"", ""inside"", ""ontop""]",python /home/anuriha/BEHAVIOR-1K/OmniGibson/omnigibson/learning/eval.py log_path=./logs/buying_groceries_for_a_feast_eval policy=websocket task.name=buying_groceries_for_a_feast task.activity_definition_id=0 eval_instance_ids='[0]' model.host=localhost
buying_office_supplies,0,[0],buying_office_supplies-0,omnigibson,/home/anuriha/BEHAVIOR-1K/bddl3/bddl/activity_definitions/buying_office_supplies/problem0.bddl,R1Pro,--robot-type,10,"[""agent.n.01"", ""cash_register.n.01"", ""checkout.n.03"", ""credit_card.n.01"", ""eraser.n.01"", ""floor.n.01"", ""grocery_shelf.n.01"", ""pen.n.01"", ""pencil.n.01"", ""tape.n.01""]","[""grocery_store""]","[""inroom"", ""inside"", ""ontop""]",python /home/anuriha/BEHAVIOR-1K/OmniGibson/omnigibson/learning/eval.py log_path=./logs/buying_office_supplies_eval policy=websocket task.name=buying_office_supplies task.activity_definition_id=0 eval_instance_ids='[0]' model.host=localhost
buying_postage_stamps,0,[0],buying_postage_stamps-0,omnigibson,/home/anuriha/BEHAVIOR-1K/bddl3/bddl/activity_definitions/buying_postage_stamps/problem0.bddl,R1Pro,--robot-type,9,"[""agent.n.01"", ""cash_register.n.01"", ""checkout.n.03"", ""floor.n.01"", ""money.n.01"", ""postage.n.02""]","[""grocery_store""]","[""inroom"", ""inside"", ""ontop""]",python /home/anuriha/BEHAVIOR-1K/OmniGibson/omnigibson/learning/eval.py log_path=./logs/buying_postage_stamps_eval policy=websocket task.name=buying_postage_stamps task.activity_definition_id=0 eval_instance_ids='[0]' model.host=localhost
can_beans,0,[0],can_beans-0,omnigibson,/home/anuriha/BEHAVIOR-1K/bddl3/bddl/activity_definitions/can_beans/problem0.bddl,R1Pro,--robot-type,10,"[""agent.n.01"", ""black_bean.n.01"", ""canister.n.02"", ""countertop.n.01"", ""floor.n.01"", ""sink.n.01"", ""soup_ladle.n.01"", ""stockpot.n.01""]","[""kitchen""]","[""filled"", ""inroom"", ""inside"", ""ontop""]",python /home/anuriha/BEHAVIOR-1K/OmniGibson/omnigibson/learning/eval.py log_path=./logs/can_beans_eval policy=websocket task.name=can_beans task.activity_definition_id=0 eval_instance_ids='[0]' model.host=localhost
can_fruit,0,[0],can_fruit-0,omnigibson,/home/anuriha/BEHAVIOR-1K/bddl3/bddl/activity_definitions/can_fruit/problem0.bddl,R1Pro,--robot-type,13,"[""agent.n.01"", ""cabinet.n.01"", ""countertop.n.01"", ""electric_refrigerator.n.01"", ""floor.n.01"", ""hinged_jar.n.01"", ""peach.n.03"", ""stockpot.n.01"", ""water.n.06""]","[""kitchen""]","[""filled"", ""inroom"", ""inside"", ""ontop"", ""open""]",python /home/anuriha/BEHAVIOR-1K/OmniGibson/omnigibson/learning/eval.py log_path=./logs/can_fruit_eval policy=websocket task.name=can_fruit task.activity_definition_id=0 eval_instance_ids='[0]' model.host=localhost
can_meat,0,[0],can_meat-0,omnigibson,/home/anuriha/BEHAVIOR-1K/bddl3/bddl/activity_definitions/can_meat/problem0.bddl,R1Pro,--robot-type,11,"[""agent.n.01"", ""bratwurst.n.01"", ""cabinet.n.01"", ""chopping_board.n.01"", ""countertop.n.01"", ""floor.n.01"", ""hinged_jar.n.01""]","[""kitchen""]","[""cooked"", ""inroom"", ""inside"", ""ontop"", ""open""]",python /home/anuriha/BEHAVIOR-1K/OmniGibson/omnigibson/learning/eval.py log_path=./logs/can_meat_eval policy=websocket task.name=can_meat task.activity_definition_id=0 eval_instance_ids='[0]' model.host=localhost
can_syrup,0,[0],can_syrup-0,omnigibson,/home/anuriha/BEHAVIOR-1K/bddl3/bddl/activity_definitions/can_syrup/problem0.bddl,R1Pro,--robot-type,12,"[""agent.n.01"", ""cabinet.n.01"", ""floor.n.01"", ""hingeless_jar.n.01"", ""lid.n.02"", ""maple_syrup.n.01"", ""stockpot.n.01"", ""stove.n.01""]","[""kitchen""]","[""attached"", ""filled"", ""inroom"", ""inside"", ""ontop"", ""toggled_on""]",python /home/anuriha/BEHAVIOR-1K/OmniGibson/omnigibson/learning/eval.py log_path=./logs/can_syrup_eval policy=websocket task.name=can_syrup task.activity_definition_id=0 eval_instance_ids='[0]' model.host=localhost
can_vegetables,0,[0],can_vegetables-0,omnigibson,/home/anuriha/BEHAVIOR-1K/bddl3/bddl/activity_definitions/can_vegetables/problem0.bddl,R1Pro,--robot-type,15,"[""agent.n.01"", ""asparagus.n.02"", ""cabinet.n.01"", ""carving_knife.n.01"", ""chopping_board.n.01"", ""countertop.n.01"", ""floor.n.01"", ""hingeless_jar.n.01"", ""lid.n.02""]","[""kitchen""]","[""attached"", ""inroom"", ""inside"", ""ontop""]",python /home/anuriha/BEHAVIOR-1K/OmniGibson/omnigibson/learning/eval.py log_path=./logs/can_vegetables_eval policy=websocket task.name=can_vegetables task.activity_definition_id=0 eval_instance_ids='[0]' model.host=localhost
canning_food,0,[0],canning_food-0,omnigibson,/home/anuriha/BEHAVIOR-1K/bddl3/bddl/activity_definitions/canning_food/problem0.bddl,R1Pro,--robot-type,13,"[""agent.n.01"", ""bowl.n.01"", ""cabinet.n.01"", ""carving_knife.n.01"", ""chopping_board.n.01"", ""countertop.n.01"", ""diced__pineapple.n.01"", ""diced__steak.n.01"", ""electric_refrigerator.n.01"", ""floor.n.01"", ""pineapple.n.02"", ""steak.n.01""]","[""kitchen""]","[""contains"", ""filled"", ""future"", ""inroom"", ""inside"", ""ontop"", ""open"", ""real""]",python /home/anuriha/BEHAVIOR-1K/OmniGibson/omnigibson/learning/eval.py log_path=./logs/canning_food_eval policy=websocket task.name=canning_food task.activity_definition_id=0 eval_instance_ids='[0]' model.host=localhost
carrying_in_groceries,0,[0],carrying_in_groceries-0,omnigibson,/home/anuriha/BEHAVIOR-1K/bddl3/bddl/activity_definitions/carrying_in_groceries/problem0.bddl,R1Pro,--robot-type,8,"[""agent.n.01"", ""beefsteak_tomato.n.01"", ""car.n.01"", ""carton__of__milk.n.01"", ""electric_refrigerator.n.01"", ""floor.n.01"", ""sack.n.01""]","[""garage"", ""kitchen""]","[""inroom"", ""inside"", ""ontop"", ""open""]",python /home/anuriha/BEHAVIOR-1K/OmniGibson/omnigibson/learning/eval.py log_path=./logs/carrying_in_groceries_eval policy=websocket task.name=carrying_in_groceries task.activity_definition_id=0 eval_instance_ids='[0]' model.host=localhost
carrying_out_garden_furniture,0,[0],carrying_out_garden_furniture-0,omnigibson,/home/anuriha/BEHAVIOR-1K/bddl3/bddl/activity_definitions/carrying_out_garden_furniture/problem0.bddl,R1Pro,--robot-type,6,"[""agent.n.01"", ""barrow.n.03"", ""floor.n.01"", ""lawn.n.01"", ""lawn_chair.n.01""]","[""garden"", ""living_room""]","[""inroom"", ""ontop""]",python /home/anuriha/BEHAVIOR-1K/OmniGibson/omnigibson/learning/eval.py log_path=./logs/carrying_out_garden_furniture_eval policy=websocket task.name=carrying_out_garden_furniture task.activity_definition_id=0 eval_instance_ids='[0]' model.host=localhost
carrying_water,0,[0],carrying_water-0,omnigibson,/home/anuriha/BEHAVIOR-1K/bddl3/bddl/activity_definitions/carrying_water/problem0.bddl,R1Pro,--robot-type,8,"[""agent.n.01"", ""backpack.n.01"", ""floor.n.01"", ""shelf.n.01"", ""sink.n.01"", ""water.n.06"", ""water_bottle.n.01""]","[""bathroom"", ""kitchen""]","[""filled"", ""inroom"", ""insource"", ""nextto"", ""ontop""]",python /home/anuriha/BEHAVIOR-1K/OmniGibson/omnigibson/learning/eval.py log_path=./logs/carrying_water_eval policy=websocket task.name=carrying_water task.activity_definition_id=0 eval_instance_ids='[0]' model.host=localhost
changing_bulbs,0,[0],changing_bulbs-0,omnigibson,/home/anuriha/BEHAVIOR-1K/bddl3/bddl/activity_definitions/changing_bulbs/problem0.bddl,R1Pro,--robot-type,6,"[""agent.n.01"", ""broken__light_bulb.n.01"", ""coffee_table.n.01"", ""floor.n.01"", ""light_bulb.n.01"", ""table_lamp.n.01""]","[""living_room""]","[""attached"", ""inroom"", ""ontop""]",python /home/anuriha/BEHAVIOR-1K/OmniGibson/omnigibson/learning/eval.py log_path=./logs/changing_bulbs_eval policy=websocket task.name=changing_bulbs task.activity_definition_id=0 eval_instance_ids='[0]' model.host=localhost
changing_dogs_water,0,[0],changing_dogs_water-0,omnigibson,/home/anuriha/BEHAVIOR-1K/bddl3/bddl/activity_definitions/changing_dogs_water/problem0.bddl,R1Pro,--robot-type,5,"[""agent.n.01"", ""bowl.n.01"", ""floor.n.01"", ""sink.n.01"", ""water.n.06""]","[""kitchen"", ""living_room""]","[""filled"", ""inroom"", ""insource"", ""ontop""]",python /home/anuriha/BEHAVIOR-1K/OmniGibson/omnigibson/learning/eval.py log_path=./logs/changing_dogs_water_eval policy=websocket task.name=changing_dogs_water task.activity_definition_id=0 eval_instance_ids='[0]' model.host=localhost
changing_light_bulbs,0,[0],changing_light_bulbs-0,omnigibson,/home/anuriha/BEHAVIOR-1K/bddl3/bddl/activity_definitions/changing_light_bulbs/problem0.bddl,R1Pro,--robot-type,10,"[""agent.n.01"", ""breakfast_table.n.01"", ""broken__light_bulb.n.01"", ""floor.n.01"", ""light_bulb.n.01"", ""table_lamp.n.01""]","[""bedroom"", ""dining_room""]","[""attached"", ""inroom"", ""ontop"", ""toggled_on""]",python /home/anuriha/BEHAVIOR-1K/OmniGibson/omnigibson/learning/eval.py log_path=./logs/changing_light_bulbs_eval policy=websocket task.name=changing_light_bulbs task.activity_definition_id=0 eval_instance_ids='[0]' model.host=localhost
changing_sheets,0,[0],changing_sheets-0,omnigibson,/home/anuriha/BEHAVIOR-1K/bddl3/bddl/activity_definitions/changing_sheets/problem0.bddl,R1Pro,--robot-type,5,"[""agent.n.01"", ""bed.n.01"", ""floor.n.01"", ""sheet.n.03""]","[""bedroom""]","[""inroom"", ""ontop"", ""overlaid""]",python /home/anuriha/BEHAVIOR-1K/OmniGibson/omnigibson/learning/eval.py log_path=./logs/changing_sheets_eval policy=websocket task.name=changing_sheets task.activity_definition_id=0 eval_instance_ids='[0]' model.host=localhost
chlorinating_the_pool,0,[0],chlorinating_the_pool-0,omnigibson,/home/anuriha/BEHAVIOR-1K/bddl3/bddl/activity_definitions/chlorinating_the_pool/problem0.bddl,R1Pro,--robot-type,7,"[""agent.n.01"", ""bucket.n.01"", ""chlorine.n.01"", ""chlorine__bottle.n.01"", ""floor.n.01"", ""pool.n.01"", ""water.n.06""]","[""bathroom"", ""garden""]","[""covered"", ""filled"", ""inroom"", ""ontop""]",python /home/anuriha/BEHAVIOR-1K/OmniGibson/omnigibson/learning/eval.py log_path=./logs/chlorinating_the_pool_eval policy=websocket task.name=chlorinating_the_pool task.activity_definition_id=0 eval_instance_ids='[0]' model.host=localhost
chop_an_onion,0,[0],chop_an_onion-0,omnigibson,/home/anuriha/BEHAVIOR-1K/bddl3/bddl/activity_definitions/chop_an_onion/problem0.bddl,R1Pro,--robot-type,9,"[""agent.n.01"", ""bowl.n.01"", ""chopping_board.n.01"", ""countertop.n.01"", ""diced__vidalia_onion.n.01"", ""floor.n.01"", ""parer.n.02"", ""sink.n.01"", ""vidalia_onion.n.01""]","[""kitchen""]","[""contains"", ""future"", ""inroom"", ""inside"", ""ontop"", ""real""]",python /home/anuriha/BEHAVIOR-1K/OmniGibson/omnigibson/learning/eval.py log_path=./logs/chop_an_onion_eval policy=websocket task.name=chop_an_onion task.activity_definition_id=0 eval_instance_ids='[0]' model.host=localhost
chopping_wood,0,[0],chopping_wood-0,omnigibson,/home/anuriha/BEHAVIOR-1K/bddl3/bddl/activity_definitions/chopping_wood/problem0.bddl,R1Pro,--robot-type,16,"[""agent.n.01"", ""ax.n.01"", ""chopping_block.n.01"", ""driveway.n.01"", ""half__log.n.01"", ""log.n.01""]","[""garden""]","[""future"", ""inroom"", ""ontop"", ""real""]",python /home/anuriha/BEHAVIOR-1K/OmniGibson/omnigibson/learning/eval.py log_path=./logs/chopping_wood_eval policy=websocket task.name=chopping_wood task.activity_definition_id=0 eval_instance_ids='[0]' model.host=localhost
clean_a_LED_screen,0,[0],clean_a_LED_screen-0,omnigibson,/home/anuriha/BEHAVIOR-1K/bddl3/bddl/activity_definitions/clean_a_LED_screen/problem0.bddl,R1Pro,--robot-type,5,"[""agent.n.01"", ""dust.n.01"", ""floor.n.01"", ""rag.n.01"", ""television_receiver.n.01""]","[""living_room""]","[""covered"", ""inroom"", ""ontop""]",python /home/anuriha/BEHAVIOR-1K/OmniGibson/omnigibson/learning/eval.py log_path=./logs/clean_a_LED_screen_eval policy=websocket task.name=clean_a_LED_screen task.activity_definition_id=0 eval_instance_ids='[0]' model.host=localhost
clean_a_air_conditioner,0,[0],clean_a_air_conditioner-0,omnigibson,/home/anuriha/BEHAVIOR-1K/bddl3/bddl/activity_definitions/clean_a_air_conditioner/problem0.bddl,R1Pro,--robot-type,6,"[""agent.n.01"", ""air_conditioner.n.01"", ""breakfast_table.n.01"", ""dust.n.01"", ""floor.n.01"", ""rag.n.01""]","[""dining_room""]","[""covered"", ""inroom"", ""ontop"", ""toggled_on""]",python /home/anuriha/BEHAVIOR-1K/OmniGibson/omnigibson/learning/eval.py log_path=./logs/clean_a_air_conditioner_eval policy=websocket task.name=clean_a_air_conditioner task.activity_definition_id=0 eval_instance_ids='[0]' model.host=localhost
clean_a_backpack,0,[0],clean_a_backpack-0,omnigibson,/home/anuriha/BEHAVIOR-1K/bddl3/bddl/activity_definitions/clean_a_backpack/problem0.bddl,R1Pro,--robot-type,13,"[""agent.n.01"", ""backpack.n.01"", ""bucket.n.01"", ""clothes_dryer.n.01"", ""detergent.n.02"", ""detergent__bottle.n.01"", ""dust.n.01"", ""floor.n.01"", ""hand_towel.n.01"", ""rag.n.01"", ""sponge.n.01"", ""washer.n.03"", ""water.n.06""]","[""utility_room""]","[""covered"", ""filled"", ""inroom"", ""ontop""]",python /home/anuriha/BEHAVIOR-1K/OmniGibson/omnigibson/learning/eval.py log_path=./logs/clean_a_backpack_eval policy=websocket task.name=clean_a_backpack task.activity_definition_id=0 eval_instance_ids='[0]' model.host=localhost
clean_a_baking_stone,0,[0],clean_a_baking_stone-0,omnigibson,/home/anuriha/BEHAVIOR-1K/bddl3/bddl/activity_definitions/clean_a_baking_stone/problem0.bddl,R1Pro,--robot-type,11,"[""agent.n.01"", ""cookie_sheet.n.01"", ""countertop.n.01"", ""crumb.n.03"", ""floor.n.01"", ""liquid_soap.n.01"", ""liquid_soap__bottle.n.01"", ""rag.n.01"", ""sink.n.01"", ""stain.n.01"", ""water.n.06""]","[""kitchen""]","[""covered"", ""filled"", ""inroom"", ""insource"", ""ontop""]",python /home/anuriha/BEHAVIOR-1K/OmniGibson/omnigibson/learning/eval.py log_path=./logs/clean_a_baking_stone_eval policy=websocket task.name=clean_a_baking_stone task.activity_definition_id=0 eval_instance_ids='[0]' model.host=localhost
clean_a_baseball_glove,0,[0],clean_a_baseball_glove-0,omnigibson,/home/anuriha/BEHAVIOR-1K/bddl3/bddl/activity_definitions/clean_a_baseball_glove/problem0.bddl,R1Pro,--robot-type,11,"[""agent.n.01"", ""baseball_glove.n.01"", ""disinfectant.n.01"", ""disinfectant__bottle.n.01"", ""floor.n.01"", ""mud.n.03"", ""rag.n.01"", ""saddle_soap.n.01"", ""sink.n.01"", ""water.n.06""]","[""bathroom""]","[""covered"", ""filled"", ""inroom"", ""insource"", ""ontop""]",python /home/anuriha/BEHAVIOR-1K/OmniGibson/omnigibson/learning/eval.py log_path=./logs/clean_a_baseball_glove_eval policy=websocket task.name=clean_a_baseball_glove task.activity_definition_id=0 eval_instance_ids='[0]' model.host=localhost
clean_a_beer_keg,0,[0],clean_a_beer_keg-0,omnigibson,/home/anuriha/BEHAVIOR-1K/bddl3/bddl/activity_definitions/clean_a_beer_keg/problem0.bddl,R1Pro,--robot-type,10,"[""agent.n.01"", ""beer.n.01"", ""beer_barrel.n.01"", ""countertop.n.01"", ""disinfectant.n.01"", ""disinfectant__bottle.n.01"", ""floor.n.01"", ""hand_towel.n.01"", ""sink.n.01"", ""water.n.06""]","[""kitchen""]","[""covered"", ""filled"", ""inroom"", ""insource"", ""ontop""]",python /home/anuriha/BEHAVIOR-1K/OmniGibson/omnigibson/learning/eval.py log_path=./logs/clean_a_beer_keg_eval policy=websocket task.name=clean_a_beer_keg task.activity_definition_id=0 eval_instance_ids='[0]' model.host=localhost
clean_a_bicycle_chain,0,[0],clean_a_bicycle_chain-0,omnigibson,/home/anuriha/BEHAVIOR-1K/bddl3/bddl/activity_definitions/clean_a_bicycle_chain/problem0.bddl,R1Pro,--robot-type,10,"[""agent.n.01"", ""bicycle.n.01"", ""dirt.n.02"", ""floor.n.01"", ""glove.n.02"", ""grease.n.01"", ""liquid_soap.n.01"", ""liquid_soap__bottle.n.01"", ""rag.n.01"", ""toothbrush.n.01""]","[""utility_room""]","[""covered"", ""filled"", ""inroom"", ""ontop""]",python /home/anuriha/BEHAVIOR-1K/OmniGibson/omnigibson/learning/eval.py log_path=./logs/clean_a_bicycle_chain_eval policy=websocket task.name=clean_a_bicycle_chain task.activity_definition_id=0 eval_instance_ids='[0]' model.host=localhost
clean_a_birdcage,0,[0],clean_a_birdcage-0,omnigibson,/home/anuriha/BEHAVIOR-1K/bddl3/bddl/activity_definitions/clean_a_birdcage/problem0.bddl,R1Pro,--robot-type,11,"[""agent.n.01"", ""birdcage.n.01"", ""disinfectant.n.01"", ""disinfectant__bottle.n.01"", ""floor.n.01"", ""liquid_soap.n.01"", ""liquid_soap__bottle.n.01"", ""mildew.n.02"", ""rag.n.01"", ""sink.n.01"", ""water.n.06""]","[""utility_room""]","[""covered"", ""filled"", ""inroom"", ""insource"", ""ontop""]",python /home/anuriha/BEHAVIOR-1K/OmniGibson/omnigibson/learning/eval.py log_path=./logs/clean_a_birdcage_eval policy=websocket task.name=clean_a_birdcage task.activity_definition_id=0 eval_instance_ids='[0]' model.host=localhost
clean_a_blender,0,[0],clean_a_blender-0,omnigibson,/home/anuriha/BEHAVIOR-1K/bddl3/bddl/activity_definitions/clean_a_blender/problem0.bddl,R1Pro,--robot-type,10,"[""agent.n.01"", ""blender.n.01"", ""carrot_juice.n.01"", ""countertop.n.01"", ""floor.n.01"", ""liquid_soap.n.01"", ""liquid_soap__bottle.n.01"", ""sink.n.01"", ""sponge.n.01"", ""water.n.06""]","[""kitchen""]","[""covered"", ""filled"", ""inroom"", ""insource"", ""ontop""]",python /home/anuriha/BEHAVIOR-1K/OmniGibson/omnigibson/learning/eval.py log_path=./logs/clean_a_blender_eval policy=websocket task.name=clean_a_blender task.activity_definition_id=0 eval_instance_ids='[0]' model.host=localhost
clean_a_book,0,[0],clean_a_book-0,omnigibson,/home/anuriha/BEHAVIOR-1K/bddl3/bddl/activity_definitions/clean_a_book/problem0.bddl,R1Pro,--robot-type,6,"[""agent.n.01"", ""book.n.02"", ""bookcase.n.01"", ""dust.n.01"", ""floor.n.01"", ""rag.n.01""]","[""living_room""]","[""covered"", ""inroom"", ""inside"", ""ontop""]",python /home/anuriha/BEHAVIOR-1K/OmniGibson/omnigibson/learning/eval.py log_path=./logs/clean_a_book_eval policy=websocket task.name=clean_a_book task.activity_definition_id=0 eval_instance_ids='[0]' model.host=localhost
clean_a_bowling_ball,0,[0],clean_a_bowling_ball-0,omnigibson,/home/anuriha/BEHAVIOR-1K/bddl3/bddl/activity_definitions/clean_a_bowling_ball/problem0.bddl,R1Pro,--robot-type,11,"[""agent.n.01"", ""bowling_ball.n.01"", ""bucket.n.01"", ""dust.n.01"", ""floor.n.01"", ""hand_towel.n.01"", ""polish.n.03"", ""polish__bottle.n.01"", ""rag.n.01"", ""sink.n.01"", ""water.n.06""]","[""bathroom""]","[""covered"", ""filled"", ""inroom"", ""insource"", ""ontop""]",python /home/anuriha/BEHAVIOR-1K/OmniGibson/omnigibson/learning/eval.py log_path=./logs/clean_a_bowling_ball_eval policy=websocket task.name=clean_a_bowling_ball task.activity_definition_id=0 eval_instance_ids='[0]' model.host=localhost
clean_a_box_fan,0,[0],clean_a_box_fan-0,omnigibson,/home/anuriha/BEHAVIOR-1K/bddl3/bddl/activity_definitions/clean_a_box_fan/problem0.bddl,R1Pro,--robot-type,7,"[""agent.n.01"", ""dust.n.01"", ""electric_fan.n.01"", ""floor.n.01"", ""paper_towel.n.01"", ""sink.n.01"", ""water.n.06""]","[""bathroom""]","[""covered"", ""inroom"", ""insource"", ""ontop""]",python /home/anuriha/BEHAVIOR-1K/OmniGibson/omnigibson/learning/eval.py log_path=./logs/clean_a_box_fan_eval policy=websocket task.name=clean_a_box_fan task.activity_definition_id=0 eval_instance_ids='[0]' model.host=localhost
clean_a_broiler_pan,0,[0],clean_a_broiler_pan-0,omnigibson,/home/anuriha/BEHAVIOR-1K/bddl3/bddl/activity_definitions/clean_a_broiler_pan/problem0.bddl,R1Pro,--robot-type,11,"[""agent.n.01"", ""countertop.n.01"", ""dish_rack.n.01"", ""floor.n.01"", ""grill.n.02"", ""liquid_soap.n.01"", ""liquid_soap__bottle.n.01"", ""sink.n.01"", ""sponge.n.01"", ""stain.n.01"", ""water.n.06""]","[""kitchen""]","[""covered"", ""filled"", ""inroom"", ""insource"", ""ontop""]",python /home/anuriha/BEHAVIOR-1K/OmniGibson/omnigibson/learning/eval.py log_path=./logs/clean_a_broiler_pan_eval policy=websocket task.name=clean_a_broiler_pan task.activity_definition_id=0 eval_instance_ids='[0]' model.host=localhost
clean_a_camera_lens,0,[0],clean_a_camera_lens-0,omnigibson,/home/anuriha/BEHAVIOR-1K/bddl3/bddl/activity_definitions/clean_a_camera_lens/problem0.bddl,R1Pro,--robot-type,10,"[""agent.n.01"", ""countertop.n.01"", ""digital_camera.n.01"", ""disinfectant.n.01"", ""disinfectant__bottle.n.01"", ""floor.n.01"", ""lens.n.01"", ""rag.n.01"", ""sink.n.01"", ""water.n.06""]","[""kitchen""]","[""attached"", ""covered"", ""filled"", ""inroom"", ""insource"", ""ontop""]",python /home/anuriha/BEHAVIOR-1K/OmniGibson/omnigibson/learning/eval.py log_path=./logs/clean_a_camera_lens_eval policy=websocket task.name=clean_a_camera_lens task.activity_definition_id=0 eval_instance_ids='[0]' model.host=localhost
clean_a_candle_jar,0,[0],clean_a_candle_jar-0,omnigibson,/home/anuriha/BEHAVIOR-1K/bddl3/bddl/activity_definitions/clean_a_candle_jar/problem0.bddl,R1Pro,--robot-type,11,"[""agent.n.01"", ""countertop.n.01"", ""floor.n.01"", ""liquid_soap.n.01"", ""liquid_soap__bottle.n.01"", ""mason_jar.n.01"", ""paper_towel.n.01"", ""sink.n.01"", ""table_knife.n.01"", ""water.n.06"", ""wax_remnant.n.01""]","[""kitchen""]","[""covered"", ""filled"", ""inroom"", ""insource"", ""ontop""]",python /home/anuriha/BEHAVIOR-1K/OmniGibson/omnigibson/learning/eval.py log_path=./logs/clean_a_candle_jar_eval policy=websocket task.name=clean_a_candle_jar task.activity_definition_id=0 eval_instance_ids='[0]' model.host=localhost
clean_a_chicken_coop,0,[0],clean_a_chicken_coop-0,omnigibson,/home/anuriha/BEHAVIOR-1K/bddl3/bddl/activity_definitions/clean_a_chicken_coop/problem0.bddl,R1Pro,--robot-type,14,"[""agent.n.01"", ""ashcan.n.01"", ""chicken_coop.n.01"", ""detergent.n.02"", ""detergent__bottle.n.01"", ""feather.n.01"", ""floor.n.01"", ""rag.n.01"", ""stain.n.01"", ""water.n.06"", ""watering_can.n.01""]","[""garden""]","[""covered"", ""filled"", ""inroom"", ""inside"", ""insource"", ""ontop""]",python /home/anuriha/BEHAVIOR-1K/OmniGibson/omnigibson/learning/eval.py log_path=./logs/clean_a_chicken_coop_eval policy=websocket task.name=clean_a_chicken_coop task.activity_definition_id=0 eval_instance_ids='[0]' model.host=localhost
clean_a_coffee_maker,0,[0],clean_a_coffee_maker-0,omnigibson,/home/anuriha/BEHAVIOR-1K/bddl3/bddl/activity_definitions/clean_a_coffee_maker/problem0.bddl,R1Pro,--robot-type,10,"[""agent.n.01"", ""coffee_maker.n.01"", ""countertop.n.01"", ""floor.n.01"", ""liquid_soap.n.01"", ""liquid_soap__bottle.n.01"", ""rag.n.01"", ""sink.n.01"", ""stain.n.01"", ""water.n.06""]","[""kitchen""]","[""covered"", ""filled"", ""inroom"", ""insource"", ""ontop""]",python /home/anuriha/BEHAVIOR-1K/OmniGibson/omnigibson/learning/eval.py log_path=./logs/clean_a_coffee_maker_eval policy=websocket task.name=clean_a_coffee_maker task.activity_definition_id=0 eval_instance_ids='[0]' model.host=localhost
clean_a_company_office,0,[0],clean_a_company_office-0,omnigibson,/home/anuriha/BEHAVIOR-1K/bddl3/bddl/activity_definitions/clean_a_company_office/problem0.bddl,R1Pro,--robot-type,19,"[""agent.n.01"", ""book.n.02"", ""carton.n.02"", ""computer.n.01"", ""desk.n.01"", ""dust.n.01"", ""floor.n.01"", ""folder.n.02"", ""keyboard.n.01"", ""legal_document.n.01"", ""mouse.n.04"", ""pen.n.01"", ""rag.n.01"", ""recycling_bin.n.01"", ""sheet.n.02""]","[""shared_office""]","[""covered"", ""inroom"", ""inside"", ""ontop""]",python /home/anuriha/BEHAVIOR-1K/OmniGibson/omnigibson/learning/eval.py log_path=./logs/clean_a_company_office_eval policy=websocket task.name=clean_a_company_office task.activity_definition_id=0 eval_instance_ids='[0]' model.host=localhost
clean_a_computer_monitor,0,[0],clean_a_computer_monitor-0,omnigibson,/home/anuriha/BEHAVIOR-1K/bddl3/bddl/activity_definitions/clean_a_computer_monitor/problem0.bddl,R1Pro,--robot-type,8,"[""agent.n.01"", ""dust.n.01"", ""floor.n.01"", ""monitor.n.04"", ""rag.n.01"", ""sink.n.01"", ""table.n.02"", ""water.n.06""]","[""bathroom"", ""computer_lab""]","[""covered"", ""inroom"", ""insource"", ""ontop""]",python /home/anuriha/BEHAVIOR-1K/OmniGibson/omnigibson/learning/eval.py log_path=./logs/clean_a_computer_monitor_eval policy=websocket task.name=clean_a_computer_monitor task.activity_definition_id=0 eval_instance_ids='[0]' model.host=localhost
clean_a_couch,0,[0],clean_a_couch-0,omnigibson,/home/anuriha/BEHAVIOR-1K/bddl3/bddl/activity_definitions/clean_a_couch/problem0.bddl,R1Pro,--robot-type,6,"[""agent.n.01"", ""dust.n.01"", ""floor.n.01"", ""rag.n.01"", ""sofa.n.01"", ""vacuum.n.04""]","[""living_room""]","[""covered"", ""inroom"", ""ontop""]",python /home/anuriha/BEHAVIOR-1K/OmniGibson/omnigibson/learning/eval.py log_path=./logs/clean_a_couch_eval policy=websocket task.name=clean_a_couch task.activity_definition_id=0 eval_instance_ids='[0]' model.host=localhost
clean_a_crab,0,[0],clean_a_crab-0,omnigibson,/home/anuriha/BEHAVIOR-1K/bddl3/bddl/activity_definitions/clean_a_crab/problem0.bddl,R1Pro,--robot-type,10,"[""agent.n.01"", ""cabinet.n.01"", ""countertop.n.01"", ""crab.n.05"", ""floor.n.01"", ""rag.n.01"", ""sand.n.04"", ""sink.n.01"", ""tupperware.n.01"", ""water.n.06""]","[""kitchen""]","[""covered"", ""inroom"", ""inside"", ""insource"", ""ontop""]",python /home/anuriha/BEHAVIOR-1K/OmniGibson/omnigibson/learning/eval.py log_path=./logs/clean_a_crab_eval policy=websocket task.name=clean_a_crab task.activity_definition_id=0 eval_instance_ids='[0]' model.host=localhost
clean_a_dirty_baseball,0,[0],clean_a_dirty_baseball-0,omnigibson,/home/anuriha/BEHAVIOR-1K/bddl3/bddl/activity_definitions/clean_a_dirty_baseball/problem0.bddl,R1Pro,--robot-type,9,"[""agent.n.01"", ""baseball.n.02"", ""disinfectant.n.01"", ""disinfectant__bottle.n.01"", ""floor.n.01"", ""mud.n.03"", ""rag.n.01"", ""sink.n.01"", ""water.n.06""]","[""bathroom""]","[""covered"", ""filled"", ""inroom"", ""insource"", ""ontop""]",python /home/anuriha/BEHAVIOR-1K/OmniGibson/omnigibson/learning/eval.py log_path=./logs/clean_a_dirty_baseball_eval policy=websocket task.name=clean_a_dirty_baseball task.activity_definition_id=0 eval_instance_ids='[0]' model.host=localhost
clean_a_dirty_tent,0,[0],clean_a_dirty_tent-0,omnigibson,/home/anuriha/BEHAVIOR-1K/bddl3/bddl/activity_definitions/clean_a_dirty_tent/problem0.bddl,R1Pro,--robot-type,7,"[""agent.n.01"", ""detergent.n.02"", ""detergent__bottle.n.01"", ""floor.n.01"", ""sponge.n.01"", ""stain.n.01"", ""tent.n.01""]","[""utility_room""]","[""covered"", ""filled"", ""inroom"", ""ontop""]",python /home/anuriha/BEHAVIOR-1K/OmniGibson/omnigibson/learning/eval.py log_path=./logs/clean_a_dirty_tent_eval policy=websocket task.name=clean_a_dirty_tent task.activity_definition_id=0 eval_instance_ids='[0]' model.host=localhost
clean_a_drain,0,[0],clean_a_drain-0,omnigibson,/home/anuriha/BEHAVIOR-1K/bddl3/bddl/activity_definitions/clean_a_drain/problem0.bddl,R1Pro,--robot-type,8,"[""agent.n.01"", ""floor.n.01"", ""liquid_soap.n.01"", ""liquid_soap__bottle.n.01"", ""mildew.n.02"", ""rag.n.01"", ""sink.n.01"", ""water.n.06""]","[""bathroom""]","[""covered"", ""filled"", ""inroom"", ""insource"", ""ontop""]",python /home/anuriha/BEHAVIOR-1K/OmniGibson/omnigibson/learning/eval.py log_path=./logs/clean_a_drain_eval policy=websocket task.name=clean_a_drain task.activity_definition_id=0 eval_instance_ids='[0]' model.host=localhost
clean_a_faucet,0,[0],clean_a_faucet-0,omnigibson,/home/anuriha/BEHAVIOR-1K/bddl3/bddl/activity_definitions/clean_a_faucet/problem0.bddl,R1Pro,--robot-type,8,"[""agent.n.01"", ""detergent.n.02"", ""detergent__bottle.n.01"", ""floor.n.01"", ""rag.n.01"", ""sink.n.01"", ""stain.n.01"", ""water.n.06""]","[""bathroom""]","[""covered"", ""filled"", ""inroom"", ""insource"", ""ontop""]",python /home/anuriha/BEHAVIOR-1K/OmniGibson/omnigibson/learning/eval.py log_path=./logs/clean_a_faucet_eval policy=websocket task.name=clean_a_faucet task.activity_definition_id=0 eval_instance_ids='[0]' model.host=localhost
clean_a_felt_pool_table_top,0,[0],clean_a_felt_pool_table_top-0,omnigibson,/home/anuriha/BEHAVIOR-1K/bddl3/bddl/activity_definitions/clean_a_felt_pool_table_top/problem0.bddl,R1Pro,--robot-type,5,"[""agent.n.01"", ""dust.n.01"", ""floor.n.01"", ""pool_table.n.01"", ""scrub_brush.n.01""]","[""living_room""]","[""covered"", ""inroom"", ""ontop""]",python /home/anuriha/BEHAVIOR-1K/OmniGibson/omnigibson/learning/eval.py log_path=./logs/clean_a_felt_pool_table_top_eval policy=websocket task.name=clean_a_felt_pool_table_top task.activity_definition_id=0 eval_instance_ids='[0]' model.host=localhost
clean_a_fence,0,[0],clean_a_fence-0,omnigibson,/home/anuriha/BEHAVIOR-1K/bddl3/bddl/activity_definitions/clean_a_fence/problem0.bddl,R1Pro,--robot-type,9,"[""agent.n.01"", ""bucket.n.01"", ""floor.n.01"", ""liquid_soap.n.01"", ""liquid_soap__bottle.n.01"", ""rag.n.01"", ""rail_fence.n.01"", ""stain.n.01"", ""water.n.06""]","[""garden""]","[""covered"", ""filled"", ""inroom"", ""ontop""]",python /home/anuriha/BEHAVIOR-1K/OmniGibson/omnigibson/learning/eval.py log_path=./logs/clean_a_fence_eval policy=websocket task.name=clean_a_fence task.activity_definition_id=0 eval_instance_ids='[0]' model.host=localhost
clean_a_fish,0,[0],clean_a_fish-0,omnigibson,/home/anuriha/BEHAVIOR-1K/bddl3/bddl/activity_definitions/clean_a_fish/problem0.bddl,R1Pro,--robot-type,9,"[""agent.n.01"", ""carving_knife.n.01"", ""chopping_board.n.01"", ""countertop.n.01"", ""floor.n.01"", ""sand.n.04"", ""sink.n.01"", ""trout.n.01"", ""water.n.06""]","[""kitchen""]","[""covered"", ""inroom"", ""insource"", ""ontop""]",python /home/anuriha/BEHAVIOR-1K/OmniGibson/omnigibson/learning/eval.py log_path=./logs/clean_a_fish_eval policy=websocket task.name=clean_a_fish task.activity_definition_id=0 eval_instance_ids='[0]' model.host=localhost
clean_a_flat_iron,0,[0],clean_a_flat_iron-0,omnigibson,/home/anuriha/BEHAVIOR-1K/bddl3/bddl/activity_definitions/clean_a_flat_iron/problem0.bddl,R1Pro,--robot-type,9,"[""agent.n.01"", ""disinfectant.n.01"", ""disinfectant__bottle.n.01"", ""dust.n.01"", ""floor.n.01"", ""iron.n.04"", ""rag.n.01"", ""sink.n.01"", ""water.n.06""]","[""utility_room""]","[""covered"", ""filled"", ""inroom"", ""insource"", ""ontop""]",python /home/anuriha/BEHAVIOR-1K/OmniGibson/omnigibson/learning/eval.py log_path=./logs/clean_a_flat_iron_eval policy=websocket task.name=clean_a_flat_iron task.activity_definition_id=0 eval_instance_ids='[0]' model.host=localhost
clean_a_flat_panel_monitor,0,[0],clean_a_flat_panel_monitor-0,omnigibson,/home/anuriha/BEHAVIOR-1K/bddl3/bddl/activity_definitions/clean_a_flat_panel_monitor/problem0.bddl,R1Pro,--robot-type,11,"[""agent.n.01"", ""dust.n.01"", ""floor.n.01"", ""monitor.n.04"", ""rag.n.01"", ""rubbing_alcohol.n.01"", ""rubbing_alcohol__atomizer.n.01"", ""sink.n.01"", ""stain.n.01"", ""table.n.02"", ""water.n.06""]","[""bathroom"", ""shared_office""]","[""covered"", ""inroom"", ""insource"", ""ontop""]",python /home/anuriha/BEHAVIOR-1K/OmniGibson/omnigibson/learning/eval.py log_path=./logs/clean_a_flat_panel_monitor_eval policy=websocket task.name=clean_a_flat_panel_monitor task.activity_definition_id=0 eval_instance_ids='[0]' model.host=localhost
clean_a_garden_sprayer,0,[0],clean_a_garden_sprayer-0,omnigibson,/home/anuriha/BEHAVIOR-1K/bddl3/bddl/activity_definitions/clean_a_garden_sprayer/problem0.bddl,R1Pro,--robot-type,11,"[""agent.n.01"", ""bucket.n.01"", ""disinfectant.n.01"", ""disinfectant__bottle.n.01"", ""driveway.n.01"", ""floor.n.01"", ""lawn.n.01"", ""pesticide__atomizer.n.01"", ""sponge.n.01"", ""stain.n.01"", ""water.n.06""]","[""garden""]","[""covered"", ""filled"", ""inroom"", ""ontop""]",python /home/anuriha/BEHAVIOR-1K/OmniGibson/omnigibson/learning/eval.py log_path=./logs/clean_a_garden_sprayer_eval policy=websocket task.name=clean_a_garden_sprayer task.activity_definition_id=0 eval_instance_ids='[0]' model.host=localhost
clean_a_glass_pipe,0,[0],clean_a_glass_pipe-0,omnigibson,/home/anuriha/BEHAVIOR-1K/bddl3/bddl/activity_definitions/clean_a_glass_pipe/problem0.bddl,R1Pro,--robot-type,13,"[""adhesive_material.n.01"", ""agent.n.01"", ""floor.n.01"", ""pipe.n.01"", ""pipe_cleaner.n.01"", ""rag.n.01"", ""rubbing_alcohol.n.01"", ""rubbing_alcohol__atomizer.n.01"", ""sack.n.01"", ""sink.n.01"", ""sodium_carbonate.n.01"", ""stain.n.01"", ""water.n.06""]","[""bathroom""]","[""covered"", ""inroom"", ""inside"", ""insource"", ""ontop""]",python /home/anuriha/BEHAVIOR-1K/OmniGibson/omnigibson/learning/eval.py log_path=./logs/clean_a_glass_pipe_eval policy=websocket task.name=clean_a_glass_pipe task.activity_definition_id=0 eval_instance_ids='[0]' model.host=localhost
clean_a_glass_windshield,0,[0],clean_a_glass_windshield-0,omnigibson,/home/anuriha/BEHAVIOR-1K/bddl3/bddl/activity_definitions/clean_a_glass_windshield/problem0.bddl,R1Pro,--robot-type,8,"[""agent.n.01"", ""floor.n.01"", ""liquid_soap.n.01"", ""liquid_soap__bottle.n.01"", ""rag.n.01"", ""stain.n.01"", ""water.n.06"", ""windshield.n.01""]","[""garden""]","[""covered"", ""filled"", ""inroom"", ""ontop"", ""saturated""]",python /home/anuriha/BEHAVIOR-1K/OmniGibson/omnigibson/learning/eval.py log_path=./logs/clean_a_glass_windshield_eval policy=websocket task.name=clean_a_glass_windshield task.activity_definition_id=0 eval_instance_ids='[0]' model.host=localhost
clean_a_golf_club,0,[0],clean_a_golf_club-0,omnigibson,/home/anuriha/BEHAVIOR-1K/bddl3/bddl/activity_definitions/clean_a_golf_club/problem0.bddl,R1Pro,--robot-type,9,"[""agent.n.01"", ""floor.n.01"", ""golf_club.n.02"", ""liquid_soap.n.01"", ""liquid_soap__bottle.n.01"", ""mud.n.03"", ""rag.n.01"", ""sink.n.01"", ""water.n.06""]","[""bathroom""]","[""covered"", ""filled"", ""inroom"", ""insource"", ""ontop""]",python /home/anuriha/BEHAVIOR-1K/OmniGibson/omnigibson/learning/eval.py log_path=./logs/clean_a_golf_club_eval policy=websocket task.name=clean_a_golf_club task.activity_definition_id=0 eval_instance_ids='[0]' model.host=localhost
clean_a_gravestone,0,[0],clean_a_gravestone-0,omnigibson,/home/anuriha/BEHAVIOR-1K/bddl3/bddl/activity_definitions/clean_a_gravestone/problem0.bddl,R1Pro,--robot-type,10,"[""agent.n.01"", ""detergent.n.02"", ""detergent__bottle.n.01"", ""floor.n.01"", ""gravestone.n.01"", ""mold.n.05"", ""sink.n.01"", ""sponge.n.01"", ""water.n.06""]","[""bathroom"", ""garden""]","[""covered"", ""filled"", ""inroom"", ""insource"", ""ontop""]",python /home/anuriha/BEHAVIOR-1K/OmniGibson/omnigibson/learning/eval.py log_path=./logs/clean_a_gravestone_eval policy=websocket task.name=clean_a_gravestone task.activity_definition_id=0 eval_instance_ids='[0]' model.host=localhost
clean_a_grill_pan,0,[0],clean_a_grill_pan-0,omnigibson,/home/anuriha/BEHAVIOR-1K/bddl3/bddl/activity_definitions/clean_a_grill_pan/problem0.bddl,R1Pro,--robot-type,10,"[""agent.n.01"", ""countertop.n.01"", ""floor.n.01"", ""griddle.n.01"", ""liquid_soap.n.01"", ""liquid_soap__bottle.n.01"", ""sink.n.01"", ""sponge.n.01"", ""stain.n.01"", ""water.n.06""]","[""kitchen""]","[""covered"", ""filled"", ""inroom"", ""insource"", ""ontop""]",python /home/anuriha/BEHAVIOR-1K/OmniGibson/omnigibson/learning/eval.py log_path=./logs/clean_a_grill_pan_eval policy=websocket task.name=clean_a_grill_pan task.activity_definition_id=0 eval_instance_ids='[0]' model.host=localhost
clean_a_guitar,0,[0],clean_a_guitar-0,omnigibson,/home/anuriha/BEHAVIOR-1K/bddl3/bddl/activity_definitions/clean_a_guitar/problem0.bddl,R1Pro,--robot-type,6,"[""agent.n.01"", ""countertop.n.01"", ""dust.n.01"", ""floor.n.01"", ""guitar.n.01"", ""rag.n.01""]","[""private_office""]","[""covered"", ""inroom"", ""ontop""]",python /home/anuriha/BEHAVIOR-1K/OmniGibson/omnigibson/learning/eval.py log_path=./logs/clean_a_guitar_eval policy=websocket task.name=clean_a_guitar task.activity_definition_id=0 eval_instance_ids='[0]' model.host=localhost
clean_a_hamper,0,[0],clean_a_hamper-0,omnigibson,/home/anuriha/BEHAVIOR-1K/bddl3/bddl/activity_definitions/clean_a_hamper/problem0.bddl,R1Pro,--robot-type,7,"[""agent.n.01"", ""detergent.n.02"", ""detergent__bottle.n.01"", ""floor.n.01"", ""hamper.n.02"", ""stain.n.01"", ""washer.n.03""]","[""utility_room""]","[""covered"", ""filled"", ""inroom"", ""ontop""]",python /home/anuriha/BEHAVIOR-1K/OmniGibson/omnigibson/learning/eval.py log_path=./logs/clean_a_hamper_eval policy=websocket task.name=clean_a_hamper task.activity_definition_id=0 eval_instance_ids='[0]' model.host=localhost
clean_a_hat,0,[0],clean_a_hat-0,omnigibson,/home/anuriha/BEHAVIOR-1K/bddl3/bddl/activity_definitions/clean_a_hat/problem0.bddl,R1Pro,--robot-type,7,"[""agent.n.01"", ""dust.n.01"", ""floor.n.01"", ""hat.n.01"", ""rag.n.01"", ""sink.n.01"", ""water.n.06""]","[""bathroom""]","[""covered"", ""inroom"", ""insource"", ""ontop""]",python /home/anuriha/BEHAVIOR-1K/OmniGibson/omnigibson/learning/eval.py log_path=./logs/clean_a_hat_eval policy=websocket task.name=clean_a_hat task.activity_definition_id=0 eval_instance_ids='[0]' model.host=localhost
clean_a_hot_water_dispenser,0,[0],clean_a_hot_water_dispenser-0,omnigibson,/home/anuriha/BEHAVIOR-1K/bddl3/bddl/activity_definitions/clean_a_hot_water_dispenser/problem0.bddl,R1Pro,--robot-type,6,"[""agent.n.01"", ""dust.n.01"", ""floor.n.01"", ""rag.n.01"", ""sink.n.01"", ""water.n.06""]","[""kitchen""]","[""covered"", ""inroom"", ""insource"", ""ontop""]",python /home/anuriha/BEHAVIOR-1K/OmniGibson/omnigibson/learning/eval.py log_path=./logs/clean_a_hot_water_dispenser_eval policy=websocket task.name=clean_a_hot_water_dispenser task.activity_definition_id=0 eval_instance_ids='[0]' model.host=localhost
clean_a_keyboard,0,[0],clean_a_keyboard-0,omnigibson,/home/anuriha/BEHAVIOR-1K/bddl3/bddl/activity_definitions/clean_a_keyboard/problem0.bddl,R1Pro,--robot-type,9,"[""agent.n.01"", ""floor.n.01"", ""keyboard.n.01"", ""liquid_soap.n.01"", ""liquid_soap__bottle.n.01"", ""rag.n.01"", ""sink.n.01"", ""stain.n.01"", ""water.n.06""]","[""bathroom""]","[""covered"", ""filled"", ""inroom"", ""insource"", ""ontop""]",python /home/anuriha/BEHAVIOR-1K/OmniGibson/omnigibson/learning/eval.py log_path=./logs/clean_a_keyboard_eval policy=websocket task.name=clean_a_keyboard task.activity_definition_id=0 eval_instance_ids='[0]' model.host=localhost
clean_a_kitchen_sink,0,[0],clean_a_kitchen_sink-0,omnigibson,/home/anuriha/BEHAVIOR-1K/bddl3/bddl/activity_definitions/clean_a_kitchen_sink/problem0.bddl,R1Pro,--robot-type,14,"[""agent.n.01"", ""compost_bin.n.01"", ""countertop.n.01"", ""crumb.n.03"", ""floor.n.01"", ""liquid_soap.n.01"", ""liquid_soap__bottle.n.01"", ""sink.n.01"", ""spinach.n.02"", ""sponge.n.01"", ""stain.n.01"", ""water.n.06""]","[""kitchen""]","[""covered"", ""filled"", ""inroom"", ""inside"", ""insource"", ""ontop""]",python /home/anuriha/BEHAVIOR-1K/OmniGibson/omnigibson/learning/eval.py log_path=./logs/clean_a_kitchen_sink_eval policy=websocket task.name=clean_a_kitchen_sink task.activity_definition_id=0 eval_instance_ids='[0]' model.host=localhost
clean_a_kitchen_table,0,[0],clean_a_kitchen_table-0,omnigibson,/home/anuriha/BEHAVIOR-1K/bddl3/bddl/activity_definitions/clean_a_kitchen_table/problem0.bddl,R1Pro,--robot-type,13,"[""agent.n.01"", ""chopping_board.n.01"", ""cooking_oil.n.01"", ""countertop.n.01"", ""crumb.n.03"", ""dust.n.01"", ""floor.n.01"", ""liquid_soap.n.01"", ""liquid_soap__bottle.n.01"", ""rag.n.01"", ""sink.n.01"", ""table.n.02"", ""water.n.06""]","[""dining_room"", ""kitchen""]","[""covered"", ""filled"", ""inroom"", ""inside"", ""insource"", ""ontop""]",python /home/anuriha/BEHAVIOR-1K/OmniGibson/omnigibson/learning/eval.py log_path=./logs/clean_a_kitchen_table_eval policy=websocket task.name=clean_a_kitchen_table task.activity_definition_id=0 eval_instance_ids='[0]' model.host=localhost
clean_a_knife,0,[0],clean_a_knife-0,omnigibson,/home/anuriha/BEHAVIOR-1K/bddl3/bddl/activity_definitions/clean_a_knife/problem0.bddl,R1Pro,--robot-type,11,"[""agent.n.01"", ""cooking_oil.n.01"", ""countertop.n.01"", ""floor.n.01"", ""hand_towel.n.01"", ""knife.n.01"", ""liquid_soap.n.01"", ""liquid_soap__bottle.n.01"", ""sink.n.01"", ""stain.n.01"", ""water.n.06""]","[""kitchen""]","[""covered"", ""filled"", ""inroom"", ""insource"", ""ontop""]",python /home/anuriha/BEHAVIOR-1K/OmniGibson/omnigibson/learning/eval.py log_path=./logs/clean_a_knife_eval policy=websocket task.name=clean_a_knife task.activity_definition_id=0 eval_instance_ids='[0]' model.host=localhost
clean_a_knife_block,0,[0],clean_a_knife_block-0,omnigibson,/home/anuriha/BEHAVIOR-1K/bddl3/bddl/activity_definitions/clean_a_knife_block/problem0.bddl,R1Pro,--robot-type,6,"[""agent.n.01"", ""countertop.n.01"", ""dust.n.01"", ""floor.n.01"", ""knife_block.n.01"", ""rag.n.01""]","[""kitchen""]","[""covered"", ""inroom"", ""ontop""]",python /home/anuriha/BEHAVIOR-1K/OmniGibson/omnigibson/learning/eval.py log_path=./logs/clean_a_knife_block_eval policy=websocket task.name=clean_a_knife_block task.activity_definition_id=0 eval_instance_ids='[0]' model.host=localhost
clean_a_leather_belt,0,[0],clean_a_leather_belt-0,omnigibson,/home/anuriha/BEHAVIOR-1K/bddl3/bddl/activity_definitions/clean_a_leather_belt/problem0.bddl,R1Pro,--robot-type,9,"[""agent.n.01"", ""belt.n.02"", ""cabinet.n.01"", ""clothes_dryer.n.01"", ""dishtowel.n.01"", ""dust.n.01"", ""floor.n.01"", ""sink.n.01"", ""water.n.06""]","[""utility_room""]","[""covered"", ""inroom"", ""insource"", ""ontop""]",python /home/anuriha/BEHAVIOR-1K/OmniGibson/omnigibson/learning/eval.py log_path=./logs/clean_a_leather_belt_eval policy=websocket task.name=clean_a_leather_belt task.activity_definition_id=0 eval_instance_ids='[0]' model.host=localhost
clean_a_light_bulb,0,[0],clean_a_light_bulb-0,omnigibson,/home/anuriha/BEHAVIOR-1K/bddl3/bddl/activity_definitions/clean_a_light_bulb/problem0.bddl,R1Pro,--robot-type,7,"[""agent.n.01"", ""coffee_table.n.01"", ""dust.n.01"", ""floor.n.01"", ""light_bulb.n.01"", ""rag.n.01"", ""table_lamp.n.01""]","[""living_room""]","[""attached"", ""covered"", ""inroom"", ""ontop""]",python /home/anuriha/BEHAVIOR-1K/OmniGibson/omnigibson/learning/eval.py log_path=./logs/clean_a_light_bulb_eval policy=websocket task.name=clean_a_light_bulb task.activity_definition_id=0 eval_instance_ids='[0]' model.host=localhost
clean_a_lobster,0,[0],clean_a_lobster-0,omnigibson,/home/anuriha/BEHAVIOR-1K/bddl3/bddl/activity_definitions/clean_a_lobster/problem0.bddl,R1Pro,--robot-type,10,"[""agent.n.01"", ""bowl.n.01"", ""cabinet.n.01"", ""electric_refrigerator.n.01"", ""floor.n.01"", ""hand_towel.n.01"", ""lobster.n.01"", ""mud.n.03"", ""sink.n.01"", ""water.n.06""]","[""kitchen""]","[""covered"", ""inroom"", ""inside"", ""insource"", ""ontop""]",python /home/anuriha/BEHAVIOR-1K/OmniGibson/omnigibson/learning/eval.py log_path=./logs/clean_a_lobster_eval policy=websocket task.name=clean_a_lobster task.activity_definition_id=0 eval_instance_ids='[0]' model.host=localhost
clean_a_longboard,0,[0],clean_a_longboard-0,omnigibson,/home/anuriha/BEHAVIOR-1K/bddl3/bddl/activity_definitions/clean_a_longboard/problem0.bddl,R1Pro,--robot-type,11,"[""agent.n.01"", ""cabinet.n.01"", ""dust.n.01"", ""floor.n.01"", ""liquid_soap.n.01"", ""liquid_soap__bottle.n.01"", ""mud.n.03"", ""sink.n.01"", ""skateboard.n.01"", ""sponge.n.01"", ""water.n.06""]","[""garden"", ""kitchen""]","[""covered"", ""filled"", ""inroom"", ""inside"", ""insource"", ""ontop""]",python /home/anuriha/BEHAVIOR-1K/OmniGibson/omnigibson/learning/eval.py log_path=./logs/clean_a_longboard_eval policy=websocket task.name=clean_a_longboard task.activity_definition_id=0 eval_instance_ids='[0]' model.host=localhost
clean_a_loofah_or_natural_sponge,0,[0],clean_a_loofah_or_natural_sponge-0,omnigibson,/home/anuriha/BEHAVIOR-1K/bddl3/bddl/activity_definitions/clean_a_loofah_or_natural_sponge/problem0.bddl,R1Pro,--robot-type,9,"[""agent.n.01"", ""bleaching_agent.n.01"", ""bleaching_agent__atomizer.n.01"", ""floor.n.01"", ""loofa.n.01"", ""rag.n.01"", ""sink.n.01"", ""stain.n.01"", ""water.n.06""]","[""bathroom""]","[""covered"", ""inroom"", ""insource"", ""ontop""]",python /home/anuriha/BEHAVIOR-1K/OmniGibson/omnigibson/learning/eval.py log_path=./logs/clean_a_loofah_or_natural_sponge_eval policy=websocket task.name=clean_a_loofah_or_natural_sponge task.activity_definition_id=0 eval_instance_ids='[0]' model.host=localhost
clean_a_mattress,0,[0],clean_a_mattress-0,omnigibson,/home/anuriha/BEHAVIOR-1K/bddl3/bddl/activity_definitions/clean_a_mattress/problem0.bddl,R1Pro,--robot-type,11,"[""agent.n.01"", ""detergent.n.02"", ""detergent__bottle.n.01"", ""floor.n.01"", ""mattress.n.01"", ""mold.n.05"", ""sink.n.01"", ""sponge.n.01"", ""stain.n.01"", ""water.n.06""]","[""bathroom"", ""bedroom""]","[""covered"", ""filled"", ""inroom"", ""insource"", ""ontop""]",python /home/anuriha/BEHAVIOR-1K/OmniGibson/omnigibson/learning/eval.py log_path=./logs/clean_a_mattress_eval policy=websocket task.name=clean_a_mattress task.activity_definition_id=0 eval_instance_ids='[0]' model.host=localhost
clean_a_mousepad,0,[0],clean_a_mousepad-0,omnigibson,/home/anuriha/BEHAVIOR-1K/bddl3/bddl/activity_definitions/clean_a_mousepad/problem0.bddl,R1Pro,--robot-type,7,"[""agent.n.01"", ""dust.n.01"", ""floor.n.01"", ""mousepad.n.01"", ""rag.n.01"", ""sink.n.01"", ""water.n.06""]","[""bathroom""]","[""covered"", ""inroom"", ""insource"", ""ontop""]",python /home/anuriha/BEHAVIOR-1K/OmniGibson/omnigibson/learning/eval.py log_path=./logs/clean_a_mousepad_eval policy=websocket task.name=clean_a_mousepad task.activity_definition_id=0 eval_instance_ids='[0]' model.host=localhost
clean_a_patio,0,[0],clean_a_patio-0,omnigibson,/home/anuriha/BEHAVIOR-1K/bddl3/bddl/activity_definitions/clean_a_patio/problem0.bddl,R1Pro,--robot-type,4,"[""agent.n.01"", ""broom.n.01"", ""floor.n.01"", ""mud.n.03""]","[""garden""]","[""covered"", ""inroom"", ""ontop""]",python /home/anuriha/BEHAVIOR-1K/OmniGibson/omnigibson/learning/eval.py log_path=./logs/clean_a_patio_eval policy=websocket task.name=clean_a_patio task.activity_definition_id=0 eval_instance_ids='[0]' model.host=localhost
clean_a_piano,0,[0],clean_a_piano-0,omnigibson,/home/anuriha/BEHAVIOR-1K/bddl3/bddl/activity_definitions/clean_a_piano/problem0.bddl,R1Pro,--robot-type,5,"[""agent.n.01"", ""dust.n.01"", ""floor.n.01"", ""piano.n.01"", ""rag.n.01""]","[""living_room""]","[""covered"", ""inroom"", ""ontop""]",python /home/anuriha/BEHAVIOR-1K/OmniGibson/omnigibson/learning/eval.py log_path=./logs/clean_a_piano_eval policy=websocket task.name=clean_a_piano task.activity_definition_id=0 eval_instance_ids='[0]' model.host=localhost
clean_a_pickup_truck,0,[0],clean_a_pickup_truck-0,omnigibson,/home/anuriha/BEHAVIOR-1K/bddl3/bddl/activity_definitions/clean_a_pickup_truck/problem0.bddl,R1Pro,--robot-type,10,"[""agent.n.01"", ""bucket.n.01"", ""driveway.n.01"", ""floor.n.01"", ""liquid_soap.n.01"", ""liquid_soap__bottle.n.01"", ""pickup.n.01"", ""rag.n.01"", ""stain.n.01"", ""water.n.06""]","[""garden""]","[""covered"", ""filled"", ""inroom"", ""ontop""]",python /home/anuriha/BEHAVIOR-1K/OmniGibson/omnigibson/learning/eval.py log_path=./logs/clean_a_pickup_truck_eval policy=websocket task.name=clean_a_pickup_truck task.activity_definition_id=0 eval_instance_ids='[0]' model.host=localhost
clean_a_pizza_stone,0,[0],clean_a_pizza_stone-0,omnigibson,/home/anuriha/BEHAVIOR-1K/bddl3/bddl/activity_definitions/clean_a_pizza_stone/problem0.bddl,R1Pro,--robot-type,11,"[""agent.n.01"", ""cookie_sheet.n.01"", ""countertop.n.01"", ""crumb.n.03"", ""floor.n.01"", ""liquid_soap.n.01"", ""liquid_soap__bottle.n.01"", ""rag.n.01"", ""sink.n.01"", ""stain.n.01"", ""water.n.06""]","[""kitchen""]","[""covered"", ""filled"", ""inroom"", ""insource"", ""ontop""]",python /home/anuriha/BEHAVIOR-1K/OmniGibson/omnigibson/learning/eval.py log_path=./logs/clean_a_pizza_stone_eval policy=websocket task.name=clean_a_pizza_stone task.activity_definition_id=0 eval_instance_ids='[0]' model.host=localhost
clean_a_popcorn_machine,0,[0],clean_a_popcorn_machine-0,omnigibson,/home/anuriha/BEHAVIOR-1K/bddl3/bddl/activity_definitions/clean_a_popcorn_machine/problem0.bddl,R1Pro,--robot-type,10,"[""agent.n.01"", ""countertop.n.01"", ""floor.n.01"", ""liquid_soap.n.01"", ""liquid_soap__bottle.n.01"", ""popper.n.03"", ""rag.n.01"", ""sink.n.01"", ""stain.n.01"", ""water.n.06""]","[""kitchen""]","[""covered"", ""filled"", ""inroom"", ""insource"", ""ontop""]",python /home/anuriha/BEHAVIOR-1K/OmniGibson/omnigibson/learning/eval.py log_path=./logs/clean_a_popcorn_machine_eval policy=websocket task.name=clean_a_popcorn_machine task.activity_definition_id=0 eval_instance_ids='[0]' model.host=localhost
clean_a_pumpkin,0,[0],clean_a_pumpkin-0,omnigibson,/home/anuriha/BEHAVIOR-1K/bddl3/bddl/activity_definitions/clean_a_pumpkin/problem0.bddl,R1Pro,--robot-type,6,"[""agent.n.01"", ""countertop.n.01"", ""dust.n.01"", ""floor.n.01"", ""pumpkin.n.02"", ""rag.n.01""]","[""kitchen""]","[""covered"", ""inroom"", ""ontop""]",python /home/anuriha/BEHAVIOR-1K/OmniGibson/omnigibson/learning/eval.py log_path=./logs/clean_a_pumpkin_eval policy=websocket task.name=clean_a_pumpkin task.activity_definition_id=0 eval_instance_ids='[0]' model.host=localhost
clean_a_purse,0,[0],clean_a_purse-0,omnigibson,/home/anuriha/BEHAVIOR-1K/bddl3/bddl/activity_definitions/clean_a_purse/problem0.bddl,R1Pro,--robot-type,10,"[""agent.n.01"", ""bag.n.04"", ""cabinet.n.01"", ""floor.n.01"", ""rag.n.01"", ""saddle_soap.n.01"", ""saddle_soap__bottle.n.01"", ""sink.n.01"", ""stain.n.01"", ""water.n.06""]","[""utility_room""]","[""covered"", ""filled"", ""inroom"", ""inside"", ""insource"", ""ontop""]",python /home/anuriha/BEHAVIOR-1K/OmniGibson/omnigibson/learning/eval.py log_path=./logs/clean_a_purse_eval policy=websocket task.name=clean_a_purse task.activity_definition_id=0 eval_instance_ids='[0]' model.host=localhost
clean_a_quilt,0,[0],clean_a_quilt-0,omnigibson,/home/anuriha/BEHAVIOR-1K/bddl3/bddl/activity_definitions/clean_a_quilt/problem0.bddl,R1Pro,--robot-type,9,"[""agent.n.01"", ""cabinet.n.01"", ""coatrack.n.01"", ""detergent.n.02"", ""detergent__bottle.n.01"", ""floor.n.01"", ""quilt.n.01"", ""stain.n.01"", ""washer.n.03""]","[""utility_room""]","[""covered"", ""draped"", ""filled"", ""inroom"", ""inside"", ""ontop""]",python /home/anuriha/BEHAVIOR-1K/OmniGibson/omnigibson/learning/eval.py log_path=./logs/clean_a_quilt_eval policy=websocket task.name=clean_a_quilt task.activity_definition_id=0 eval_instance_ids='[0]' model.host=localhost
clean_a_raincoat,0,[0],clean_a_raincoat-0,omnigibson,/home/anuriha/BEHAVIOR-1K/bddl3/bddl/activity_definitions/clean_a_raincoat/problem0.bddl,R1Pro,--robot-type,9,"[""agent.n.01"", ""cabinet.n.01"", ""clothes_dryer.n.01"", ""detergent.n.02"", ""detergent__bottle.n.01"", ""floor.n.01"", ""raincoat.n.01"", ""stain.n.01"", ""washer.n.03""]","[""utility_room""]","[""covered"", ""filled"", ""inroom"", ""inside"", ""ontop""]",python /home/anuriha/BEHAVIOR-1K/OmniGibson/omnigibson/learning/eval.py log_path=./logs/clean_a_raincoat_eval policy=websocket task.name=clean_a_raincoat task.activity_definition_id=0 eval_instance_ids='[0]' model.host=localhost
clean_a_razor_blade,0,[0],clean_a_razor_blade-0,omnigibson,/home/anuriha/BEHAVIOR-1K/bddl3/bddl/activity_definitions/clean_a_razor_blade/problem0.bddl,R1Pro,--robot-type,10,"[""adhesive_material.n.01"", ""agent.n.01"", ""dust.n.01"", ""floor.n.01"", ""liquid_soap.n.01"", ""liquid_soap__bottle.n.01"", ""rag.n.01"", ""razor.n.01"", ""sink.n.01"", ""water.n.06""]","[""bathroom""]","[""covered"", ""filled"", ""inroom"", ""insource"", ""ontop""]",python /home/anuriha/BEHAVIOR-1K/OmniGibson/omnigibson/learning/eval.py log_path=./logs/clean_a_razor_blade_eval policy=websocket task.name=clean_a_razor_blade task.activity_definition_id=0 eval_instance_ids='[0]' model.host=localhost
clean_a_rice_cooker,0,[0],clean_a_rice_cooker-0,omnigibson,/home/anuriha/BEHAVIOR-1K/bddl3/bddl/activity_definitions/clean_a_rice_cooker/problem0.bddl,R1Pro,--robot-type,10,"[""agent.n.01"", ""countertop.n.01"", ""floor.n.01"", ""liquid_soap.n.01"", ""liquid_soap__bottle.n.01"", ""rag.n.01"", ""rice_cooker.n.01"", ""sink.n.01"", ""water.n.06"", ""white_rice.n.01""]","[""kitchen""]","[""covered"", ""filled"", ""inroom"", ""insource"", ""ontop""]",python /home/anuriha/BEHAVIOR-1K/OmniGibson/omnigibson/learning/eval.py log_path=./logs/clean_a_rice_cooker_eval policy=websocket task.name=clean_a_rice_cooker task.activity_definition_id=0 eval_instance_ids='[0]' model.host=localhost
clean_a_rug,0,[0],clean_a_rug-0,omnigibson,/home/anuriha/BEHAVIOR-1K/bddl3/bddl/activity_definitions/clean_a_rug/problem0.bddl,R1Pro,--robot-type,5,"[""agent.n.01"", ""dust.n.01"", ""floor.n.01"", ""rug.n.01"", ""vacuum.n.04""]","[""utility_room""]","[""covered"", ""inroom"", ""ontop""]",python /home/anuriha/BEHAVIOR-1K/OmniGibson/omnigibson/learning/eval.py log_path=./logs/clean_a_rug_eval policy=websocket task.name=clean_a_rug task.activity_definition_id=0 eval_instance_ids='[0]' model.host=localhost
clean_a_sauna,0,[0],clean_a_sauna-0,omnigibson,/home/anuriha/BEHAVIOR-1K/bddl3/bddl/activity_definitions/clean_a_sauna/problem0.bddl,R1Pro,--robot-type,17,"[""agent.n.01"", ""bench.n.01"", ""bleaching_agent.n.01"", ""bleaching_agent__atomizer.n.01"", ""cabinet.n.03"", ""floor.n.01"", ""liquid_soap.n.01"", ""liquid_soap__bottle.n.01"", ""mildew.n.02"", ""mold.n.05"", ""rag.n.01"", ""sauna_heater.n.01"", ""sink.n.01"", ""stain.n.01"", ""swab.n.02"", ""water.n.06""]","[""bathroom"", ""sauna""]","[""covered"", ""filled"", ""inroom"", ""inside"", ""insource"", ""ontop""]",python /home/anuriha/BEHAVIOR-1K/OmniGibson/omnigibson/learning/eval.py log_path=./logs/clean_a_sauna_eval policy=websocket task.name=clean_a_sauna task.activity_definition_id=0 eval_instance_ids='[0]' model.host=localhost
clean_a_sauna_suit,0,[0],clean_a_sauna_suit-0,omnigibson,/home/anuriha/BEHAVIOR-1K/bddl3/bddl/activity_definitions/clean_a_sauna_suit/problem0.bddl,R1Pro,--robot-type,10,"[""agent.n.01"", ""cabinet.n.01"", ""clothes_dryer.n.01"", ""detergent.n.02"", ""detergent__bottle.n.01"", ""floor.n.01"", ""stain.n.01"", ""sweat_suit.n.01"", ""washer.n.03"", ""water.n.06""]","[""utility_room""]","[""covered"", ""filled"", ""future"", ""inroom"", ""inside"", ""ontop"", ""saturated""]",python /home/anuriha/BEHAVIOR-1K/OmniGibson/omnigibson/learning/eval.py log_path=./logs/clean_a_sauna_suit_eval policy=websocket task.name=clean_a_sauna_suit task.activity_definition_id=0 eval_instance_ids='[0]' model.host=localhost
clean_a_saxophone,0,[0],clean_a_saxophone-0,omnigibson,/home/anuriha/BEHAVIOR-1K/bddl3/bddl/activity_definitions/clean_a_saxophone/problem0.bddl,R1Pro,--robot-type,7,"[""agent.n.01"", ""bed.n.01"", ""dust.n.01"", ""floor.n.01"", ""rag.n.01"", ""sax.n.02"", ""scrub_brush.n.01""]","[""bedroom""]","[""covered"", ""inroom"", ""ontop""]",python /home/anuriha/BEHAVIOR-1K/OmniGibson/omnigibson/learning/eval.py log_path=./logs/clean_a_saxophone_eval policy=websocket task.name=clean_a_saxophone task.activity_definition_id=0 eval_instance_ids='[0]' model.host=localhost
clean_a_shower,0,[0],clean_a_shower-0,omnigibson,/home/anuriha/BEHAVIOR-1K/bddl3/bddl/activity_definitions/clean_a_shower/problem0.bddl,R1Pro,--robot-type,9,"[""agent.n.01"", ""detergent.n.02"", ""detergent__bottle.n.01"", ""floor.n.01"", ""rag.n.01"", ""showerhead.n.01"", ""sink.n.01"", ""stain.n.01"", ""water.n.06""]","[""bathroom""]","[""covered"", ""filled"", ""inroom"", ""insource"", ""ontop""]",python /home/anuriha/BEHAVIOR-1K/OmniGibson/omnigibson/learning/eval.py log_path=./logs/clean_a_shower_eval policy=websocket task.name=clean_a_shower task.activity_definition_id=0 eval_instance_ids='[0]' model.host=localhost
clean_a_sieve,0,[0],clean_a_sieve-0,omnigibson,/home/anuriha/BEHAVIOR-1K/bddl3/bddl/activity_definitions/clean_a_sieve/problem0.bddl,R1Pro,--robot-type,11,"[""adhesive_material.n.01"", ""agent.n.01"", ""cabinet.n.01"", ""countertop.n.01"", ""floor.n.01"", ""liquid_soap.n.01"", ""liquid_soap__bottle.n.01"", ""sieve.n.01"", ""sink.n.01"", ""sponge.n.01"", ""water.n.06""]","[""kitchen""]","[""covered"", ""filled"", ""inroom"", ""inside"", ""insource"", ""ontop""]",python /home/anuriha/BEHAVIOR-1K/OmniGibson/omnigibson/learning/eval.py log_path=./logs/clean_a_sieve_eval policy=websocket task.name=clean_a_sieve task.activity_definition_id=0 eval_instance_ids='[0]' model.host=localhost
clean_a_small_pet_cage,0,[0],clean_a_small_pet_cage-0,omnigibson,/home/anuriha/BEHAVIOR-1K/bddl3/bddl/activity_definitions/clean_a_small_pet_cage/problem0.bddl,R1Pro,--robot-type,9,"[""agent.n.01"", ""birdcage.n.01"", ""fecal_matter.n.01"", ""floor.n.01"", ""liquid_soap.n.01"", ""liquid_soap__bottle.n.01"", ""rag.n.01"", ""sink.n.01"", ""water.n.06""]","[""bathroom""]","[""covered"", ""filled"", ""inroom"", ""insource"", ""ontop""]",python /home/anuriha/BEHAVIOR-1K/OmniGibson/omnigibson/learning/eval.py log_path=./logs/clean_a_small_pet_cage_eval policy=websocket task.name=clean_a_small_pet_cage task.activity_definition_id=0 eval_instance_ids='[0]' model.host=localhost
clean_a_sofa,0,[0],clean_a_sofa-0,omnigibson,/home/anuriha/BEHAVIOR-1K/bddl3/bddl/activity_definitions/clean_a_sofa/problem0.bddl,R1Pro,--robot-type,6,"[""agent.n.01"", ""dust.n.01"", ""floor.n.01"", ""rag.n.01"", ""sofa.n.01"", ""vacuum.n.04""]","[""living_room""]","[""covered"", ""inroom"", ""ontop""]",python /home/anuriha/BEHAVIOR-1K/OmniGibson/omnigibson/learning/eval.py log_path=./logs/clean_a_sofa_eval policy=websocket task.name=clean_a_sofa task.activity_definition_id=0 eval_instance_ids='[0]' model.host=localhost
clean_a_softball_bat,0,[0],clean_a_softball_bat-0,omnigibson,/home/anuriha/BEHAVIOR-1K/bddl3/bddl/activity_definitions/clean_a_softball_bat/problem0.bddl,R1Pro,--robot-type,5,"[""agent.n.01"", ""bat.n.05"", ""dirt.n.02"", ""floor.n.01"", ""rag.n.01""]","[""corridor""]","[""covered"", ""inroom"", ""ontop""]",python /home/anuriha/BEHAVIOR-1K/OmniGibson/omnigibson/learning/eval.py log_path=./logs/clean_a_softball_bat_eval policy=websocket task.name=clean_a_softball_bat task.activity_definition_id=0 eval_instance_ids='[0]' model.host=localhost
clean_a_sponge,0,[0],clean_a_sponge-0,omnigibson,/home/anuriha/BEHAVIOR-1K/bddl3/bddl/activity_definitions/clean_a_sponge/problem0.bddl,R1Pro,--robot-type,12,"[""agent.n.01"", ""chopping_board.n.01"", ""countertop.n.01"", ""floor.n.01"", ""liquid_soap.n.01"", ""liquid_soap__bottle.n.01"", ""mildew.n.02"", ""rag.n.01"", ""sink.n.01"", ""sponge.n.01"", ""stain.n.01"", ""water.n.06""]","[""kitchen""]","[""covered"", ""filled"", ""inroom"", ""insource"", ""ontop""]",python /home/anuriha/BEHAVIOR-1K/OmniGibson/omnigibson/learning/eval.py log_path=./logs/clean_a_sponge_eval policy=websocket task.name=clean_a_sponge task.activity_definition_id=0 eval_instance_ids='[0]' model.host=localhost
clean_a_stainless_steel_dishwasher,0,[0],clean_a_stainless_steel_dishwasher-0,omnigibson,/home/anuriha/BEHAVIOR-1K/bddl3/bddl/activity_definitions/clean_a_stainless_steel_dishwasher/problem0.bddl,R1Pro,--robot-type,10,"[""agent.n.01"", ""countertop.n.01"", ""detergent.n.02"", ""detergent__bottle.n.01"", ""dishwasher.n.01"", ""floor.n.01"", ""rag.n.01"", ""sink.n.01"", ""stain.n.01"", ""water.n.06""]","[""kitchen""]","[""covered"", ""filled"", ""inroom"", ""insource"", ""ontop""]",python /home/anuriha/BEHAVIOR-1K/OmniGibson/omnigibson/learning/eval.py log_path=./logs/clean_a_stainless_steel_dishwasher_eval policy=websocket task.name=clean_a_stainless_steel_dishwasher task.activity_definition_id=0 eval_instance_ids='[0]' model.host=localhost
clean_a_suitcase,0,[0],clean_a_suitcase-0,omnigibson,/home/anuriha/BEHAVIOR-1K/bddl3/bddl/activity_definitions/clean_a_suitcase/problem0.bddl,R1Pro,--robot-type,5,"[""agent.n.01"", ""bag.n.06"", ""dirt.n.02"", ""floor.n.01"", ""rag.n.01""]","[""corridor""]","[""covered"", ""inroom"", ""ontop""]",python /home/anuriha/BEHAVIOR-1K/OmniGibson/omnigibson/learning/eval.py log_path=./logs/clean_a_suitcase_eval policy=websocket task.name=clean_a_suitcase task.activity_definition_id=0 eval_instance_ids='[0]' model.host=localhost
clean_a_teddy_bear,0,[0],clean_a_teddy_bear-0,omnigibson,/home/anuriha/BEHAVIOR-1K/bddl3/bddl/activity_definitions/clean_a_teddy_bear/problem0.bddl,R1Pro,--robot-type,10,"[""agent.n.01"", ""floor.n.01"", ""liquid_soap.n.01"", ""liquid_soap__bottle.n.01"", ""rag.n.01"", ""sink.n.01"", ""stain.n.01"", ""teddy.n.01"", ""water.n.06""]","[""bathroom""]","[""covered"", ""filled"", ""inroom"", ""insource"", ""ontop""]",python /home/anuriha/BEHAVIOR-1K/OmniGibson/omnigibson/learning/eval.py log_path=./logs/clean_a_teddy_bear_eval policy=websocket task.name=clean_a_teddy_bear task.activity_definition_id=0 eval_instance_ids='[0]' model.host=localhost
clean_a_tie,0,[0],clean_a_tie-0,omnigibson,/home/anuriha/BEHAVIOR-1K/bddl3/bddl/activity_definitions/clean_a_tie/problem0.bddl,R1Pro,--robot-type,9,"[""agent.n.01"", ""clothes_dryer.n.01"", ""detergent.n.02"", ""detergent__bottle.n.01"", ""floor.n.01"", ""necktie.n.01"", ""stain.n.01"", ""washer.n.03"", ""water.n.06""]","[""utility_room""]","[""covered"", ""filled"", ""future"", ""inroom"", ""ontop"", ""saturated""]",python /home/anuriha/BEHAVIOR-1K/OmniGibson/omnigibson/learning/eval.py log_path=./logs/clean_a_tie_eval policy=websocket task.name=clean_a_tie task.activity_definition_id=0 eval_instance_ids='[0]' model.host=localhost
clean_a_toaster,0,[0],clean_a_toaster-0,omnigibson,/home/anuriha/BEHAVIOR-1K/bddl3/bddl/activity_definitions/clean_a_toaster/problem0.bddl,R1Pro,--robot-type,12,"[""adhesive_material.n.01"", ""agent.n.01"", ""cabinet.n.01"", ""countertop.n.01"", ""crumb.n.03"", ""floor.n.01"", ""liquid_soap.n.01"", ""liquid_soap__bottle.n.01"", ""sink.n.01"", ""sponge.n.01"", ""toaster.n.02"", ""water.n.06""]","[""kitchen""]","[""covered"", ""filled"", ""inroom"", ""inside"", ""insource"", ""ontop""]",python /home/anuriha/BEHAVIOR-1K/OmniGibson/omnigibson/learning/eval.py log_path=./logs/clean_a_toaster_eval policy=websocket task.name=clean_a_toaster task.activity_definition_id=0 eval_instance_ids='[0]' model.host=localhost
clean_a_toaster_oven,0,[0],clean_a_toaster_oven-0,omnigibson,/home/anuriha/BEHAVIOR-1K/bddl3/bddl/activity_definitions/clean_a_toaster_oven/problem0.bddl,R1Pro,--robot-type,12,"[""agent.n.01"", ""countertop.n.01"", ""crumb.n.03"", ""detergent.n.02"", ""detergent__atomizer.n.01"", ""floor.n.01"", ""rag.n.01"", ""sink.n.01"", ""stain.n.01"", ""toast.n.01"", ""toaster_oven.n.01"", ""water.n.06""]","[""kitchen""]","[""covered"", ""inroom"", ""inside"", ""insource"", ""ontop""]",python /home/anuriha/BEHAVIOR-1K/OmniGibson/omnigibson/learning/eval.py log_path=./logs/clean_a_toaster_oven_eval policy=websocket task.name=clean_a_toaster_oven task.activity_definition_id=0 eval_instance_ids='[0]' model.host=localhost
clean_a_trombone,0,[0],clean_a_trombone-0,omnigibson,/home/anuriha/BEHAVIOR-1K/bddl3/bddl/activity_definitions/clean_a_trombone/problem0.bddl,R1Pro,--robot-type,6,"[""agent.n.01"", ""coffee_table.n.01"", ""debris.n.01"", ""floor.n.01"", ""rag.n.01"", ""trombone.n.01""]","[""living_room""]","[""covered"", ""inroom"", ""ontop""]",python /home/anuriha/BEHAVIOR-1K/OmniGibson/omnigibson/learning/eval.py log_path=./logs/clean_a_trombone_eval policy=websocket task.name=clean_a_trombone task.activity_definition_id=0 eval_instance_ids='[0]' model.host=localhost
clean_a_trumpet,0,[0],clean_a_trumpet-0,omnigibson,/home/anuriha/BEHAVIOR-1K/bddl3/bddl/activity_definitions/clean_a_trumpet/problem0.bddl,R1Pro,--robot-type,6,"[""agent.n.01"", ""cornet.n.01"", ""desk.n.01"", ""dust.n.01"", ""floor.n.01"", ""scrub_brush.n.01""]","[""bedroom""]","[""covered"", ""inroom"", ""ontop""]",python /home/anuriha/BEHAVIOR-1K/OmniGibson/omnigibson/learning/eval.py log_path=./logs/clean_a_trumpet_eval policy=websocket task.name=clean_a_trumpet task.activity_definition_id=0 eval_instance_ids='[0]' model.host=localhost
clean_a_turkey,0,[0],clean_a_turkey-0,omnigibson,/home/anuriha/BEHAVIOR-1K/bddl3/bddl/activity_definitions/clean_a_turkey/problem0.bddl,R1Pro,--robot-type,11,"[""agent.n.01"", ""cabinet.n.01"", ""carton.n.02"", ""countertop.n.01"", ""floor.n.01"", ""hand_towel.n.01"", ""mud.n.03"", ""sink.n.01"", ""string.n.01"", ""turkey.n.04"", ""water.n.06""]","[""kitchen""]","[""covered"", ""inroom"", ""inside"", ""insource"", ""ontop""]",python /home/anuriha/BEHAVIOR-1K/OmniGibson/omnigibson/learning/eval.py log_path=./logs/clean_a_turkey_eval policy=websocket task.name=clean_a_turkey task.activity_definition_id=0 eval_instance_ids='[0]' model.host=localhost
clean_a_vacuum,0,[0],clean_a_vacuum-0,omnigibson,/home/anuriha/BEHAVIOR-1K/bddl3/bddl/activity_definitions/clean_a_vacuum/problem0.bddl,R1Pro,--robot-type,10,"[""agent.n.01"", ""ashcan.n.01"", ""canister.n.02"", ""debris.n.01"", ""disinfectant.n.01"", ""disinfectant__bottle.n.01"", ""dust.n.01"", ""floor.n.01"", ""paper_towel.n.01"", ""vacuum.n.04""]","[""utility_room""]","[""covered"", ""filled"", ""inroom"", ""ontop""]",python /home/anuriha/BEHAVIOR-1K/OmniGibson/omnigibson/learning/eval.py log_path=./logs/clean_a_vacuum_eval policy=websocket task.name=clean_a_vacuum task.activity_definition_id=0 eval_instance_ids='[0]' model.host=localhost
clean_a_violin,0,[0],clean_a_violin-0,omnigibson,/home/anuriha/BEHAVIOR-1K/bddl3/bddl/activity_definitions/clean_a_violin/problem0.bddl,R1Pro,--robot-type,7,"[""agent.n.01"", ""bookcase.n.01"", ""dust.n.01"", ""floor.n.01"", ""rag.n.01"", ""sofa.n.01"", ""violin.n.01""]","[""living_room""]","[""covered"", ""inroom"", ""inside"", ""ontop""]",python /home/anuriha/BEHAVIOR-1K/OmniGibson/omnigibson/learning/eval.py log_path=./logs/clean_a_violin_eval policy=websocket task.name=clean_a_violin task.activity_definition_id=0 eval_instance_ids='[0]' model.host=localhost
clean_a_watch,0,[0],clean_a_watch-0,omnigibson,/home/anuriha/BEHAVIOR-1K/bddl3/bddl/activity_definitions/clean_a_watch/problem0.bddl,R1Pro,--robot-type,8,"[""agent.n.01"", ""countertop.n.01"", ""dirt.n.02"", ""floor.n.01"", ""sink.n.01"", ""tissue.n.02"", ""watch.n.01"", ""water.n.06""]","[""kitchen""]","[""covered"", ""inroom"", ""insource"", ""ontop""]",python /home/anuriha/BEHAVIOR-1K/OmniGibson/omnigibson/learning/eval.py log_path=./logs/clean_a_watch_eval policy=websocket task.name=clean_a_watch task.activity_definition_id=0 eval_instance_ids='[0]' model.host=localhost
clean_a_whiteboard,0,[0],clean_a_whiteboard-0,omnigibson,/home/anuriha/BEHAVIOR-1K/bddl3/bddl/activity_definitions/clean_a_whiteboard/problem0.bddl,R1Pro,--robot-type,8,"[""agent.n.01"", ""desk.n.01"", ""display_panel.n.01"", ""floor.n.01"", ""paper_towel.n.01"", ""rubbing_alcohol.n.01"", ""rubbing_alcohol__atomizer.n.01"", ""tarnish.n.02""]","[""classroom""]","[""covered"", ""inroom"", ""insource"", ""ontop""]",python /home/anuriha/BEHAVIOR-1K/OmniGibson/omnigibson/learning/eval.py log_path=./logs/clean_a_whiteboard_eval policy=websocket task.name=clean_a_whiteboard task.activity_definition_id=0 eval_instance_ids='[0]' model.host=localhost
clean_a_wood_pipe,0,[0],clean_a_wood_pipe-0,omnigibson,/home/anuriha/BEHAVIOR-1K/bddl3/bddl/activity_definitions/clean_a_wood_pipe/problem0.bddl,R1Pro,--robot-type,10,"[""agent.n.01"", ""countertop.n.01"", ""floor.n.01"", ""hand_towel.n.01"", ""liquid_soap.n.01"", ""liquid_soap__bottle.n.01"", ""pipe.n.01"", ""sink.n.01"", ""stain.n.01"", ""water.n.06""]","[""kitchen""]","[""covered"", ""filled"", ""inroom"", ""insource"", ""ontop""]",python /home/anuriha/BEHAVIOR-1K/OmniGibson/omnigibson/learning/eval.py log_path=./logs/clean_a_wood_pipe_eval policy=websocket task.name=clean_a_wood_pipe task.activity_definition_id=0 eval_instance_ids='[0]' model.host=localhost
clean_an_air_filter,0,[0],clean_an_air_filter-0,omnigibson,/home/anuriha/BEHAVIOR-1K/bddl3/bddl/activity_definitions/clean_an_air_filter/problem0.bddl,R1Pro,--robot-type,9,"[""agent.n.01"", ""air_filter.n.01"", ""coffee_table.n.01"", ""disinfectant.n.01"", ""disinfectant__bottle.n.01"", ""dust.n.01"", ""floor.n.01"", ""rag.n.01""]","[""living_room""]","[""covered"", ""filled"", ""inroom"", ""ontop""]",python /home/anuriha/BEHAVIOR-1K/OmniGibson/omnigibson/learning/eval.py log_path=./logs/clean_an_air_filter_eval policy=websocket task.name=clean_an_air_filter task.activity_definition_id=0 eval_instance_ids='[0]' model.host=localhost
clean_an_electric_kettle,0,[0],clean_an_electric_kettle-0,omnigibson,/home/anuriha/BEHAVIOR-1K/bddl3/bddl/activity_definitions/clean_an_electric_kettle/problem0.bddl,R1Pro,--robot-type,11,"[""agent.n.01"", ""countertop.n.01"", ""electric_kettle.n.01"", ""floor.n.01"", ""liquid_soap.n.01"", ""liquid_soap__bottle.n.01"", ""scrub_brush.n.01"", ""sink.n.01"", ""stain.n.01"", ""tea.n.01"", ""water.n.06""]","[""kitchen""]","[""covered"", ""filled"", ""inroom"", ""insource"", ""ontop""]",python /home/anuriha/BEHAVIOR-1K/OmniGibson/omnigibson/learning/eval.py log_path=./logs/clean_an_electric_kettle_eval policy=websocket task.name=clean_an_electric_kettle task.activity_definition_id=0 eval_instance_ids='[0]' model.host=localhost
clean_an_electric_razor,0,[0],clean_an_electric_razor-0,omnigibson,/home/anuriha/BEHAVIOR-1K/bddl3/bddl/activity_definitions/clean_an_electric_razor/problem0.bddl,R1Pro,--robot-type,10,"[""agent.n.01"", ""floor.n.01"", ""hair.n.04"", ""liquid_soap.n.01"", ""liquid_soap__bottle.n.01"", ""lotion.n.01"", ""razor.n.01"", ""sink.n.01"", ""tissue.n.02"", ""water.n.06""]","[""bathroom""]","[""covered"", ""filled"", ""inroom"", ""insource"", ""ontop""]",python /home/anuriha/BEHAVIOR-1K/OmniGibson/omnigibson/learning/eval.py log_path=./logs/clean_an_electric_razor_eval policy=websocket task.name=clean_an_electric_razor task.activity_definition_id=0 eval_instance_ids='[0]' model.host=localhost
clean_an_eraser,0,[0],clean_an_eraser-0,omnigibson,/home/anuriha/BEHAVIOR-1K/bddl3/bddl/activity_definitions/clean_an_eraser/problem0.bddl,R1Pro,--robot-type,6,"[""agent.n.01"", ""desk.n.01"", ""dust.n.01"", ""eraser.n.01"", ""floor.n.01"", ""rag.n.01""]","[""classroom""]","[""covered"", ""inroom"", ""ontop""]",python /home/anuriha/BEHAVIOR-1K/OmniGibson/omnigibson/learning/eval.py log_path=./logs/clean_an_eraser_eval policy=websocket task.name=clean_an_eraser task.activity_definition_id=0 eval_instance_ids='[0]' model.host=localhost
clean_an_espresso_machine,0,[0],clean_an_espresso_machine-0,omnigibson,/home/anuriha/BEHAVIOR-1K/bddl3/bddl/activity_definitions/clean_an_espresso_machine/problem0.bddl,R1Pro,--robot-type,14,"[""agent.n.01"", ""ashcan.n.01"", ""coffee_grounds.n.01"", ""coffee_maker.n.01"", ""countertop.n.01"", ""disinfectant.n.01"", ""disinfectant__bottle.n.01"", ""floor.n.01"", ""liquid_soap.n.01"", ""liquid_soap__bottle.n.01"", ""paper_coffee_filter.n.01"", ""rag.n.01"", ""sink.n.01"", ""water.n.06""]","[""kitchen""]","[""covered"", ""filled"", ""inroom"", ""inside"", ""insource"", ""ontop"", ""toggled_on""]",python /home/anuriha/BEHAVIOR-1K/OmniGibson/omnigibson/learning/eval.py log_path=./logs/clean_an_espresso_machine_eval policy=websocket task.name=clean_an_espresso_machine task.activity_definition_id=0 eval_instance_ids='[0]' model.host=localhost
clean_an_iron,0,[0],clean_an_iron-0,omnigibson,/home/anuriha/BEHAVIOR-1K/bddl3/bddl/activity_definitions/clean_an_iron/problem0.bddl,R1Pro,--robot-type,7,"[""agent.n.01"", ""dust.n.01"", ""floor.n.01"", ""hand_towel.n.01"", ""iron.n.04"", ""lint.n.01"", ""sink.n.01""]","[""bathroom""]","[""covered"", ""inroom"", ""ontop""]",python /home/anuriha/BEHAVIOR-1K/OmniGibson/omnigibson/learning/eval.py log_path=./logs/clean_an_iron_eval policy=websocket task.name=clean_an_iron task.activity_definition_id=0 eval_instance_ids='[0]' model.host=localhost
clean_an_office_chair,0,[0],clean_an_office_chair-0,omnigibson,/home/anuriha/BEHAVIOR-1K/bddl3/bddl/activity_definitions/clean_an_office_chair/problem0.bddl,R1Pro,--robot-type,6,"[""agent.n.01"", ""dust.n.01"", ""floor.n.01"", ""hand_towel.n.01"", ""lint.n.01"", ""swivel_chair.n.01""]","[""shared_office""]","[""covered"", ""inroom"", ""ontop""]",python /home/anuriha/BEHAVIOR-1K/OmniGibson/omnigibson/learning/eval.py log_path=./logs/clean_an_office_chair_eval policy=websocket task.name=clean_an_office_chair task.activity_definition_id=0 eval_instance_ids='[0]' model.host=localhost
clean_and_disinfect_ice_trays,0,[0],clean_and_disinfect_ice_trays-0,omnigibson,/home/anuriha/BEHAVIOR-1K/bddl3/bddl/activity_definitions/clean_and_disinfect_ice_trays/problem0.bddl,R1Pro,--robot-type,13,"[""adhesive_material.n.01"", ""agent.n.01"", ""countertop.n.01"", ""disinfectant.n.01"", ""disinfectant__bottle.n.01"", ""floor.n.01"", ""liquid_soap.n.01"", ""liquid_soap__bottle.n.01"", ""sink.n.01"", ""sponge.n.01"", ""tray.n.01"", ""water.n.06""]","[""kitchen""]","[""covered"", ""filled"", ""inroom"", ""insource"", ""ontop""]",python /home/anuriha/BEHAVIOR-1K/OmniGibson/omnigibson/learning/eval.py log_path=./logs/clean_and_disinfect_ice_trays_eval policy=websocket task.name=clean_and_disinfect_ice_trays task.activity_definition_id=0 eval_instance_ids='[0]' model.host=localhost
clean_apples,0,[0],clean_apples-0,omnigibson,/home/anuriha/BEHAVIOR-1K/bddl3/bddl/activity_definitions/clean_apples/problem0.bddl,R1Pro,--robot-type,11,"[""agent.n.01"", ""apple.n.01"", ""countertop.n.01"", ""dirt.n.02"", ""floor.n.01"", ""rag.n.01"", ""sink.n.01"", ""vinegar.n.01"", ""vinegar__bottle.n.01"", ""water.n.06""]","[""kitchen""]","[""covered"", ""filled"", ""inroom"", ""insource"", ""ontop""]",python /home/anuriha/BEHAVIOR-1K/OmniGibson/omnigibson/learning/eval.py log_path=./logs/clean_apples_eval policy=websocket task.name=clean_apples task.activity_definition_id=0 eval_instance_ids='[0]' model.host=localhost
clean_baby_toys,0,[0],clean_baby_toys-0,omnigibson,/home/anuriha/BEHAVIOR-1K/bddl3/bddl/activity_definitions/clean_baby_toys/problem0.bddl,R1Pro,--robot-type,11,"[""agent.n.01"", ""floor.n.01"", ""liquid_soap.n.01"", ""liquid_soap__bottle.n.01"", ""rag.n.01"", ""sink.n.01"", ""stain.n.01"", ""teddy.n.01"", ""water.n.06"", ""wicker_basket.n.01""]","[""bathroom""]","[""covered"", ""filled"", ""inroom"", ""inside"", ""insource"", ""ontop""]",python /home/anuriha/BEHAVIOR-1K/OmniGibson/omnigibson/learning/eval.py log_path=./logs/clean_baby_toys_eval policy=websocket task.name=clean_baby_toys task.activity_definition_id=0 eval_instance_ids='[0]' model.host=localhost
clean_baking_sheets,0,[0],clean_baking_sheets-0,omnigibson,/home/anuriha/BEHAVIOR-1K/bddl3/bddl/activity_definitions/clean_baking_sheets/problem0.bddl,R1Pro,--robot-type,8,"[""adhesive_material.n.01"", ""agent.n.01"", ""cookie_sheet.n.01"", ""countertop.n.01"", ""floor.n.01"", ""liquid_soap.n.01"", ""liquid_soap__bottle.n.01"", ""sponge.n.01""]","[""kitchen""]","[""covered"", ""filled"", ""inroom"", ""ontop""]",python /home/anuriha/BEHAVIOR-1K/OmniGibson/omnigibson/learning/eval.py log_path=./logs/clean_baking_sheets_eval policy=websocket task.name=clean_baking_sheets task.activity_definition_id=0 eval_instance_ids='[0]' model.host=localhost
clean_batting_gloves,0,[0],clean_batting_gloves-0,omnigibson,/home/anuriha/BEHAVIOR-1K/bddl3/bddl/activity_definitions/clean_batting_gloves/problem0.bddl,R1Pro,--robot-type,10,"[""agent.n.01"", ""batting_glove.n.01"", ""clothes_dryer.n.01"", ""detergent.n.02"", ""detergent__bottle.n.01"", ""floor.n.01"", ""mud.n.03"", ""washer.n.03"", ""water.n.06""]","[""utility_room""]","[""covered"", ""filled"", ""future"", ""inroom"", ""ontop"", ""saturated""]",python /home/anuriha/BEHAVIOR-1K/OmniGibson/omnigibson/learning/eval.py log_path=./logs/clean_batting_gloves_eval policy=websocket task.name=clean_batting_gloves task.activity_definition_id=0 eval_instance_ids='[0]' model.host=localhost
clean_black_rims,0,[0],clean_black_rims-0,omnigibson,/home/anuriha/BEHAVIOR-1K/bddl3/bddl/activity_definitions/clean_black_rims/problem0.bddl,R1Pro,--robot-type,11,"[""agent.n.01"", ""car.n.01"", ""car_wheel.n.01"", ""driveway.n.01"", ""dust.n.01"", ""floor.n.01"", ""liquid_soap.n.01"", ""sponge.n.01""]","[""garden""]","[""covered"", ""inroom"", ""ontop"", ""saturated""]",python /home/anuriha/BEHAVIOR-1K/OmniGibson/omnigibson/learning/eval.py log_path=./logs/clean_black_rims_eval policy=websocket task.name=clean_black_rims task.activity_definition_id=0 eval_instance_ids='[0]' model.host=localhost
clean_bok_choy,0,[0],clean_bok_choy-0,omnigibson,/home/anuriha/BEHAVIOR-1K/bddl3/bddl/activity_definitions/clean_bok_choy/problem0.bddl,R1Pro,--robot-type,9,"[""agent.n.01"", ""bok_choy.n.02"", ""chopping_board.n.01"", ""countertop.n.01"", ""dirt.n.02"", ""floor.n.01"", ""paper_towel.n.01"", ""sink.n.01"", ""water.n.06""]","[""kitchen""]","[""covered"", ""inroom"", ""insource"", ""ontop""]",python /home/anuriha/BEHAVIOR-1K/OmniGibson/omnigibson/learning/eval.py log_path=./logs/clean_bok_choy_eval policy=websocket task.name=clean_bok_choy task.activity_definition_id=0 eval_instance_ids='[0]' model.host=localhost
clean_boxing_gloves,0,[0],clean_boxing_gloves-0,omnigibson,/home/anuriha/BEHAVIOR-1K/bddl3/bddl/activity_definitions/clean_boxing_gloves/problem0.bddl,R1Pro,--robot-type,7,"[""agent.n.01"", ""boxing_glove.n.01"", ""countertop.n.01"", ""dust.n.01"", ""floor.n.01"", ""washer.n.03""]","[""utility_room""]","[""covered"", ""inroom"", ""ontop""]",python /home/anuriha/BEHAVIOR-1K/OmniGibson/omnigibson/learning/eval.py log_path=./logs/clean_boxing_gloves_eval policy=websocket task.name=clean_boxing_gloves task.activity_definition_id=0 eval_instance_ids='[0]' model.host=localhost
clean_brass,0,[0],clean_brass-0,omnigibson,/home/anuriha/BEHAVIOR-1K/bddl3/bddl/activity_definitions/clean_brass/problem0.bddl,R1Pro,--robot-type,7,"[""agent.n.01"", ""bookcase.n.01"", ""brass.n.02"", ""floor.n.01"", ""polish.n.03"", ""polish__bottle.n.01"", ""rag.n.01""]","[""living_room""]","[""covered"", ""filled"", ""inroom"", ""inside"", ""ontop""]",python /home/anuriha/BEHAVIOR-1K/OmniGibson/omnigibson/learning/eval.py log_path=./logs/clean_brass_eval policy=websocket task.name=clean_brass task.activity_definition_id=0 eval_instance_ids='[0]' model.host=localhost
clean_brass_casings,0,[0],clean_brass_casings-0,omnigibson,/home/anuriha/BEHAVIOR-1K/bddl3/bddl/activity_definitions/clean_brass_casings/problem0.bddl,R1Pro,--robot-type,9,"[""agent.n.01"", ""coffee_table.n.01"", ""floor.n.01"", ""jacket.n.05"", ""lemon_juice.n.01"", ""lemon_juice__bottle.n.01"", ""rag.n.01"", ""stain.n.01""]","[""living_room""]","[""covered"", ""filled"", ""inroom"", ""ontop""]",python /home/anuriha/BEHAVIOR-1K/OmniGibson/omnigibson/learning/eval.py log_path=./logs/clean_brass_casings_eval policy=websocket task.name=clean_brass_casings task.activity_definition_id=0 eval_instance_ids='[0]' model.host=localhost
clean_brooms,0,[0],clean_brooms-0,omnigibson,/home/anuriha/BEHAVIOR-1K/bddl3/bddl/activity_definitions/clean_brooms/problem0.bddl,R1Pro,--robot-type,10,"[""agent.n.01"", ""broom.n.01"", ""detergent.n.02"", ""detergent__bottle.n.01"", ""floor.n.01"", ""rag.n.01"", ""sink.n.01"", ""stain.n.01"", ""water.n.06""]","[""utility_room""]","[""covered"", ""filled"", ""inroom"", ""insource"", ""ontop""]",python /home/anuriha/BEHAVIOR-1K/OmniGibson/omnigibson/learning/eval.py log_path=./logs/clean_brooms_eval policy=websocket task.name=clean_brooms task.activity_definition_id=0 eval_instance_ids='[0]' model.host=localhost
clean_cabbage,0,[0],clean_cabbage-0,omnigibson,/home/anuriha/BEHAVIOR-1K/bddl3/bddl/activity_definitions/clean_cabbage/problem0.bddl,R1Pro,--robot-type,9,"[""agent.n.01"", ""dirt.n.02"", ""electric_refrigerator.n.01"", ""floor.n.01"", ""head_cabbage.n.02"", ""paper_towel.n.01"", ""sink.n.01"", ""water.n.06"", ""wicker_basket.n.01""]","[""kitchen""]","[""covered"", ""inroom"", ""inside"", ""insource"", ""ontop""]",python /home/anuriha/BEHAVIOR-1K/OmniGibson/omnigibson/learning/eval.py log_path=./logs/clean_cabbage_eval policy=websocket task.name=clean_cabbage task.activity_definition_id=0 eval_instance_ids='[0]' model.host=localhost
clean_carpets,0,[0],clean_carpets-0,omnigibson,/home/anuriha/BEHAVIOR-1K/bddl3/bddl/activity_definitions/clean_carpets/problem0.bddl,R1Pro,--robot-type,5,"[""agent.n.01"", ""dust.n.01"", ""floor.n.01"", ""rug.n.01"", ""vacuum.n.04""]","[""playroom""]","[""covered"", ""inroom"", ""ontop""]",python /home/anuriha/BEHAVIOR-1K/OmniGibson/omnigibson/learning/eval.py log_path=./logs/clean_carpets_eval policy=websocket task.name=clean_carpets task.activity_definition_id=0 eval_instance_ids='[0]' model.host=localhost
clean_cement,0,[0],clean_cement-0,omnigibson,/home/anuriha/BEHAVIOR-1K/bddl3/bddl/activity_definitions/clean_cement/problem0.bddl,R1Pro,--robot-type,9,"[""agent.n.01"", ""detergent.n.02"", ""detergent__bottle.n.01"", ""dirt.n.02"", ""driveway.n.01"", ""floor.n.01"", ""scrub_brush.n.01"", ""water.n.06"", ""watering_can.n.01""]","[""garage"", ""garden""]","[""covered"", ""filled"", ""inroom"", ""insource"", ""ontop""]",python /home/anuriha/BEHAVIOR-1K/OmniGibson/omnigibson/learning/eval.py log_path=./logs/clean_cement_eval policy=websocket task.name=clean_cement task.activity_definition_id=0 eval_instance_ids='[0]' model.host=localhost
clean_clams,0,[0],clean_clams-0,omnigibson,/home/anuriha/BEHAVIOR-1K/bddl3/bddl/activity_definitions/clean_clams/problem0.bddl,R1Pro,--robot-type,11,"[""agent.n.01"", ""bowl.n.01"", ""clam.n.03"", ""countertop.n.01"", ""electric_refrigerator.n.01"", ""floor.n.01"", ""rag.n.01"", ""sand.n.04"", ""sink.n.01"", ""water.n.06""]","[""kitchen""]","[""covered"", ""inroom"", ""inside"", ""insource"", ""ontop""]",python /home/anuriha/BEHAVIOR-1K/OmniGibson/omnigibson/learning/eval.py log_path=./logs/clean_clams_eval policy=websocket task.name=clean_clams task.activity_definition_id=0 eval_instance_ids='[0]' model.host=localhost
clean_clear_plastic,0,[0],clean_clear_plastic-0,omnigibson,/home/anuriha/BEHAVIOR-1K/bddl3/bddl/activity_definitions/clean_clear_plastic/problem0.bddl,R1Pro,--robot-type,10,"[""agent.n.01"", ""countertop.n.01"", ""floor.n.01"", ""liquid_soap.n.01"", ""liquid_soap__bottle.n.01"", ""sink.n.01"", ""sodium_carbonate.n.01"", ""sodium_carbonate__jar.n.01"", ""stain.n.01"", ""water.n.06""]","[""kitchen""]","[""contains"", ""covered"", ""filled"", ""inroom"", ""insource"", ""ontop""]",python /home/anuriha/BEHAVIOR-1K/OmniGibson/omnigibson/learning/eval.py log_path=./logs/clean_clear_plastic_eval policy=websocket task.name=clean_clear_plastic task.activity_definition_id=0 eval_instance_ids='[0]' model.host=localhost
clean_conch_shells,0,[0],clean_conch_shells-0,omnigibson,/home/anuriha/BEHAVIOR-1K/bddl3/bddl/activity_definitions/clean_conch_shells/problem0.bddl,R1Pro,--robot-type,10,"[""agent.n.01"", ""conch.n.01"", ""countertop.n.01"", ""dust.n.01"", ""floor.n.01"", ""rag.n.01"", ""sand.n.04"", ""sink.n.01"", ""water.n.06""]","[""kitchen""]","[""covered"", ""inroom"", ""insource"", ""ontop""]",python /home/anuriha/BEHAVIOR-1K/OmniGibson/omnigibson/learning/eval.py log_path=./logs/clean_conch_shells_eval policy=websocket task.name=clean_conch_shells task.activity_definition_id=0 eval_instance_ids='[0]' model.host=localhost
clean_copper_mugs,0,[0],clean_copper_mugs-0,omnigibson,/home/anuriha/BEHAVIOR-1K/bddl3/bddl/activity_definitions/clean_copper_mugs/problem0.bddl,R1Pro,--robot-type,12,"[""agent.n.01"", ""countertop.n.01"", ""dishwasher.n.01"", ""floor.n.01"", ""liquid_soap.n.01"", ""liquid_soap__bottle.n.01"", ""mug.n.04"", ""sink.n.01"", ""sponge.n.01"", ""stain.n.01"", ""water.n.06""]","[""kitchen""]","[""covered"", ""filled"", ""inroom"", ""insource"", ""ontop""]",python /home/anuriha/BEHAVIOR-1K/OmniGibson/omnigibson/learning/eval.py log_path=./logs/clean_copper_mugs_eval policy=websocket task.name=clean_copper_mugs task.activity_definition_id=0 eval_instance_ids='[0]' model.host=localhost
clean_copper_wire,0,[0],clean_copper_wire-0,omnigibson,/home/anuriha/BEHAVIOR-1K/bddl3/bddl/activity_definitions/clean_copper_wire/problem0.bddl,R1Pro,--robot-type,13,"[""agent.n.01"", ""copper_wire.n.01"", ""cornstarch.n.01"", ""cornstarch__jar.n.01"", ""countertop.n.01"", ""floor.n.01"", ""lemon_juice.n.01"", ""lemon_juice__bottle.n.01"", ""rust.n.01"", ""salt.n.02"", ""salt__shaker.n.01"", ""sink.n.01"", ""water.n.06""]","[""kitchen""]","[""covered"", ""filled"", ""inroom"", ""insource"", ""ontop""]",python /home/anuriha/BEHAVIOR-1K/OmniGibson/omnigibson/learning/eval.py log_path=./logs/clean_copper_wire_eval policy=websocket task.name=clean_copper_wire task.activity_definition_id=0 eval_instance_ids='[0]' model.host=localhost
clean_cork_mats,0,[0],clean_cork_mats-0,omnigibson,/home/anuriha/BEHAVIOR-1K/bddl3/bddl/activity_definitions/clean_cork_mats/problem0.bddl,R1Pro,--robot-type,9,"[""agent.n.01"", ""cup.n.01"", ""floor.n.01"", ""liquid_soap.n.01"", ""liquid_soap__bottle.n.01"", ""mat.n.01"", ""rag.n.01"", ""stain.n.01"", ""water.n.06""]","[""bedroom""]","[""covered"", ""filled"", ""inroom"", ""ontop""]",python /home/anuriha/BEHAVIOR-1K/OmniGibson/omnigibson/learning/eval.py log_path=./logs/clean_cork_mats_eval policy=websocket task.name=clean_cork_mats task.activity_definition_id=0 eval_instance_ids='[0]' model.host=localhost
clean_couch_pillows,0,[0],clean_couch_pillows-0,omnigibson,/home/anuriha/BEHAVIOR-1K/bddl3/bddl/activity_definitions/clean_couch_pillows/problem0.bddl,R1Pro,--robot-type,10,"[""agent.n.01"", ""detergent.n.02"", ""detergent__bottle.n.01"", ""floor.n.01"", ""pillow.n.01"", ""scrub_brush.n.01"", ""sofa.n.01"", ""stain.n.01"", ""water.n.06"", ""water_bottle.n.01""]","[""living_room""]","[""covered"", ""filled"", ""inroom"", ""ontop""]",python /home/anuriha/BEHAVIOR-1K/OmniGibson/omnigibson/learning/eval.py log_path=./logs/clean_couch_pillows_eval policy=websocket task.name=clean_couch_pillows task.activity_definition_id=0 eval_instance_ids='[0]' model.host=localhost
clean_cup_holders,0,[0],clean_cup_holders-0,omnigibson,/home/anuriha/BEHAVIOR-1K/bddl3/bddl/activity_definitions/clean_cup_holders/problem0.bddl,R1Pro,--robot-type,11,"[""adhesive_material.n.01"", ""agent.n.01"", ""countertop.n.01"", ""cup_holder.n.01"", ""drip_coffee.n.01"", ""floor.n.01"", ""liquid_soap.n.01"", ""liquid_soap__bottle.n.01"", ""sink.n.01"", ""sponge.n.01"", ""water.n.06""]","[""kitchen""]","[""covered"", ""filled"", ""inroom"", ""insource"", ""ontop""]",python /home/anuriha/BEHAVIOR-1K/OmniGibson/omnigibson/learning/eval.py log_path=./logs/clean_cup_holders_eval policy=websocket task.name=clean_cup_holders task.activity_definition_id=0 eval_instance_ids='[0]' model.host=localhost
clean_cups,0,[0],clean_cups-0,omnigibson,/home/anuriha/BEHAVIOR-1K/bddl3/bddl/activity_definitions/clean_cups/problem0.bddl,R1Pro,--robot-type,13,"[""agent.n.01"", ""countertop.n.01"", ""floor.n.01"", ""liquid_soap.n.01"", ""liquid_soap__bottle.n.01"", ""low-fat_milk.n.01"", ""mug.n.04"", ""sink.n.01"", ""sponge.n.01"", ""tea.n.01"", ""teacup.n.02"", ""water.n.06""]","[""kitchen""]","[""covered"", ""filled"", ""inroom"", ""insource"", ""ontop""]",python /home/anuriha/BEHAVIOR-1K/OmniGibson/omnigibson/learning/eval.py log_path=./logs/clean_cups_eval policy=websocket task.name=clean_cups task.activity_definition_id=0 eval_instance_ids='[0]' model.host=localhost
clean_decking,0,[0],clean_decking-0,omnigibson,/home/anuriha/BEHAVIOR-1K/bddl3/bddl/activity_definitions/clean_decking/problem0.bddl,R1Pro,--robot-type,18,"[""agent.n.01"", ""ashcan.n.01"", ""bleaching_agent.n.01"", ""bleaching_agent__atomizer.n.01"", ""board.n.02"", ""entire_leaf.n.01"", ""floor.n.01"", ""liquid_soap.n.01"", ""liquid_soap__bottle.n.01"", ""mud.n.03"", ""rail_fence.n.01"", ""scrub_brush.n.01"", ""water.n.06"", ""watering_can.n.01""]","[""garden""]","[""covered"", ""filled"", ""inroom"", ""inside"", ""insource"", ""ontop""]",python /home/anuriha/BEHAVIOR-1K/OmniGibson/omnigibson/learning/eval.py log_path=./logs/clean_decking_eval policy=websocket task.name=clean_decking task.activity_definition_id=0 eval_instance_ids='[0]' model.host=localhost
clean_deer_antlers,0,[0],clean_deer_antlers-0,omnigibson,/home/anuriha/BEHAVIOR-1K/bddl3/bddl/activity_definitions/clean_deer_antlers/problem0.bddl,R1Pro,--robot-type,6,"[""agent.n.01"", ""antler.n.01"", ""dust.n.01"", ""floor.n.01"", ""hand_towel.n.01"", ""wall_nail.n.01""]","[""corridor""]","[""attached"", ""covered"", ""inroom"", ""ontop""]",python /home/anuriha/BEHAVIOR-1K/OmniGibson/omnigibson/learning/eval.py log_path=./logs/clean_deer_antlers_eval policy=websocket task.name=clean_deer_antlers task.activity_definition_id=0 eval_instance_ids='[0]' model.host=localhost
clean_dentures,0,[0],clean_dentures-0,omnigibson,/home/anuriha/BEHAVIOR-1K/bddl3/bddl/activity_definitions/clean_dentures/problem0.bddl,R1Pro,--robot-type,10,"[""agent.n.01"", ""bowl.n.01"", ""countertop.n.01"", ""denture.n.01"", ""floor.n.01"", ""sink.n.01"", ""stain.n.01"", ""vinegar.n.01"", ""vinegar__bottle.n.01"", ""water.n.06""]","[""kitchen""]","[""covered"", ""filled"", ""inroom"", ""insource"", ""ontop""]",python /home/anuriha/BEHAVIOR-1K/OmniGibson/omnigibson/learning/eval.py log_path=./logs/clean_dentures_eval policy=websocket task.name=clean_dentures task.activity_definition_id=0 eval_instance_ids='[0]' model.host=localhost
clean_dentures_with_vinegar,0,[0],clean_dentures_with_vinegar-0,omnigibson,/home/anuriha/BEHAVIOR-1K/bddl3/bddl/activity_definitions/clean_dentures_with_vinegar/problem0.bddl,R1Pro,--robot-type,9,"[""agent.n.01"", ""countertop.n.01"", ""cup.n.01"", ""denture.n.01"", ""floor.n.01"", ""sink.n.01"", ""vinegar.n.01"", ""vinegar__bottle.n.01"", ""water.n.06""]","[""kitchen""]","[""covered"", ""filled"", ""inroom"", ""insource"", ""ontop""]",python /home/anuriha/BEHAVIOR-1K/OmniGibson/omnigibson/learning/eval.py log_path=./logs/clean_dentures_with_vinegar_eval policy=websocket task.name=clean_dentures_with_vinegar task.activity_definition_id=0 eval_instance_ids='[0]' model.host=localhost
clean_dog_collars,0,[0],clean_dog_collars-0,omnigibson,/home/anuriha/BEHAVIOR-1K/bddl3/bddl/activity_definitions/clean_dog_collars/problem0.bddl,R1Pro,--robot-type,8,"[""agent.n.01"", ""dog_collar.n.01"", ""floor.n.01"", ""saddle_soap.n.01"", ""saddle_soap__bottle.n.01"", ""sink.n.01"", ""stain.n.01"", ""water.n.06""]","[""bathroom""]","[""covered"", ""filled"", ""inroom"", ""insource"", ""ontop""]",python /home/anuriha/BEHAVIOR-1K/OmniGibson/omnigibson/learning/eval.py log_path=./logs/clean_dog_collars_eval policy=websocket task.name=clean_dog_collars task.activity_definition_id=0 eval_instance_ids='[0]' model.host=localhost
clean_eggs,0,[0],clean_eggs-0,omnigibson,/home/anuriha/BEHAVIOR-1K/bddl3/bddl/activity_definitions/clean_eggs/problem0.bddl,R1Pro,--robot-type,11,"[""agent.n.01"", ""bowl.n.01"", ""countertop.n.01"", ""dust.n.01"", ""egg.n.02"", ""floor.n.01"", ""sink.n.01"", ""tupperware.n.01"", ""water.n.06""]","[""kitchen""]","[""covered"", ""inroom"", ""inside"", ""insource"", ""ontop""]",python /home/anuriha/BEHAVIOR-1K/OmniGibson/omnigibson/learning/eval.py log_path=./logs/clean_eggs_eval policy=websocket task.name=clean_eggs task.activity_definition_id=0 eval_instance_ids='[0]' model.host=localhost
clean_fishing_lures,0,[0],clean_fishing_lures-0,omnigibson,/home/anuriha/BEHAVIOR-1K/bddl3/bddl/activity_definitions/clean_fishing_lures/problem0.bddl,R1Pro,--robot-type,10,"[""agent.n.01"", ""bait.n.01"", ""countertop.n.01"", ""floor.n.01"", ""scrub_brush.n.01"", ""sink.n.01"", ""stain.n.01"", ""water.n.06""]","[""bathroom""]","[""covered"", ""inroom"", ""insource"", ""ontop""]",python /home/anuriha/BEHAVIOR-1K/OmniGibson/omnigibson/learning/eval.py log_path=./logs/clean_fishing_lures_eval policy=websocket task.name=clean_fishing_lures task.activity_definition_id=0 eval_instance_ids='[0]' model.host=localhost
clean_flip_flops,0,[0],clean_flip_flops-0,omnigibson,/home/anuriha/BEHAVIOR-1K/bddl3/bddl/activity_definitions/clean_flip_flops/problem0.bddl,R1Pro,--robot-type,10,"[""agent.n.01"", ""floor.n.01"", ""liquid_soap.n.01"", ""liquid_soap__bottle.n.01"", ""sandal.n.01"", ""sink.n.01"", ""sponge.n.01"", ""stain.n.01"", ""water.n.06""]","[""bathroom""]","[""covered"", ""filled"", ""inroom"", ""insource"", ""ontop""]",python /home/anuriha/BEHAVIOR-1K/OmniGibson/omnigibson/learning/eval.py log_path=./logs/clean_flip_flops_eval policy=websocket task.name=clean_flip_flops task.activity_definition_id=0 eval_instance_ids='[0]' model.host=localhost
clean_fur,0,[0],clean_fur-0,omnigibson,/home/anuriha/BEHAVIOR-1K/bddl3/bddl/activity_definitions/clean_fur/problem0.bddl,R1Pro,--robot-type,10,"[""agent.n.01"", ""floor.n.01"", ""fur_coat.n.01"", ""rag.n.01"", ""sink.n.01"", ""stain.n.01"", ""toilet_soap.n.01"", ""toilet_soap__bottle.n.01"", ""water.n.06""]","[""utility_room""]","[""covered"", ""filled"", ""inroom"", ""insource"", ""ontop""]",python /home/anuriha/BEHAVIOR-1K/OmniGibson/omnigibson/learning/eval.py log_path=./logs/clean_fur_eval policy=websocket task.name=clean_fur task.activity_definition_id=0 eval_instance_ids='[0]' model.host=localhost
clean_garden_gloves,0,[0],clean_garden_gloves-0,omnigibson,/home/anuriha/BEHAVIOR-1K/bddl3/bddl/activity_definitions/clean_garden_gloves/problem0.bddl,R1Pro,--robot-type,11,"[""agent.n.01"", ""countertop.n.01"", ""detergent.n.02"", ""detergent__bottle.n.01"", ""floor.n.01"", ""glove.n.02"", ""sink.n.01"", ""sponge.n.01"", ""stain.n.01"", ""water.n.06""]","[""kitchen""]","[""covered"", ""filled"", ""inroom"", ""insource"", ""ontop""]",python /home/anuriha/BEHAVIOR-1K/OmniGibson/omnigibson/learning/eval.py log_path=./logs/clean_garden_gloves_eval policy=websocket task.name=clean_garden_gloves task.activity_definition_id=0 eval_instance_ids='[0]' model.host=localhost
clean_gas_logs,0,[0],clean_gas_logs-0,omnigibson,/home/anuriha/BEHAVIOR-1K/bddl3/bddl/activity_definitions/clean_gas_logs/problem0.bddl,R1Pro,--robot-type,8,"[""agent.n.01"", ""cabinet.n.01"", ""dust.n.01"", ""floor.n.01"", ""log.n.01"", ""scrub_brush.n.01"", ""wood_fireplace.n.01""]","[""living_room""]","[""covered"", ""inroom"", ""inside"", ""ontop""]",python /home/anuriha/BEHAVIOR-1K/OmniGibson/omnigibson/learning/eval.py log_path=./logs/clean_gas_logs_eval policy=websocket task.name=clean_gas_logs task.activity_definition_id=0 eval_instance_ids='[0]' model.host=localhost
clean_geodes,0,[0],clean_geodes-0,omnigibson,/home/anuriha/BEHAVIOR-1K/bddl3/bddl/activity_definitions/clean_geodes/problem0.bddl,R1Pro,--robot-type,12,"[""agent.n.01"", ""countertop.n.01"", ""detergent.n.02"", ""detergent__bottle.n.01"", ""floor.n.01"", ""geode.n.01"", ""liquid_soap.n.01"", ""liquid_soap__bottle.n.01"", ""mud.n.03"", ""sink.n.01"", ""toothbrush.n.01"", ""water.n.06""]","[""kitchen""]","[""covered"", ""filled"", ""inroom"", ""insource"", ""ontop""]",python /home/anuriha/BEHAVIOR-1K/OmniGibson/omnigibson/learning/eval.py log_path=./logs/clean_geodes_eval policy=websocket task.name=clean_geodes task.activity_definition_id=0 eval_instance_ids='[0]' model.host=localhost
clean_gold,0,[0],clean_gold-0,omnigibson,/home/anuriha/BEHAVIOR-1K/bddl3/bddl/activity_definitions/clean_gold/problem0.bddl,R1Pro,--robot-type,12,"[""agent.n.01"", ""bracelet.n.02"", ""countertop.n.01"", ""floor.n.01"", ""liquid_soap.n.01"", ""liquid_soap__bottle.n.01"", ""necklace.n.01"", ""ring.n.08"", ""sink.n.01"", ""sponge.n.01"", ""stain.n.01"", ""water.n.06""]","[""kitchen""]","[""covered"", ""filled"", ""inroom"", ""insource"", ""ontop""]",python /home/anuriha/BEHAVIOR-1K/OmniGibson/omnigibson/learning/eval.py log_path=./logs/clean_gold_eval policy=websocket task.name=clean_gold task.activity_definition_id=0 eval_instance_ids='[0]' model.host=localhost
clean_gourds,0,[0],clean_gourds-0,omnigibson,/home/anuriha/BEHAVIOR-1K/bddl3/bddl/activity_definitions/clean_gourds/problem0.bddl,R1Pro,--robot-type,8,"[""agent.n.01"", ""countertop.n.01"", ""dust.n.01"", ""floor.n.01"", ""gourd.n.02"", ""napkin.n.01""]","[""kitchen""]","[""covered"", ""inroom"", ""ontop""]",python /home/anuriha/BEHAVIOR-1K/OmniGibson/omnigibson/learning/eval.py log_path=./logs/clean_gourds_eval policy=websocket task.name=clean_gourds task.activity_definition_id=0 eval_instance_ids='[0]' model.host=localhost
clean_grease,0,[0],clean_grease-0,omnigibson,/home/anuriha/BEHAVIOR-1K/bddl3/bddl/activity_definitions/clean_grease/problem0.bddl,R1Pro,--robot-type,10,"[""agent.n.01"", ""cabinet.n.01"", ""cooking_oil.n.01"", ""floor.n.01"", ""liquid_soap.n.01"", ""liquid_soap__bottle.n.01"", ""scrub_brush.n.01"", ""sink.n.01"", ""stove.n.01"", ""water.n.06""]","[""kitchen""]","[""covered"", ""filled"", ""inroom"", ""inside"", ""insource"", ""ontop""]",python /home/anuriha/BEHAVIOR-1K/OmniGibson/omnigibson/learning/eval.py log_path=./logs/clean_grease_eval policy=websocket task.name=clean_grease task.activity_definition_id=0 eval_instance_ids='[0]' model.host=localhost
clean_green_beans,0,[0],clean_green_beans-0,omnigibson,/home/anuriha/BEHAVIOR-1K/bddl3/bddl/activity_definitions/clean_green_beans/problem0.bddl,R1Pro,--robot-type,12,"[""agent.n.01"", ""bowl.n.01"", ""countertop.n.01"", ""dirt.n.02"", ""floor.n.01"", ""green_bean.n.01"", ""rag.n.01"", ""sink.n.01"", ""water.n.06""]","[""kitchen""]","[""covered"", ""inroom"", ""inside"", ""insource"", ""ontop""]",python /home/anuriha/BEHAVIOR-1K/OmniGibson/omnigibson/learning/eval.py log_path=./logs/clean_green_beans_eval policy=websocket task.name=clean_green_beans task.activity_definition_id=0 eval_instance_ids='[0]' model.host=localhost
clean_greens,0,[0],clean_greens-0,omnigibson,/home/anuriha/BEHAVIOR-1K/bddl3/bddl/activity_definitions/clean_greens/problem0.bddl,R1Pro,--robot-type,10,"[""agent.n.01"", ""bowl.n.01"", ""chard.n.02"", ""countertop.n.01"", ""dirt.n.02"", ""floor.n.01"", ""rag.n.01"", ""sink.n.01"", ""water.n.06""]","[""kitchen""]","[""covered"", ""inroom"", ""inside"", ""insource"", ""ontop""]",python /home/anuriha/BEHAVIOR-1K/OmniGibson/omnigibson/learning/eval.py log_path=./logs/clean_greens_eval policy=websocket task.name=clean_greens task.activity_definition_id=0 eval_instance_ids='[0]' model.host=localhost
clean_household_cleaning_tools,0,[0],clean_household_cleaning_tools-0,omnigibson,/home/anuriha/BEHAVIOR-1K/bddl3/bddl/activity_definitions/clean_household_cleaning_tools/problem0.bddl,R1Pro,--robot-type,15,"[""agent.n.01"", ""broom.n.01"", ""bucket.n.01"", ""detergent.n.02"", ""detergent__bottle.n.01"", ""disinfectant.n.01"", ""disinfectant__bottle.n.01"", ""dust.n.01"", ""floor.n.01"", ""mop_bucket.n.01"", ""rag.n.01"", ""sink.n.01"", ""stain.n.01"", ""swab.n.02"", ""water.n.06""]","[""utility_room""]","[""covered"", ""filled"", ""inroom"", ""insource"", ""ontop""]",python /home/anuriha/BEHAVIOR-1K/OmniGibson/omnigibson/learning/eval.py log_path=./logs/clean_household_cleaning_tools_eval policy=websocket task.name=clean_household_cleaning_tools task.activity_definition_id=0 eval_instance_ids='[0]' model.host=localhost
clean_invisalign,0,[0],clean_invisalign-0,omnigibson,/home/anuriha/BEHAVIOR-1K/bddl3/bddl/activity_definitions/clean_invisalign/problem0.bddl,R1Pro,--robot-type,14,"[""agent.n.01"", ""disinfectant.n.01"", ""disinfectant__bottle.n.01"", ""floor.n.01"", ""pencil_box.n.01"", ""rag.n.01"", ""retainer.n.03"", ""sink.n.01"", ""sodium_carbonate.n.01"", ""sodium_carbonate__jar.n.01"", ""stool.n.01"", ""toothbrush.n.01"", ""water.n.06""]","[""bathroom""]","[""covered"", ""filled"", ""inroom"", ""insource"", ""ontop""]",python /home/anuriha/BEHAVIOR-1K/OmniGibson/omnigibson/learning/eval.py log_path=./logs/clean_invisalign_eval policy=websocket task.name=clean_invisalign task.activity_definition_id=0 eval_instance_ids='[0]' model.host=localhost
clean_jade,0,[0],clean_jade-0,omnigibson,/home/anuriha/BEHAVIOR-1K/bddl3/bddl/activity_definitions/clean_jade/problem0.bddl,R1Pro,--robot-type,11,"[""agent.n.01"", ""bowl.n.01"", ""countertop.n.01"", ""dust.n.01"", ""floor.n.01"", ""jade.n.01"", ""liquid_soap.n.01"", ""liquid_soap__bottle.n.01"", ""rag.n.01"", ""sink.n.01"", ""water.n.06""]","[""kitchen""]","[""covered"", ""filled"", ""inroom"", ""insource"", ""ontop""]",python /home/anuriha/BEHAVIOR-1K/OmniGibson/omnigibson/learning/eval.py log_path=./logs/clean_jade_eval policy=websocket task.name=clean_jade task.activity_definition_id=0 eval_instance_ids='[0]' model.host=localhost
clean_jewels,0,[0],clean_jewels-0,omnigibson,/home/anuriha/BEHAVIOR-1K/bddl3/bddl/activity_definitions/clean_jewels/problem0.bddl,R1Pro,--robot-type,13,"[""agent.n.01"", ""ammonia_water.n.01"", ""ammonia_water__atomizer.n.01"", ""bowl.n.01"", ""diamond.n.01"", ""floor.n.01"", ""sink.n.01"", ""stain.n.01"", ""stool.n.01"", ""toothbrush.n.01"", ""water.n.06""]","[""utility_room""]","[""covered"", ""inroom"", ""inside"", ""insource"", ""ontop""]",python /home/anuriha/BEHAVIOR-1K/OmniGibson/omnigibson/learning/eval.py log_path=./logs/clean_jewels_eval policy=websocket task.name=clean_jewels task.activity_definition_id=0 eval_instance_ids='[0]' model.host=localhost
clean_kitchen_appliances,0,[0],clean_kitchen_appliances-0,omnigibson,/home/anuriha/BEHAVIOR-1K/bddl3/bddl/activity_definitions/clean_kitchen_appliances/problem0.bddl,R1Pro,--robot-type,24,"[""agent.n.01"", ""blender.n.01"", ""chowder.n.01"", ""coffee_grounds.n.01"", ""coffee_maker.n.01"", ""countertop.n.01"", ""crock_pot.n.01"", ""crumb.n.03"", ""disinfectant.n.01"", ""disinfectant__bottle.n.01"", ""floor.n.01"", ""flour.n.01"", ""food_processor.n.01"", ""liquid_soap.n.01"", ""liquid_soap__bottle.n.01"", ""rag.n.01"", ""sink.n.01"", ""smoothie.n.02"", ""sodium_carbonate.n.01"", ""sodium_carbonate__jar.n.01"", ""sponge.n.01"", ""toaster.n.02"", ""water.n.06""]","[""kitchen""]","[""covered"", ""filled"", ""inroom"", ""insource"", ""ontop""]",python /home/anuriha/BEHAVIOR-1K/OmniGibson/omnigibson/learning/eval.py log_path=./logs/clean_kitchen_appliances_eval policy=websocket task.name=clean_kitchen_appliances task.activity_definition_id=0 eval_instance_ids='[0]' model.host=localhost
clean_leather_boots,0,[0],clean_leather_boots-0,omnigibson,/home/anuriha/BEHAVIOR-1K/bddl3/bddl/activity_definitions/clean_leather_boots/problem0.bddl,R1Pro,--robot-type,6,"[""agent.n.01"", ""boot.n.01"", ""dust.n.01"", ""floor.n.01"", ""rag.n.01""]","[""utility_room""]","[""covered"", ""inroom"", ""ontop""]",python /home/anuriha/BEHAVIOR-1K/OmniGibson/omnigibson/learning/eval.py log_path=./logs/clean_leather_boots_eval policy=websocket task.name=clean_leather_boots task.activity_definition_id=0 eval_instance_ids='[0]' model.host=localhost
clean_leather_sandals,0,[0],clean_leather_sandals-0,omnigibson,/home/anuriha/BEHAVIOR-1K/bddl3/bddl/activity_definitions/clean_leather_sandals/problem0.bddl,R1Pro,--robot-type,12,"[""agent.n.01"", ""conditioner.n.03"", ""conditioner__atomizer.n.01"", ""floor.n.01"", ""hand_towel.n.01"", ""saddle_soap.n.01"", ""saddle_soap__bottle.n.01"", ""sandal.n.01"", ""sink.n.01"", ""stain.n.01"", ""water.n.06""]","[""utility_room""]","[""covered"", ""filled"", ""inroom"", ""insource"", ""ontop""]",python /home/anuriha/BEHAVIOR-1K/OmniGibson/omnigibson/learning/eval.py log_path=./logs/clean_leather_sandals_eval policy=websocket task.name=clean_leather_sandals task.activity_definition_id=0 eval_instance_ids='[0]' model.host=localhost
clean_marker_off_a_doll,0,[0],clean_marker_off_a_doll-0,omnigibson,/home/anuriha/BEHAVIOR-1K/bddl3/bddl/activity_definitions/clean_marker_off_a_doll/problem0.bddl,R1Pro,--robot-type,13,"[""acetone.n.01"", ""acetone__atomizer.n.01"", ""agent.n.01"", ""doll.n.01"", ""floor.n.01"", ""ink.n.01"", ""rag.n.01"", ""rubbing_alcohol.n.01"", ""rubbing_alcohol__atomizer.n.01"", ""sink.n.01"", ""sponge.n.01"", ""stool.n.01"", ""water.n.06""]","[""utility_room""]","[""covered"", ""inroom"", ""insource"", ""ontop""]",python /home/anuriha/BEHAVIOR-1K/OmniGibson/omnigibson/learning/eval.py log_path=./logs/clean_marker_off_a_doll_eval policy=websocket task.name=clean_marker_off_a_doll task.activity_definition_id=0 eval_instance_ids='[0]' model.host=localhost
clean_mirrors,0,[0],clean_mirrors-0,omnigibson,/home/anuriha/BEHAVIOR-1K/bddl3/bddl/activity_definitions/clean_mirrors/problem0.bddl,R1Pro,--robot-type,13,"[""agent.n.01"", ""baby_oil.n.01"", ""dust.n.01"", ""floor.n.01"", ""liquid_soap.n.01"", ""liquid_soap__bottle.n.01"", ""mirror.n.01"", ""paper_towel.n.01"", ""sink.n.01"", ""toothpaste.n.01"", ""vinegar.n.01"", ""vinegar__atomizer.n.01"", ""water.n.06""]","[""bathroom""]","[""covered"", ""filled"", ""inroom"", ""insource"", ""ontop""]",python /home/anuriha/BEHAVIOR-1K/OmniGibson/omnigibson/learning/eval.py log_path=./logs/clean_mirrors_eval policy=websocket task.name=clean_mirrors task.activity_definition_id=0 eval_instance_ids='[0]' model.host=localhost
clean_mushrooms,0,[0],clean_mushrooms-0,omnigibson,/home/anuriha/BEHAVIOR-1K/bddl3/bddl/activity_definitions/clean_mushrooms/problem0.bddl,R1Pro,--robot-type,17,"[""agent.n.01"", ""bowl.n.01"", ""countertop.n.01"", ""dirt.n.02"", ""electric_refrigerator.n.01"", ""floor.n.01"", ""mushroom.n.05"", ""paper_towel.n.01"", ""sink.n.01"", ""water.n.06""]","[""kitchen""]","[""covered"", ""inroom"", ""inside"", ""insource"", ""ontop""]",python /home/anuriha/BEHAVIOR-1K/OmniGibson/omnigibson/learning/eval.py log_path=./logs/clean_mushrooms_eval policy=websocket task.name=clean_mushrooms task.activity_definition_id=0 eval_instance_ids='[0]' model.host=localhost
clean_mussels,0,[0],clean_mussels-0,omnigibson,/home/anuriha/BEHAVIOR-1K/bddl3/bddl/activity_definitions/clean_mussels/problem0.bddl,R1Pro,--robot-type,13,"[""agent.n.01"", ""bowl.n.01"", ""countertop.n.01"", ""electric_refrigerator.n.01"", ""floor.n.01"", ""mussel.n.01"", ""paper_towel.n.01"", ""sand.n.04"", ""sink.n.01"", ""water.n.06""]","[""kitchen""]","[""covered"", ""inroom"", ""inside"", ""insource"", ""ontop""]",python /home/anuriha/BEHAVIOR-1K/OmniGibson/omnigibson/learning/eval.py log_path=./logs/clean_mussels_eval policy=websocket task.name=clean_mussels task.activity_definition_id=0 eval_instance_ids='[0]' model.host=localhost
clean_nickel,0,[0],clean_nickel-0,omnigibson,/home/anuriha/BEHAVIOR-1K/bddl3/bddl/activity_definitions/clean_nickel/problem0.bddl,R1Pro,--robot-type,12,"[""agent.n.01"", ""countertop.n.01"", ""floor.n.01"", ""nickel.n.02"", ""rag.n.01"", ""sink.n.01"", ""stain.n.01"", ""vinegar.n.01"", ""vinegar__bottle.n.01"", ""water.n.06""]","[""kitchen""]","[""covered"", ""filled"", ""inroom"", ""insource"", ""ontop""]",python /home/anuriha/BEHAVIOR-1K/OmniGibson/omnigibson/learning/eval.py log_path=./logs/clean_nickel_eval policy=websocket task.name=clean_nickel task.activity_definition_id=0 eval_instance_ids='[0]' model.host=localhost
clean_out_a_guinea_pigs_hutch,0,[0],clean_out_a_guinea_pigs_hutch-0,omnigibson,/home/anuriha/BEHAVIOR-1K/bddl3/bddl/activity_definitions/clean_out_a_guinea_pigs_hutch/problem0.bddl,R1Pro,--robot-type,17,"[""agent.n.01"", ""ashcan.n.01"", ""disinfectant.n.01"", ""disinfectant__bottle.n.01"", ""fecal_matter.n.01"", ""floor.n.01"", ""hay.n.01"", ""hutch.n.01"", ""liquid_soap.n.01"", ""liquid_soap__bottle.n.01"", ""newspaper.n.03"", ""rag.n.01"", ""sponge.n.01"", ""vinegar.n.01"", ""vinegar__atomizer.n.01"", ""water.n.06"", ""water__atomizer.n.01""]","[""playroom""]","[""covered"", ""filled"", ""inroom"", ""insource"", ""ontop""]",python /home/anuriha/BEHAVIOR-1K/OmniGibson/omnigibson/learning/eval.py log_path=./logs/clean_out_a_guinea_pigs_hutch_eval policy=websocket task.name=clean_out_a_guinea_pigs_hutch task.activity_definition_id=0 eval_instance_ids='[0]' model.host=localhost
clean_outdoor_tiles,0,[0],clean_outdoor_tiles-0,omnigibson,/home/anuriha/BEHAVIOR-1K/bddl3/bddl/activity_definitions/clean_outdoor_tiles/problem0.bddl,R1Pro,--robot-type,13,"[""agent.n.01"", ""bleaching_agent.n.01"", ""bleaching_agent__atomizer.n.01"", ""bucket.n.01"", ""floor.n.01"", ""liquid_soap.n.01"", ""liquid_soap__bottle.n.01"", ""stain.n.01"", ""swab.n.02"", ""tile.n.01""]","[""garden""]","[""covered"", ""filled"", ""inroom"", ""insource"", ""ontop""]",python /home/anuriha/BEHAVIOR-1K/OmniGibson/omnigibson/learning/eval.py log_path=./logs/clean_outdoor_tiles_eval policy=websocket task.name=clean_outdoor_tiles task.activity_definition_id=0 eval_instance_ids='[0]' model.host=localhost
clean_oysters,0,[0],clean_oysters-0,omnigibson,/home/anuriha/BEHAVIOR-1K/bddl3/bddl/activity_definitions/clean_oysters/problem0.bddl,R1Pro,--robot-type,17,"[""agent.n.01"", ""bowl.n.01"", ""countertop.n.01"", ""dirt.n.02"", ""electric_refrigerator.n.01"", ""floor.n.01"", ""huitre.n.01"", ""rag.n.01"", ""sand.n.04"", ""sink.n.01"", ""tupperware.n.01"", ""water.n.06""]","[""kitchen""]","[""covered"", ""inroom"", ""inside"", ""insource"", ""ontop""]",python /home/anuriha/BEHAVIOR-1K/OmniGibson/omnigibson/learning/eval.py log_path=./logs/clean_oysters_eval policy=websocket task.name=clean_oysters task.activity_definition_id=0 eval_instance_ids='[0]' model.host=localhost
clean_paper_lampshades,0,[0],clean_paper_lampshades-0,omnigibson,/home/anuriha/BEHAVIOR-1K/bddl3/bddl/activity_definitions/clean_paper_lampshades/problem0.bddl,R1Pro,--robot-type,7,"[""agent.n.01"", ""coffee_table.n.01"", ""dust.n.01"", ""floor.n.01"", ""lampshade.n.01"", ""rag.n.01""]","[""living_room""]","[""covered"", ""inroom"", ""ontop""]",python /home/anuriha/BEHAVIOR-1K/OmniGibson/omnigibson/learning/eval.py log_path=./logs/clean_paper_lampshades_eval policy=websocket task.name=clean_paper_lampshades task.activity_definition_id=0 eval_instance_ids='[0]' model.host=localhost
clean_pearls,0,[0],clean_pearls-0,omnigibson,/home/anuriha/BEHAVIOR-1K/bddl3/bddl/activity_definitions/clean_pearls/problem0.bddl,R1Pro,--robot-type,14,"[""agent.n.01"", ""baby_oil.n.01"", ""bowl.n.01"", ""cabinet.n.01"", ""floor.n.01"", ""liquid_soap.n.01"", ""liquid_soap__bottle.n.01"", ""pearl.n.01"", ""rag.n.01"", ""sink.n.01"", ""stain.n.01"", ""washer.n.03"", ""water.n.06""]","[""utility_room""]","[""covered"", ""filled"", ""inroom"", ""inside"", ""insource"", ""ontop""]",python /home/anuriha/BEHAVIOR-1K/OmniGibson/omnigibson/learning/eval.py log_path=./logs/clean_pearls_eval policy=websocket task.name=clean_pearls task.activity_definition_id=0 eval_instance_ids='[0]' model.host=localhost
clean_pennies,0,[0],clean_pennies-0,omnigibson,/home/anuriha/BEHAVIOR-1K/bddl3/bddl/activity_definitions/clean_pennies/problem0.bddl,R1Pro,--robot-type,12,"[""agent.n.01"", ""bowl.n.01"", ""floor.n.01"", ""hand_towel.n.01"", ""penny.n.02"", ""rag.n.01"", ""salt.n.02"", ""salt__shaker.n.01"", ""sink.n.01"", ""stain.n.01"", ""vinegar.n.01"", ""water.n.06""]","[""bathroom""]","[""covered"", ""filled"", ""inroom"", ""insource"", ""ontop""]",python /home/anuriha/BEHAVIOR-1K/OmniGibson/omnigibson/learning/eval.py log_path=./logs/clean_pennies_eval policy=websocket task.name=clean_pennies task.activity_definition_id=0 eval_instance_ids='[0]' model.host=localhost
clean_piano_keys,0,[0],clean_piano_keys-0,omnigibson,/home/anuriha/BEHAVIOR-1K/bddl3/bddl/activity_definitions/clean_piano_keys/problem0.bddl,R1Pro,--robot-type,6,"[""agent.n.01"", ""cabinet.n.01"", ""dust.n.01"", ""floor.n.01"", ""piano.n.01"", ""rag.n.01""]","[""living_room"", ""utility_room""]","[""covered"", ""inroom"", ""inside"", ""ontop""]",python /home/anuriha/BEHAVIOR-1K/OmniGibson/omnigibson/learning/eval.py log_path=./logs/clean_piano_keys_eval policy=websocket task.name=clean_piano_keys task.activity_definition_id=0 eval_instance_ids='[0]' model.host=localhost
clean_pine_cones,0,[0],clean_pine_cones-0,omnigibson,/home/anuriha/BEHAVIOR-1K/bddl3/bddl/activity_definitions/clean_pine_cones/problem0.bddl,R1Pro,--robot-type,13,"[""agent.n.01"", ""countertop.n.01"", ""dirt.n.02"", ""floor.n.01"", ""pinecone.n.01"", ""rag.n.01"", ""sink.n.01"", ""water.n.06"", ""wicker_basket.n.01""]","[""kitchen""]","[""covered"", ""inroom"", ""inside"", ""insource"", ""ontop""]",python /home/anuriha/BEHAVIOR-1K/OmniGibson/omnigibson/learning/eval.py log_path=./logs/clean_pine_cones_eval policy=websocket task.name=clean_pine_cones task.activity_definition_id=0 eval_instance_ids='[0]' model.host=localhost
clean_place_mats,0,[0],clean_place_mats-0,omnigibson,/home/anuriha/BEHAVIOR-1K/bddl3/bddl/activity_definitions/clean_place_mats/problem0.bddl,R1Pro,--robot-type,14,"[""adhesive_material.n.01"", ""agent.n.01"", ""breadcrumb.n.01"", ""breakfast_table.n.01"", ""clothes_dryer.n.01"", ""detergent.n.02"", ""detergent__bottle.n.01"", ""floor.n.01"", ""place_mat.n.01"", ""washer.n.03"", ""water.n.06""]","[""dining_room"", ""utility_room""]","[""covered"", ""filled"", ""future"", ""inroom"", ""ontop"", ""saturated""]",python /home/anuriha/BEHAVIOR-1K/OmniGibson/omnigibson/learning/eval.py log_path=./logs/clean_place_mats_eval policy=websocket task.name=clean_place_mats task.activity_definition_id=0 eval_instance_ids='[0]' model.host=localhost
clean_plastic_containers,0,[0],clean_plastic_containers-0,omnigibson,/home/anuriha/BEHAVIOR-1K/bddl3/bddl/activity_definitions/clean_plastic_containers/problem0.bddl,R1Pro,--robot-type,11,"[""adhesive_material.n.01"", ""agent.n.01"", ""bowl.n.01"", ""countertop.n.01"", ""floor.n.01"", ""lid.n.02"", ""liquid_soap.n.01"", ""liquid_soap__bottle.n.01"", ""rag.n.01"", ""sink.n.01"", ""water.n.06""]","[""kitchen""]","[""covered"", ""filled"", ""inroom"", ""insource"", ""ontop""]",python /home/anuriha/BEHAVIOR-1K/OmniGibson/omnigibson/learning/eval.py log_path=./logs/clean_plastic_containers_eval policy=websocket task.name=clean_plastic_containers task.activity_definition_id=0 eval_instance_ids='[0]' model.host=localhost
clean_potatoes,0,[0],clean_potatoes-0,omnigibson,/home/anuriha/BEHAVIOR-1K/bddl3/bddl/activity_definitions/clean_potatoes/problem0.bddl,R1Pro,--robot-type,12,"[""agent.n.01"", ""chopping_board.n.01"", ""countertop.n.01"", ""dirt.n.02"", ""floor.n.01"", ""potato.n.01"", ""rag.n.01"", ""sink.n.01"", ""water.n.06""]","[""kitchen""]","[""covered"", ""inroom"", ""insource"", ""ontop""]",python /home/anuriha/BEHAVIOR-1K/OmniGibson/omnigibson/learning/eval.py log_path=./logs/clean_potatoes_eval policy=websocket task.name=clean_potatoes task.activity_definition_id=0 eval_instance_ids='[0]' model.host=localhost
clean_pottery,0,[0],clean_pottery-0,omnigibson,/home/anuriha/BEHAVIOR-1K/bddl3/bddl/activity_definitions/clean_pottery/problem0.bddl,R1Pro,--robot-type,9,"[""agent.n.01"", ""cabinet.n.01"", ""floor.n.01"", ""mud.n.03"", ""pot.n.04"", ""rag.n.01"", ""sink.n.01"", ""vase.n.01"", ""water.n.06""]","[""utility_room""]","[""covered"", ""inroom"", ""inside"", ""insource"", ""ontop""]",python /home/anuriha/BEHAVIOR-1K/OmniGibson/omnigibson/learning/eval.py log_path=./logs/clean_pottery_eval policy=websocket task.name=clean_pottery task.activity_definition_id=0 eval_instance_ids='[0]' model.host=localhost
clean_prawns,0,[0],clean_prawns-0,omnigibson,/home/anuriha/BEHAVIOR-1K/bddl3/bddl/activity_definitions/clean_prawns/problem0.bddl,R1Pro,--robot-type,13,"[""agent.n.01"", ""bowl.n.01"", ""cabinet.n.01"", ""countertop.n.01"", ""electric_refrigerator.n.01"", ""floor.n.01"", ""prawn.n.01"", ""rag.n.01"", ""sand.n.04"", ""sink.n.01"", ""water.n.06""]","[""kitchen""]","[""covered"", ""inroom"", ""inside"", ""insource"", ""ontop""]",python /home/anuriha/BEHAVIOR-1K/OmniGibson/omnigibson/learning/eval.py log_path=./logs/clean_prawns_eval policy=websocket task.name=clean_prawns task.activity_definition_id=0 eval_instance_ids='[0]' model.host=localhost
clean_quarters,0,[0],clean_quarters-0,omnigibson,/home/anuriha/BEHAVIOR-1K/bddl3/bddl/activity_definitions/clean_quarters/problem0.bddl,R1Pro,--robot-type,20,"[""adhesive_material.n.01"", ""agent.n.01"", ""cabinet.n.01"", ""countertop.n.01"", ""dirt.n.02"", ""floor.n.01"", ""liquid_soap.n.01"", ""liquid_soap__bottle.n.01"", ""quarter.n.10"", ""rag.n.01"", ""sink.n.01"", ""water.n.06""]","[""kitchen""]","[""covered"", ""filled"", ""inroom"", ""inside"", ""insource"", ""ontop""]",python /home/anuriha/BEHAVIOR-1K/OmniGibson/omnigibson/learning/eval.py log_path=./logs/clean_quarters_eval policy=websocket task.name=clean_quarters task.activity_definition_id=0 eval_instance_ids='[0]' model.host=localhost
clean_quartz,0,[0],clean_quartz-0,omnigibson,/home/anuriha/BEHAVIOR-1K/bddl3/bddl/activity_definitions/clean_quartz/problem0.bddl,R1Pro,--robot-type,7,"[""agent.n.01"", ""countertop.n.01"", ""dirt.n.02"", ""floor.n.01"", ""rag.n.01"", ""sink.n.01"", ""water.n.06""]","[""bathroom""]","[""covered"", ""inroom"", ""insource"", ""ontop""]",python /home/anuriha/BEHAVIOR-1K/OmniGibson/omnigibson/learning/eval.py log_path=./logs/clean_quartz_eval policy=websocket task.name=clean_quartz task.activity_definition_id=0 eval_instance_ids='[0]' model.host=localhost
clean_raw_denim,0,[0],clean_raw_denim-0,omnigibson,/home/anuriha/BEHAVIOR-1K/bddl3/bddl/activity_definitions/clean_raw_denim/problem0.bddl,R1Pro,--robot-type,12,"[""agent.n.01"", ""cabinet.n.01"", ""clothes_dryer.n.01"", ""detergent.n.02"", ""detergent__bottle.n.01"", ""dirt.n.02"", ""floor.n.01"", ""long_trousers.n.01"", ""vinegar.n.01"", ""vinegar__bottle.n.01"", ""washer.n.03"", ""water.n.06""]","[""utility_room""]","[""covered"", ""filled"", ""future"", ""inroom"", ""inside"", ""ontop"", ""saturated""]",python /home/anuriha/BEHAVIOR-1K/OmniGibson/omnigibson/learning/eval.py log_path=./logs/clean_raw_denim_eval policy=websocket task.name=clean_raw_denim task.activity_definition_id=0 eval_instance_ids='[0]' model.host=localhost
clean_reusable_shopping_bags,0,[0],clean_reusable_shopping_bags-0,omnigibson,/home/anuriha/BEHAVIOR-1K/bddl3/bddl/activity_definitions/clean_reusable_shopping_bags/problem0.bddl,R1Pro,--robot-type,10,"[""agent.n.01"", ""detergent.n.02"", ""detergent__bottle.n.01"", ""floor.n.01"", ""hand_towel.n.01"", ""sack.n.01"", ""sink.n.01"", ""stain.n.01"", ""water.n.06""]","[""bathroom""]","[""covered"", ""filled"", ""inroom"", ""insource"", ""ontop""]",python /home/anuriha/BEHAVIOR-1K/OmniGibson/omnigibson/learning/eval.py log_path=./logs/clean_reusable_shopping_bags_eval policy=websocket task.name=clean_reusable_shopping_bags task.activity_definition_id=0 eval_instance_ids='[0]' model.host=localhost
clean_rubber,0,[0],clean_rubber-0,omnigibson,/home/anuriha/BEHAVIOR-1K/bddl3/bddl/activity_definitions/clean_rubber/problem0.bddl,R1Pro,--robot-type,10,"[""agent.n.01"", ""bucket.n.01"", ""floor.n.01"", ""hose.n.03"", ""liquid_soap.n.01"", ""liquid_soap__bottle.n.01"", ""mud.n.03"", ""rag.n.01"", ""stain.n.01"", ""water.n.06""]","[""garden""]","[""covered"", ""filled"", ""inroom"", ""ontop""]",python /home/anuriha/BEHAVIOR-1K/OmniGibson/omnigibson/learning/eval.py log_path=./logs/clean_rubber_eval policy=websocket task.name=clean_rubber task.activity_definition_id=0 eval_instance_ids='[0]' model.host=localhost
clean_rubber_bathmats,0,[0],clean_rubber_bathmats-0,omnigibson,/home/anuriha/BEHAVIOR-1K/bddl3/bddl/activity_definitions/clean_rubber_bathmats/problem0.bddl,R1Pro,--robot-type,11,"[""agent.n.01"", ""detergent.n.02"", ""detergent__bottle.n.01"", ""disinfectant.n.01"", ""disinfectant__bottle.n.01"", ""floor.n.01"", ""mat.n.01"", ""mildew.n.02"", ""scrub_brush.n.01"", ""sink.n.01"", ""water.n.06""]","[""bathroom""]","[""covered"", ""filled"", ""inroom"", ""insource"", ""ontop""]",python /home/anuriha/BEHAVIOR-1K/OmniGibson/omnigibson/learning/eval.py log_path=./logs/clean_rubber_bathmats_eval policy=websocket task.name=clean_rubber_bathmats task.activity_definition_id=0 eval_instance_ids='[0]' model.host=localhost
clean_scallops,0,[0],clean_scallops-0,omnigibson,/home/anuriha/BEHAVIOR-1K/bddl3/bddl/activity_definitions/clean_scallops/problem0.bddl,R1Pro,--robot-type,12,"[""agent.n.01"", ""cabinet.n.01"", ""electric_refrigerator.n.01"", ""floor.n.01"", ""rag.n.01"", ""sand.n.04"", ""scallop.n.02"", ""sink.n.01"", ""tupperware.n.01"", ""water.n.06""]","[""kitchen""]","[""covered"", ""inroom"", ""inside"", ""insource"", ""ontop""]",python /home/anuriha/BEHAVIOR-1K/OmniGibson/omnigibson/learning/eval.py log_path=./logs/clean_scallops_eval policy=websocket task.name=clean_scallops task.activity_definition_id=0 eval_instance_ids='[0]' model.host=localhost
clean_seashells,0,[0],clean_seashells-0,omnigibson,/home/anuriha/BEHAVIOR-1K/bddl3/bddl/activity_definitions/clean_seashells/problem0.bddl,R1Pro,--robot-type,10,"[""agent.n.01"", ""countertop.n.01"", ""floor.n.01"", ""rag.n.01"", ""sand.n.04"", ""seashell.n.01"", ""sink.n.01"", ""water.n.06""]","[""bathroom""]","[""covered"", ""inroom"", ""insource"", ""ontop""]",python /home/anuriha/BEHAVIOR-1K/OmniGibson/omnigibson/learning/eval.py log_path=./logs/clean_seashells_eval policy=websocket task.name=clean_seashells task.activity_definition_id=0 eval_instance_ids='[0]' model.host=localhost
clean_sheets,0,[0],clean_sheets-0,omnigibson,/home/anuriha/BEHAVIOR-1K/bddl3/bddl/activity_definitions/clean_sheets/problem0.bddl,R1Pro,--robot-type,10,"[""agent.n.01"", ""case.n.19"", ""clothes_dryer.n.01"", ""detergent.n.02"", ""detergent__bottle.n.01"", ""floor.n.01"", ""sheet.n.03"", ""stain.n.01"", ""washer.n.03"", ""water.n.06""]","[""utility_room""]","[""covered"", ""filled"", ""future"", ""inroom"", ""ontop"", ""saturated""]",python /home/anuriha/BEHAVIOR-1K/OmniGibson/omnigibson/learning/eval.py log_path=./logs/clean_sheets_eval policy=websocket task.name=clean_sheets task.activity_definition_id=0 eval_instance_ids='[0]' model.host=localhost
clean_shrimp,0,[0],clean_shrimp-0,omnigibson,/home/anuriha/BEHAVIOR-1K/bddl3/bddl/activity_definitions/clean_shrimp/problem0.bddl,R1Pro,--robot-type,12,"[""agent.n.01"", ""cabinet.n.01"", ""carving_knife.n.01"", ""chopping_board.n.01"", ""floor.n.01"", ""oven.n.01"", ""prawn.n.01"", ""sand.n.04"", ""sink.n.01"", ""water.n.06""]","[""kitchen""]","[""covered"", ""inroom"", ""insource"", ""ontop""]",python /home/anuriha/BEHAVIOR-1K/OmniGibson/omnigibson/learning/eval.py log_path=./logs/clean_shrimp_eval policy=websocket task.name=clean_shrimp task.activity_definition_id=0 eval_instance_ids='[0]' model.host=localhost
clean_silver_coins,0,[0],clean_silver_coins-0,omnigibson,/home/anuriha/BEHAVIOR-1K/bddl3/bddl/activity_definitions/clean_silver_coins/problem0.bddl,R1Pro,--robot-type,10,"[""agent.n.01"", ""countertop.n.01"", ""dirt.n.02"", ""floor.n.01"", ""polish.n.03"", ""polish__bottle.n.01"", ""rag.n.01"", ""silver.n.02"", ""sink.n.01"", ""water.n.06""]","[""bathroom""]","[""covered"", ""filled"", ""inroom"", ""insource"", ""ontop""]",python /home/anuriha/BEHAVIOR-1K/OmniGibson/omnigibson/learning/eval.py log_path=./logs/clean_silver_coins_eval policy=websocket task.name=clean_silver_coins task.activity_definition_id=0 eval_instance_ids='[0]' model.host=localhost
clean_skateboard_bearings,0,[0],clean_skateboard_bearings-0,omnigibson,/home/anuriha/BEHAVIOR-1K/bddl3/bddl/activity_definitions/clean_skateboard_bearings/problem0.bddl,R1Pro,--robot-type,12,"[""agent.n.01"", ""bed.n.01"", ""floor.n.01"", ""grease.n.01"", ""liquid_soap.n.01"", ""liquid_soap__bottle.n.01"", ""rag.n.01"", ""sink.n.01"", ""skateboard_deck.n.01"", ""skateboard_wheel.n.01"", ""water.n.06""]","[""bathroom"", ""bedroom""]","[""attached"", ""covered"", ""filled"", ""inroom"", ""insource"", ""ontop""]",python /home/anuriha/BEHAVIOR-1K/OmniGibson/omnigibson/learning/eval.py log_path=./logs/clean_skateboard_bearings_eval policy=websocket task.name=clean_skateboard_bearings task.activity_definition_id=0 eval_instance_ids='[0]' model.host=localhost
clean_snap_peas,0,[0],clean_snap_peas-0,omnigibson,/home/anuriha/BEHAVIOR-1K/bddl3/bddl/activity_definitions/clean_snap_peas/problem0.bddl,R1Pro,--robot-type,14,"[""agent.n.01"", ""countertop.n.01"", ""floor.n.01"", ""mixing_bowl.n.01"", ""mud.n.03"", ""pea_pod.n.01"", ""sink.n.01"", ""vinegar.n.01"", ""vinegar__bottle.n.01"", ""water.n.06""]","[""kitchen""]","[""covered"", ""filled"", ""inroom"", ""insource"", ""ontop""]",python /home/anuriha/BEHAVIOR-1K/OmniGibson/omnigibson/learning/eval.py log_path=./logs/clean_snap_peas_eval policy=websocket task.name=clean_snap_peas task.activity_definition_id=0 eval_instance_ids='[0]' model.host=localhost
clean_snow_peas,0,[0],clean_snow_peas-0,omnigibson,/home/anuriha/BEHAVIOR-1K/bddl3/bddl/activity_definitions/clean_snow_peas/problem0.bddl,R1Pro,--robot-type,15,"[""agent.n.01"", ""bowl.n.01"", ""colander.n.01"", ""countertop.n.01"", ""dirt.n.02"", ""floor.n.01"", ""pea_pod.n.01"", ""scrub_brush.n.01"", ""sink.n.01"", ""sponge.n.01"", ""water.n.06""]","[""kitchen""]","[""covered"", ""inroom"", ""inside"", ""insource"", ""ontop""]",python /home/anuriha/BEHAVIOR-1K/OmniGibson/omnigibson/learning/eval.py log_path=./logs/clean_snow_peas_eval policy=websocket task.name=clean_snow_peas task.activity_definition_id=0 eval_instance_ids='[0]' model.host=localhost
clean_soot_from_glass_lanterns,0,[0],clean_soot_from_glass_lanterns-0,omnigibson,/home/anuriha/BEHAVIOR-1K/bddl3/bddl/activity_definitions/clean_soot_from_glass_lanterns/problem0.bddl,R1Pro,--robot-type,11,"[""agent.n.01"", ""ammonia_water.n.01"", ""ammonia_water__atomizer.n.01"", ""floor.n.01"", ""glass_lantern.n.01"", ""rag.n.01"", ""stain.n.01"", ""vinegar.n.01"", ""vinegar__atomizer.n.01"", ""water.n.06"", ""water__atomizer.n.01""]","[""garden""]","[""covered"", ""inroom"", ""insource"", ""ontop""]",python /home/anuriha/BEHAVIOR-1K/OmniGibson/omnigibson/learning/eval.py log_path=./logs/clean_soot_from_glass_lanterns_eval policy=websocket task.name=clean_soot_from_glass_lanterns task.activity_definition_id=0 eval_instance_ids='[0]' model.host=localhost
clean_stainless_steel_sinks,0,[0],clean_stainless_steel_sinks-0,omnigibson,/home/anuriha/BEHAVIOR-1K/bddl3/bddl/activity_definitions/clean_stainless_steel_sinks/problem0.bddl,R1Pro,--robot-type,11,"[""adhesive_material.n.01"", ""agent.n.01"", ""floor.n.01"", ""liquid_soap.n.01"", ""liquid_soap__bottle.n.01"", ""paper_towel.n.01"", ""sink.n.01"", ""sodium_carbonate.n.01"", ""sodium_carbonate__jar.n.01"", ""sponge.n.01"", ""water.n.06""]","[""bathroom""]","[""covered"", ""filled"", ""inroom"", ""insource"", ""ontop""]",python /home/anuriha/BEHAVIOR-1K/OmniGibson/omnigibson/learning/eval.py log_path=./logs/clean_stainless_steel_sinks_eval policy=websocket task.name=clean_stainless_steel_sinks task.activity_definition_id=0 eval_instance_ids='[0]' model.host=localhost
clean_strawberries,0,[0],clean_strawberries-0,omnigibson,/home/anuriha/BEHAVIOR-1K/bddl3/bddl/activity_definitions/clean_strawberries/problem0.bddl,R1Pro,--robot-type,17,"[""agent.n.01"", ""bowl.n.01"", ""chopping_board.n.01"", ""colander.n.01"", ""countertop.n.01"", ""dust.n.01"", ""floor.n.01"", ""sink.n.01"", ""stain.n.01"", ""strawberry.n.01"", ""vinegar.n.01"", ""vinegar__bottle.n.01"", ""water.n.06""]","[""kitchen""]","[""covered"", ""filled"", ""inroom"", ""inside"", ""insource"", ""ontop""]",python /home/anuriha/BEHAVIOR-1K/OmniGibson/omnigibson/learning/eval.py log_path=./logs/clean_strawberries_eval policy=websocket task.name=clean_strawberries task.activity_definition_id=0 eval_instance_ids='[0]' model.host=localhost
clean_stucco,0,[0],clean_stucco-0,omnigibson,/home/anuriha/BEHAVIOR-1K/bddl3/bddl/activity_definitions/clean_stucco/problem0.bddl,R1Pro,--robot-type,11,"[""agent.n.01"", ""bleaching_agent.n.01"", ""bleaching_agent__atomizer.n.01"", ""bucket.n.01"", ""driveway.n.01"", ""floor.n.01"", ""mold.n.05"", ""scrub_brush.n.01"", ""stucco.n.01"", ""wall.n.01"", ""water.n.06""]","[""garden""]","[""covered"", ""filled"", ""inroom"", ""insource"", ""ontop""]",python /home/anuriha/BEHAVIOR-1K/OmniGibson/omnigibson/learning/eval.py log_path=./logs/clean_stucco_eval policy=websocket task.name=clean_stucco task.activity_definition_id=0 eval_instance_ids='[0]' model.host=localhost
clean_suede_gloves,0,[0],clean_suede_gloves-0,omnigibson,/home/anuriha/BEHAVIOR-1K/bddl3/bddl/activity_definitions/clean_suede_gloves/problem0.bddl,R1Pro,--robot-type,9,"[""agent.n.01"", ""floor.n.01"", ""hand_towel.n.01"", ""kid_glove.n.01"", ""stain.n.01"", ""stool.n.01"", ""vinegar.n.01"", ""vinegar__bottle.n.01""]","[""utility_room""]","[""covered"", ""filled"", ""inroom"", ""ontop""]",python /home/anuriha/BEHAVIOR-1K/OmniGibson/omnigibson/learning/eval.py log_path=./logs/clean_suede_gloves_eval policy=websocket task.name=clean_suede_gloves task.activity_definition_id=0 eval_instance_ids='[0]' model.host=localhost
clean_sunglasses,0,[0],clean_sunglasses-0,omnigibson,/home/anuriha/BEHAVIOR-1K/bddl3/bddl/activity_definitions/clean_sunglasses/problem0.bddl,R1Pro,--robot-type,6,"[""agent.n.01"", ""countertop.n.01"", ""dust.n.01"", ""floor.n.01"", ""rag.n.01"", ""sunglasses.n.02""]","[""kitchen""]","[""covered"", ""inroom"", ""ontop""]",python /home/anuriha/BEHAVIOR-1K/OmniGibson/omnigibson/learning/eval.py log_path=./logs/clean_sunglasses_eval policy=websocket task.name=clean_sunglasses task.activity_definition_id=0 eval_instance_ids='[0]' model.host=localhost
clean_synthetic_hiking_gear,0,[0],clean_synthetic_hiking_gear-0,omnigibson,/home/anuriha/BEHAVIOR-1K/bddl3/bddl/activity_definitions/clean_synthetic_hiking_gear/problem0.bddl,R1Pro,--robot-type,16,"[""agent.n.01"", ""bucket.n.01"", ""countertop.n.01"", ""dust.n.01"", ""floor.n.01"", ""hiking_boot.n.01"", ""liquid_soap.n.01"", ""liquid_soap__bottle.n.01"", ""scrub_brush.n.01"", ""sink.n.01"", ""sleeping_bag.n.01"", ""stain.n.01"", ""vest.n.01"", ""washer.n.03"", ""water.n.06""]","[""utility_room""]","[""covered"", ""filled"", ""inroom"", ""insource"", ""ontop""]",python /home/anuriha/BEHAVIOR-1K/OmniGibson/omnigibson/learning/eval.py log_path=./logs/clean_synthetic_hiking_gear_eval policy=websocket task.name=clean_synthetic_hiking_gear task.activity_definition_id=0 eval_instance_ids='[0]' model.host=localhost
clean_tennis_balls,0,[0],clean_tennis_balls-0,omnigibson,/home/anuriha/BEHAVIOR-1K/bddl3/bddl/activity_definitions/clean_tennis_balls/problem0.bddl,R1Pro,--robot-type,12,"[""agent.n.01"", ""bucket.n.01"", ""floor.n.01"", ""liquid_soap.n.01"", ""liquid_soap__bottle.n.01"", ""mud.n.03"", ""sink.n.01"", ""sponge.n.01"", ""stain.n.01"", ""tennis_ball.n.01"", ""water.n.06""]","[""bathroom""]","[""covered"", ""filled"", ""inroom"", ""inside"", ""insource"", ""ontop""]",python /home/anuriha/BEHAVIOR-1K/OmniGibson/omnigibson/learning/eval.py log_path=./logs/clean_tennis_balls_eval policy=websocket task.name=clean_tennis_balls task.activity_definition_id=0 eval_instance_ids='[0]' model.host=localhost
clean_the_bottom_of_an_iron,0,[0],clean_the_bottom_of_an_iron-0,omnigibson,/home/anuriha/BEHAVIOR-1K/bddl3/bddl/activity_definitions/clean_the_bottom_of_an_iron/problem0.bddl,R1Pro,--robot-type,8,"[""agent.n.01"", ""countertop.n.01"", ""emery_paper.n.01"", ""floor.n.01"", ""iron.n.04"", ""ironing_board.n.01"", ""newspaper.n.03"", ""tarnish.n.02""]","[""utility_room""]","[""covered"", ""inroom"", ""ontop"", ""toggled_on""]",python /home/anuriha/BEHAVIOR-1K/OmniGibson/omnigibson/learning/eval.py log_path=./logs/clean_the_bottom_of_an_iron_eval policy=websocket task.name=clean_the_bottom_of_an_iron task.activity_definition_id=0 eval_instance_ids='[0]' model.host=localhost
clean_the_exterior_of_your_garage,0,[0],clean_the_exterior_of_your_garage-0,omnigibson,/home/anuriha/BEHAVIOR-1K/bddl3/bddl/activity_definitions/clean_the_exterior_of_your_garage/problem0.bddl,R1Pro,--robot-type,9,"[""agent.n.01"", ""door.n.01"", ""floor.n.01"", ""liquid_soap.n.01"", ""liquid_soap__bottle.n.01"", ""sink.n.01"", ""sponge.n.01"", ""stain.n.01"", ""water.n.06""]","[""bathroom"", ""garage"", ""garden""]","[""covered"", ""filled"", ""inroom"", ""insource"", ""ontop""]",python /home/anuriha/BEHAVIOR-1K/OmniGibson/omnigibson/learning/eval.py log_path=./logs/clean_the_exterior_of_your_garage_eval policy=websocket task.name=clean_the_exterior_of_your_garage task.activity_definition_id=0 eval_instance_ids='[0]' model.host=localhost
clean_the_interior_of_your_car,0,[0],clean_the_interior_of_your_car-0,omnigibson,/home/anuriha/BEHAVIOR-1K/bddl3/bddl/activity_definitions/clean_the_interior_of_your_car/problem0.bddl,R1Pro,--robot-type,13,"[""agent.n.01"", ""car.n.01"", ""dixie_cup.n.01"", ""driveway.n.01"", ""dust.n.01"", ""entire_leaf.n.01"", ""floor.n.01"", ""newspaper.n.03"", ""plastic_bag.n.01"", ""stain.n.01""]","[""garden""]","[""covered"", ""inroom"", ""inside"", ""ontop""]",python /home/anuriha/BEHAVIOR-1K/OmniGibson/omnigibson/learning/eval.py log_path=./logs/clean_the_interior_of_your_car_eval policy=websocket task.name=clean_the_interior_of_your_car task.activity_definition_id=0 eval_instance_ids='[0]' model.host=localhost
clean_the_outside_of_a_house,0,[0],clean_the_outside_of_a_house-0,omnigibson,/home/anuriha/BEHAVIOR-1K/bddl3/bddl/activity_definitions/clean_the_outside_of_a_house/problem0.bddl,R1Pro,--robot-type,11,"[""agent.n.01"", ""bucket.n.01"", ""driveway.n.01"", ""floor.n.01"", ""liquid_soap.n.01"", ""liquid_soap__bottle.n.01"", ""mildew.n.02"", ""stain.n.01"", ""swab.n.02"", ""wall.n.01"", ""water.n.06""]","[""garden""]","[""covered"", ""filled"", ""inroom"", ""ontop""]",python /home/anuriha/BEHAVIOR-1K/OmniGibson/omnigibson/learning/eval.py log_path=./logs/clean_the_outside_of_a_house_eval policy=websocket task.name=clean_the_outside_of_a_house task.activity_definition_id=0 eval_instance_ids='[0]' model.host=localhost
clean_tweed,0,[0],clean_tweed-0,omnigibson,/home/anuriha/BEHAVIOR-1K/bddl3/bddl/activity_definitions/clean_tweed/problem0.bddl,R1Pro,--robot-type,14,"[""agent.n.01"", ""bucket.n.01"", ""countertop.n.01"", ""floor.n.01"", ""shampoo.n.01"", ""shampoo__bottle.n.01"", ""sink.n.01"", ""sponge.n.01"", ""stain.n.01"", ""stool.n.01"", ""water.n.06"", ""wool_coat.n.01""]","[""utility_room""]","[""covered"", ""filled"", ""inroom"", ""insource"", ""ontop""]",python /home/anuriha/BEHAVIOR-1K/OmniGibson/omnigibson/learning/eval.py log_path=./logs/clean_tweed_eval policy=websocket task.name=clean_tweed task.activity_definition_id=0 eval_instance_ids='[0]' model.host=localhost
clean_up_after_a_dinner_party,0,[0],clean_up_after_a_dinner_party-0,omnigibson,/home/anuriha/BEHAVIOR-1K/bddl3/bddl/activity_definitions/clean_up_after_a_dinner_party/problem0.bddl,R1Pro,--robot-type,12,"[""agent.n.01"", ""breakfast_table.n.01"", ""burrito.n.01"", ""cabinet.n.01"", ""electric_refrigerator.n.01"", ""floor.n.01"", ""hamburger.n.01"", ""tupperware.n.01"", ""wine_bottle.n.01""]","[""dining_room"", ""kitchen""]","[""inroom"", ""inside"", ""ontop""]",python /home/anuriha/BEHAVIOR-1K/OmniGibson/omnigibson/learning/eval.py log_path=./logs/clean_up_after_a_dinner_party_eval policy=websocket task.name=clean_up_after_a_dinner_party task.activity_definition_id=0 eval_instance_ids='[0]' model.host=localhost
clean_up_broken_glass,0,[0],clean_up_broken_glass-0,omnigibson,/home/anuriha/BEHAVIOR-1K/bddl3/bddl/activity_definitions/clean_up_broken_glass/problem0.bddl,R1Pro,--robot-type,7,"[""agent.n.01"", ""ashcan.n.01"", ""broken__glass.n.01"", ""broom.n.01"", ""floor.n.01""]","[""kitchen""]","[""inroom"", ""inside"", ""ontop""]",python /home/anuriha/BEHAVIOR-1K/OmniGibson/omnigibson/learning/eval.py log_path=./logs/clean_up_broken_glass_eval policy=websocket task.name=clean_up_broken_glass task.activity_definition_id=0 eval_instance_ids='[0]' model.host=localhost
clean_up_gasoline,0,[0],clean_up_gasoline-0,omnigibson,/home/anuriha/BEHAVIOR-1K/bddl3/bddl/activity_definitions/clean_up_gasoline/problem0.bddl,R1Pro,--robot-type,9,"[""agent.n.01"", ""bucket.n.01"", ""driveway.n.01"", ""floor.n.01"", ""gasoline.n.01"", ""liquid_soap.n.01"", ""liquid_soap__bottle.n.01"", ""swab.n.02"", ""water.n.06""]","[""garden""]","[""covered"", ""filled"", ""inroom"", ""ontop""]",python /home/anuriha/BEHAVIOR-1K/OmniGibson/omnigibson/learning/eval.py log_path=./logs/clean_up_gasoline_eval policy=websocket task.name=clean_up_gasoline task.activity_definition_id=0 eval_instance_ids='[0]' model.host=localhost
clean_up_spilled_egg,0,[0],clean_up_spilled_egg-0,omnigibson,/home/anuriha/BEHAVIOR-1K/bddl3/bddl/activity_definitions/clean_up_spilled_egg/problem0.bddl,R1Pro,--robot-type,7,"[""agent.n.01"", ""beaten_egg.n.01"", ""countertop.n.01"", ""floor.n.01"", ""paper_towel.n.01"", ""sink.n.01"", ""water.n.06""]","[""kitchen""]","[""covered"", ""inroom"", ""insource"", ""ontop""]",python /home/anuriha/BEHAVIOR-1K/OmniGibson/omnigibson/learning/eval.py log_path=./logs/clean_up_spilled_egg_eval policy=websocket task.name=clean_up_spilled_egg task.activity_definition_id=0 eval_instance_ids='[0]' model.host=localhost
clean_up_water_damage,0,[0],clean_up_water_damage-0,omnigibson,/home/anuriha/BEHAVIOR-1K/bddl3/bddl/activity_definitions/clean_up_water_damage/problem0.bddl,R1Pro,--robot-type,7,"[""agent.n.01"", ""cabinet.n.01"", ""dehumidifier.n.01"", ""disinfectant.n.01"", ""disinfectant__bottle.n.01"", ""floor.n.01"", ""mold.n.05""]","[""kitchen""]","[""covered"", ""filled"", ""inroom"", ""inside"", ""ontop""]",python /home/anuriha/BEHAVIOR-1K/OmniGibson/omnigibson/learning/eval.py log_path=./logs/clean_up_water_damage_eval policy=websocket task.name=clean_up_water_damage task.activity_definition_id=0 eval_instance_ids='[0]' model.host=localhost
clean_up_your_desk,0,[0],clean_up_your_desk-0,omnigibson,/home/anuriha/BEHAVIOR-1K/bddl3/bddl/activity_definitions/clean_up_your_desk/problem0.bddl,R1Pro,--robot-type,16,"[""agent.n.01"", ""bed.n.01"", ""bookcase.n.01"", ""chair.n.01"", ""desk.n.01"", ""floor.n.01"", ""folder.n.02"", ""laptop.n.01"", ""paperback_book.n.01"", ""pen.n.01"", ""pencil.n.01"", ""pencil_box.n.01"", ""stapler.n.01""]","[""childs_room""]","[""inroom"", ""inside"", ""ontop"", ""open""]",python /home/anuriha/BEHAVIOR-1K/OmniGibson/omnigibson/learning/eval.py log_path=./logs/clean_up_your_desk_eval policy=websocket task.name=clean_up_your_desk task.activity_definition_id=0 eval_instance_ids='[0]' model.host=localhost
clean_vans,0,[0],clean_vans-0,omnigibson,/home/anuriha/BEHAVIOR-1K/bddl3/bddl/activity_definitions/clean_vans/problem0.bddl,R1Pro,--robot-type,12,"[""agent.n.01"", ""countertop.n.01"", ""floor.n.01"", ""gym_shoe.n.01"", ""hydrogen_peroxide.n.01"", ""hydrogen_peroxide__bottle.n.01"", ""newspaper.n.03"", ""sodium_carbonate.n.01"", ""sodium_carbonate__jar.n.01"", ""stain.n.01"", ""toothbrush.n.01""]","[""utility_room""]","[""covered"", ""filled"", ""inroom"", ""ontop""]",python /home/anuriha/BEHAVIOR-1K/OmniGibson/omnigibson/learning/eval.py log_path=./logs/clean_vans_eval policy=websocket task.name=clean_vans task.activity_definition_id=0 eval_instance_ids='[0]' model.host=localhost
clean_vases,0,[0],clean_vases-0,omnigibson,/home/anuriha/BEHAVIOR-1K/bddl3/bddl/activity_definitions/clean_vases/problem0.bddl,R1Pro,--robot-type,14,"[""agent.n.01"", ""countertop.n.01"", ""floor.n.01"", ""sink.n.01"", ""sodium_carbonate.n.01"", ""sodium_carbonate__jar.n.01"", ""stain.n.01"", ""toothbrush.n.01"", ""vase.n.01"", ""vinegar.n.01"", ""vinegar__bottle.n.01"", ""water.n.06""]","[""kitchen""]","[""covered"", ""filled"", ""inroom"", ""insource"", ""ontop""]",python /home/anuriha/BEHAVIOR-1K/OmniGibson/omnigibson/learning/eval.py log_path=./logs/clean_vases_eval policy=websocket task.name=clean_vases task.activity_definition_id=0 eval_instance_ids='[0]' model.host=localhost
clean_vintage_stereo_equipment,0,[0],clean_vintage_stereo_equipment-0,omnigibson,/home/anuriha/BEHAVIOR-1K/bddl3/bddl/activity_definitions/clean_vintage_stereo_equipment/problem0.bddl,R1Pro,--robot-type,6,"[""agent.n.01"", ""coffee_table.n.01"", ""dust.n.01"", ""floor.n.01"", ""hand_towel.n.01"", ""loudspeaker.n.01""]","[""living_room""]","[""covered"", ""inroom"", ""ontop""]",python /home/anuriha/BEHAVIOR-1K/OmniGibson/omnigibson/learning/eval.py log_path=./logs/clean_vintage_stereo_equipment_eval policy=websocket task.name=clean_vintage_stereo_equipment task.activity_definition_id=0 eval_instance_ids='[0]' model.host=localhost
clean_vinyl_shutters,0,[0],clean_vinyl_shutters-0,omnigibson,/home/anuriha/BEHAVIOR-1K/bddl3/bddl/activity_definitions/clean_vinyl_shutters/problem0.bddl,R1Pro,--robot-type,10,"[""agent.n.01"", ""bucket.n.01"", ""floor.n.01"", ""liquid_soap.n.01"", ""liquid_soap__bottle.n.01"", ""rag.n.01"", ""shutter.n.02"", ""tarnish.n.02"", ""water.n.06""]","[""bedroom""]","[""covered"", ""filled"", ""inroom"", ""ontop""]",python /home/anuriha/BEHAVIOR-1K/OmniGibson/omnigibson/learning/eval.py log_path=./logs/clean_vinyl_shutters_eval policy=websocket task.name=clean_vinyl_shutters task.activity_definition_id=0 eval_instance_ids='[0]' model.host=localhost
clean_walls,0,[0],clean_walls-0,omnigibson,/home/anuriha/BEHAVIOR-1K/bddl3/bddl/activity_definitions/clean_walls/problem0.bddl,R1Pro,--robot-type,9,"[""agent.n.01"", ""floor.n.01"", ""liquid_soap.n.01"", ""liquid_soap__bottle.n.01"", ""sink.n.01"", ""stain.n.01"", ""swab.n.02"", ""wall.n.01"", ""water.n.06""]","[""kitchen""]","[""covered"", ""filled"", ""inroom"", ""insource"", ""ontop""]",python /home/anuriha/BEHAVIOR-1K/OmniGibson/omnigibson/learning/eval.py log_path=./logs/clean_walls_eval policy=websocket task.name=clean_walls task.activity_definition_id=0 eval_instance_ids='[0]' model.host=localhost
clean_whiskey_stones,0,[0],clean_whiskey_stones-0,omnigibson,/home/anuriha/BEHAVIOR-1K/bddl3/bddl/activity_definitions/clean_whiskey_stones/problem0.bddl,R1Pro,--robot-type,12,"[""agent.n.01"", ""countertop.n.01"", ""dishtowel.n.01"", ""floor.n.01"", ""liquid_soap.n.01"", ""liquid_soap__bottle.n.01"", ""sink.n.01"", ""sponge.n.01"", ""water.n.06"", ""whiskey.n.01"", ""whiskey_stone.n.01""]","[""kitchen""]","[""covered"", ""filled"", ""inroom"", ""insource"", ""ontop""]",python /home/anuriha/BEHAVIOR-1K/OmniGibson/omnigibson/learning/eval.py log_path=./logs/clean_whiskey_stones_eval policy=websocket task.name=clean_whiskey_stones task.activity_definition_id=0 eval_instance_ids='[0]' model.host=localhost
clean_white_wall_tires,0,[0],clean_white_wall_tires-0,omnigibson,/home/anuriha/BEHAVIOR-1K/bddl3/bddl/activity_definitions/clean_white_wall_tires/problem0.bddl,R1Pro,--robot-type,12,"[""agent.n.01"", ""bucket.n.01"", ""floor.n.01"", ""liquid_soap.n.01"", ""liquid_soap__bottle.n.01"", ""mud.n.03"", ""rag.n.01"", ""water.n.06"", ""whitewall_tire.n.01""]","[""garden""]","[""covered"", ""filled"", ""inroom"", ""ontop""]",python /home/anuriha/BEHAVIOR-1K/OmniGibson/omnigibson/learning/eval.py log_path=./logs/clean_white_wall_tires_eval policy=websocket task.name=clean_white_wall_tires task.activity_definition_id=0 eval_instance_ids='[0]' model.host=localhost
clean_wine_glasses,0,[0],clean_wine_glasses-0,omnigibson,/home/anuriha/BEHAVIOR-1K/bddl3/bddl/activity_definitions/clean_wine_glasses/problem0.bddl,R1Pro,--robot-type,14,"[""agent.n.01"", ""bowl.n.01"", ""countertop.n.01"", ""floor.n.01"", ""liquid_soap.n.01"", ""liquid_soap__bottle.n.01"", ""sink.n.01"", ""sponge.n.01"", ""stain.n.01"", ""vinegar.n.01"", ""vinegar__bottle.n.01"", ""water.n.06"", ""wineglass.n.01""]","[""bar"", ""kitchen""]","[""covered"", ""filled"", ""inroom"", ""insource"", ""ontop""]",python /home/anuriha/BEHAVIOR-1K/OmniGibson/omnigibson/learning/eval.py log_path=./logs/clean_wine_glasses_eval policy=websocket task.name=clean_wine_glasses task.activity_definition_id=0 eval_instance_ids='[0]' model.host=localhost
clean_wood_doors,0,[0],clean_wood_doors-0,omnigibson,/home/anuriha/BEHAVIOR-1K/bddl3/bddl/activity_definitions/clean_wood_doors/problem0.bddl,R1Pro,--robot-type,9,"[""agent.n.01"", ""door.n.01"", ""floor.n.01"", ""liquid_soap.n.01"", ""liquid_soap__bottle.n.01"", ""rag.n.01"", ""sink.n.01"", ""stain.n.01"", ""water.n.06""]","[""bathroom""]","[""covered"", ""filled"", ""inroom"", ""insource"", ""ontop""]",python /home/anuriha/BEHAVIOR-1K/OmniGibson/omnigibson/learning/eval.py log_path=./logs/clean_wood_doors_eval policy=websocket task.name=clean_wood_doors task.activity_definition_id=0 eval_instance_ids='[0]' model.host=localhost
clean_wood_pallets,0,[0],clean_wood_pallets-0,omnigibson,/home/anuriha/BEHAVIOR-1K/bddl3/bddl/activity_definitions/clean_wood_pallets/problem0.bddl,R1Pro,--robot-type,11,"[""agent.n.01"", ""bucket.n.01"", ""floor.n.01"", ""lawn.n.01"", ""liquid_soap.n.01"", ""liquid_soap__bottle.n.01"", ""pallet.n.02"", ""scrub_brush.n.01"", ""stain.n.01"", ""water.n.06""]","[""garden""]","[""covered"", ""filled"", ""inroom"", ""ontop""]",python /home/anuriha/BEHAVIOR-1K/OmniGibson/omnigibson/learning/eval.py log_path=./logs/clean_wood_pallets_eval policy=websocket task.name=clean_wood_pallets task.activity_definition_id=0 eval_instance_ids='[0]' model.host=localhost
clean_wood_siding,0,[0],clean_wood_siding-0,omnigibson,/home/anuriha/BEHAVIOR-1K/bddl3/bddl/activity_definitions/clean_wood_siding/problem0.bddl,R1Pro,--robot-type,7,"[""adhesive_material.n.01"", ""agent.n.01"", ""door.n.01"", ""floor.n.01"", ""rubbing_alcohol.n.01"", ""rubbing_alcohol__atomizer.n.01"", ""sponge.n.01""]","[""bathroom""]","[""covered"", ""inroom"", ""insource"", ""ontop""]",python /home/anuriha/BEHAVIOR-1K/OmniGibson/omnigibson/learning/eval.py log_path=./logs/clean_wood_siding_eval policy=websocket task.name=clean_wood_siding task.activity_definition_id=0 eval_instance_ids='[0]' model.host=localhost
clean_wooden_blocks,0,[0],clean_wooden_blocks-0,omnigibson,/home/anuriha/BEHAVIOR-1K/bddl3/bddl/activity_definitions/clean_wooden_blocks/problem0.bddl,R1Pro,--robot-type,14,"[""agent.n.01"", ""bowl.n.01"", ""chopping_block.n.01"", ""countertop.n.01"", ""dust.n.01"", ""floor.n.01"", ""liquid_soap.n.01"", ""liquid_soap__bottle.n.01"", ""paper_towel.n.01"", ""sink.n.01"", ""sponge.n.01"", ""stain.n.01"", ""water.n.06""]","[""kitchen""]","[""covered"", ""filled"", ""inroom"", ""insource"", ""ontop""]",python /home/anuriha/BEHAVIOR-1K/OmniGibson/omnigibson/learning/eval.py log_path=./logs/clean_wooden_blocks_eval policy=websocket task.name=clean_wooden_blocks task.activity_definition_id=0 eval_instance_ids='[0]' model.host=localhost
clean_your_baseboard_radiators,0,[0],clean_your_baseboard_radiators-0,omnigibson,/home/anuriha/BEHAVIOR-1K/bddl3/bddl/activity_definitions/clean_your_baseboard_radiators/problem0.bddl,R1Pro,--robot-type,8,"[""agent.n.01"", ""dust.n.01"", ""floor.n.01"", ""radiator.n.02"", ""scrub_brush.n.01"", ""sink.n.01"", ""water.n.06""]","[""utility_room""]","[""covered"", ""inroom"", ""insource"", ""ontop""]",python /home/anuriha/BEHAVIOR-1K/OmniGibson/omnigibson/learning/eval.py log_path=./logs/clean_your_baseboard_radiators_eval policy=websocket task.name=clean_your_baseboard_radiators task.activity_definition_id=0 eval_instance_ids='[0]' model.host=localhost
clean_your_cleaning_supplies,0,[0],clean_your_cleaning_supplies-0,omnigibson,/home/anuriha/BEHAVIOR-1K/bddl3/bddl/activity_definitions/clean_your_cleaning_supplies/problem0.bddl,R1Pro,--robot-type,13,"[""agent.n.01"", ""countertop.n.01"", ""detergent.n.02"", ""detergent__bottle.n.01"", ""dust.n.01"", ""floor.n.01"", ""mold.n.05"", ""mop_bucket.n.01"", ""rag.n.01"", ""sink.n.01"", ""stain.n.01"", ""swab.n.02"", ""water.n.06""]","[""kitchen""]","[""covered"", ""filled"", ""inroom"", ""insource"", ""ontop""]",python /home/anuriha/BEHAVIOR-1K/OmniGibson/omnigibson/learning/eval.py log_path=./logs/clean_your_cleaning_supplies_eval policy=websocket task.name=clean_your_cleaning_supplies task.activity_definition_id=0 eval_instance_ids='[0]' model.host=localhost
clean_your_electronics,0,[0],clean_your_electronics-0,omnigibson,/home/anuriha/BEHAVIOR-1K/bddl3/bddl/activity_definitions/clean_your_electronics/problem0.bddl,R1Pro,--robot-type,8,"[""agent.n.01"", ""desk.n.01"", ""dust.n.01"", ""floor.n.01"", ""laptop.n.01"", ""printer.n.03"", ""rag.n.01"", ""television_receiver.n.01""]","[""bedroom""]","[""covered"", ""inroom"", ""ontop""]",python /home/anuriha/BEHAVIOR-1K/OmniGibson/omnigibson/learning/eval.py log_path=./logs/clean_your_electronics_eval policy=websocket task.name=clean_your_electronics task.activity_definition_id=0 eval_instance_ids='[0]' model.host=localhost
clean_your_goal_keeper_gloves,0,[0],clean_your_goal_keeper_gloves-0,omnigibson,/home/anuriha/BEHAVIOR-1K/bddl3/bddl/activity_definitions/clean_your_goal_keeper_gloves/problem0.bddl,R1Pro,--robot-type,12,"[""agent.n.01"", ""detergent.n.02"", ""detergent__bottle.n.01"", ""floor.n.01"", ""goalkeeper_gloves.n.01"", ""microwave.n.02"", ""mud.n.03"", ""rag.n.01"", ""sink.n.01"", ""vinegar.n.01"", ""vinegar__bottle.n.01"", ""water.n.06""]","[""bathroom"", ""kitchen""]","[""covered"", ""filled"", ""inroom"", ""insource"", ""ontop""]",python /home/anuriha/BEHAVIOR-1K/OmniGibson/omnigibson/learning/eval.py log_path=./logs/clean_your_goal_keeper_gloves_eval policy=websocket task.name=clean_your_goal_keeper_gloves task.activity_definition_id=0 eval_instance_ids='[0]' model.host=localhost
clean_your_house_after_a_wild_party,0,[0],clean_your_house_after_a_wild_party-0,omnigibson,/home/anuriha/BEHAVIOR-1K/bddl3/bddl/activity_definitions/clean_your_house_after_a_wild_party/problem0.bddl,R1Pro,--robot-type,34,"[""adhesive_material.n.01"", ""agent.n.01"", ""beer_bottle.n.01"", ""bleaching_agent.n.01"", ""bleaching_agent__atomizer.n.01"", ""broom.n.01"", ""cabinet.n.01"", ""coffee_table.n.01"", ""countertop.n.01"", ""cup.n.01"", ""dishwasher.n.01"", ""dust.n.01"", ""floor.n.01"", ""hand_towel.n.01"", ""liquid_soap.n.01"", ""liquid_soap__bottle.n.01"", ""plate.n.04"", ""recycling_bin.n.01"", ""sink.n.01"", ""stain.n.01"", ""swab.n.02"", ""toilet.n.02"", ""vacuum.n.04"", ""water.n.06""]","[""bathroom"", ""kitchen"", ""living_room""]","[""covered"", ""filled"", ""inroom"", ""inside"", ""insource"", ""ontop"", ""open""]",python /home/anuriha/BEHAVIOR-1K/OmniGibson/omnigibson/learning/eval.py log_path=./logs/clean_your_house_after_a_wild_party_eval policy=websocket task.name=clean_your_house_after_a_wild_party task.activity_definition_id=0 eval_instance_ids='[0]' model.host=localhost
clean_your_kitty_litter_box,0,[0],clean_your_kitty_litter_box-0,omnigibson,/home/anuriha/BEHAVIOR-1K/bddl3/bddl/activity_definitions/clean_your_kitty_litter_box/problem0.bddl,R1Pro,--robot-type,11,"[""agent.n.01"", ""dust.n.01"", ""fecal_matter.n.01"", ""floor.n.01"", ""hand_towel.n.01"", ""liquid_soap.n.01"", ""liquid_soap__bottle.n.01"", ""litter_box.n.01"", ""sink.n.01"", ""water.n.06""]","[""bathroom"", ""bedroom""]","[""covered"", ""filled"", ""inroom"", ""insource"", ""ontop""]",python /home/anuriha/BEHAVIOR-1K/OmniGibson/omnigibson/learning/eval.py log_path=./logs/clean_your_kitty_litter_box_eval policy=websocket task.name=clean_your_kitty_litter_box task.activity_definition_id=0 eval_instance_ids='[0]' model.host=localhost
clean_your_laundry_room,0,[0],clean_your_laundry_room-0,omnigibson,/home/anuriha/BEHAVIOR-1K/bddl3/bddl/activity_definitions/clean_your_laundry_room/problem0.bddl,R1Pro,--robot-type,11,"[""agent.n.01"", ""bleaching_agent.n.01"", ""bleaching_agent__atomizer.n.01"", ""clothes_dryer.n.01"", ""dust.n.01"", ""floor.n.01"", ""mold.n.05"", ""rag.n.01"", ""sink.n.01"", ""washer.n.03"", ""water.n.06""]","[""utility_room""]","[""covered"", ""inroom"", ""insource"", ""ontop""]",python /home/anuriha/BEHAVIOR-1K/OmniGibson/omnigibson/learning/eval.py log_path=./logs/clean_your_laundry_room_eval policy=websocket task.name=clean_your_laundry_room task.activity_definition_id=0 eval_instance_ids='[0]' model.host=localhost
clean_your_pencil_case,0,[0],clean_your_pencil_case-0,omnigibson,/home/anuriha/BEHAVIOR-1K/bddl3/bddl/activity_definitions/clean_your_pencil_case/problem0.bddl,R1Pro,--robot-type,11,"[""agent.n.01"", ""crayon.n.01"", ""desk.n.01"", ""dust.n.01"", ""floor.n.01"", ""pen.n.01"", ""pencil.n.01"", ""pencil_box.n.01"", ""rag.n.01""]","[""bedroom""]","[""covered"", ""inroom"", ""inside"", ""ontop""]",python /home/anuriha/BEHAVIOR-1K/OmniGibson/omnigibson/learning/eval.py log_path=./logs/clean_your_pencil_case_eval policy=websocket task.name=clean_your_pencil_case task.activity_definition_id=0 eval_instance_ids='[0]' model.host=localhost
clean_your_rusty_garden_tools,0,[0],clean_your_rusty_garden_tools-0,omnigibson,/home/anuriha/BEHAVIOR-1K/bddl3/bddl/activity_definitions/clean_your_rusty_garden_tools/problem0.bddl,R1Pro,--robot-type,6,"[""agent.n.01"", ""emery_paper.n.01"", ""floor.n.01"", ""rust.n.01"", ""shears.n.01"", ""trowel.n.01""]","[""garden""]","[""covered"", ""inroom"", ""ontop""]",python /home/anuriha/BEHAVIOR-1K/OmniGibson/omnigibson/learning/eval.py log_path=./logs/clean_your_rusty_garden_tools_eval policy=websocket task.name=clean_your_rusty_garden_tools task.activity_definition_id=0 eval_instance_ids='[0]' model.host=localhost
cleaning_around_pool_in_garden,0,[0],cleaning_around_pool_in_garden-0,omnigibson,/home/anuriha/BEHAVIOR-1K/bddl3/bddl/activity_definitions/cleaning_around_pool_in_garden/problem0.bddl,R1Pro,--robot-type,6,"[""agent.n.01"", ""broom.n.01"", ""driveway.n.01"", ""dust.n.01"", ""floor.n.01"", ""pool.n.01""]","[""garden""]","[""covered"", ""inroom"", ""ontop""]",python /home/anuriha/BEHAVIOR-1K/OmniGibson/omnigibson/learning/eval.py log_path=./logs/cleaning_around_pool_in_garden_eval policy=websocket task.name=cleaning_around_pool_in_garden task.activity_definition_id=0 eval_instance_ids='[0]' model.host=localhost
cleaning_barbecue_grill,0,[0],cleaning_barbecue_grill-0,omnigibson,/home/anuriha/BEHAVIOR-1K/bddl3/bddl/activity_definitions/cleaning_barbecue_grill/problem0.bddl,R1Pro,--robot-type,10,"[""agent.n.01"", ""bucket.n.01"", ""countertop.n.01"", ""dust.n.01"", ""floor.n.01"", ""grill.n.02"", ""rag.n.01"", ""sink.n.01"", ""stain.n.01""]","[""garage"", ""garden"", ""kitchen""]","[""covered"", ""inroom"", ""ontop""]",python /home/anuriha/BEHAVIOR-1K/OmniGibson/omnigibson/learning/eval.py log_path=./logs/cleaning_barbecue_grill_eval policy=websocket task.name=cleaning_barbecue_grill task.activity_definition_id=0 eval_instance_ids='[0]' model.host=localhost
cleaning_bathrooms,0,[0],cleaning_bathrooms-0,omnigibson,/home/anuriha/BEHAVIOR-1K/bddl3/bddl/activity_definitions/cleaning_bathrooms/problem0.bddl,R1Pro,--robot-type,10,"[""agent.n.01"", ""bar_soap.n.01"", ""bathtub.n.01"", ""bucket.n.01"", ""floor.n.01"", ""rag.n.01"", ""scrub_brush.n.01"", ""sink.n.01"", ""stain.n.01"", ""toilet.n.02""]","[""bathroom""]","[""covered"", ""inroom"", ""inside"", ""ontop""]",python /home/anuriha/BEHAVIOR-1K/OmniGibson/omnigibson/learning/eval.py log_path=./logs/cleaning_bathrooms_eval policy=websocket task.name=cleaning_bathrooms task.activity_definition_id=0 eval_instance_ids='[0]' model.host=localhost
cleaning_bathtub,0,[0],cleaning_bathtub-0,omnigibson,/home/anuriha/BEHAVIOR-1K/bddl3/bddl/activity_definitions/cleaning_bathtub/problem0.bddl,R1Pro,--robot-type,9,"[""agent.n.01"", ""bar_soap.n.01"", ""bathtub.n.01"", ""bucket.n.01"", ""floor.n.01"", ""scrub_brush.n.01"", ""sink.n.01"", ""stain.n.01"", ""water.n.06""]","[""bathroom""]","[""covered"", ""inroom"", ""inside"", ""insource"", ""ontop""]",python /home/anuriha/BEHAVIOR-1K/OmniGibson/omnigibson/learning/eval.py log_path=./logs/cleaning_bathtub_eval policy=websocket task.name=cleaning_bathtub task.activity_definition_id=0 eval_instance_ids='[0]' model.host=localhost
cleaning_bedroom,0,[0],cleaning_bedroom-0,omnigibson,/home/anuriha/BEHAVIOR-1K/bddl3/bddl/activity_definitions/cleaning_bedroom/problem0.bddl,R1Pro,--robot-type,14,"[""agent.n.01"", ""bed.n.01"", ""bottle__of__perfume.n.01"", ""cabinet.n.01"", ""dust.n.01"", ""floor.n.01"", ""hand_towel.n.01"", ""jewelry.n.01"", ""painting.n.01"", ""sheet.n.03"", ""trouser.n.01"", ""vacuum.n.04""]","[""bedroom""]","[""covered"", ""inroom"", ""inside"", ""nextto"", ""ontop""]",python /home/anuriha/BEHAVIOR-1K/OmniGibson/omnigibson/learning/eval.py log_path=./logs/cleaning_bedroom_eval policy=websocket task.name=cleaning_bedroom task.activity_definition_id=0 eval_instance_ids='[0]' model.host=localhost
cleaning_boat,0,[0],cleaning_boat-0,omnigibson,/home/anuriha/BEHAVIOR-1K/bddl3/bddl/activity_definitions/cleaning_boat/problem0.bddl,R1Pro,--robot-type,13,"[""agent.n.01"", ""boat.n.01"", ""bucket.n.01"", ""detergent.n.02"", ""detergent__bottle.n.01"", ""driveway.n.01"", ""floor.n.01"", ""lawn.n.01"", ""liquid_soap.n.01"", ""liquid_soap__bottle.n.01"", ""stain.n.01"", ""swab.n.02"", ""water.n.06""]","[""garden""]","[""covered"", ""filled"", ""inroom"", ""ontop""]",python /home/anuriha/BEHAVIOR-1K/OmniGibson/omnigibson/learning/eval.py log_path=./logs/cleaning_boat_eval policy=websocket task.name=cleaning_boat task.activity_definition_id=0 eval_instance_ids='[0]' model.host=localhost
cleaning_camper_or_RV,0,[0],cleaning_camper_or_RV-0,omnigibson,/home/anuriha/BEHAVIOR-1K/bddl3/bddl/activity_definitions/cleaning_camper_or_RV/problem0.bddl,R1Pro,--robot-type,14,"[""agent.n.01"", ""bucket.n.01"", ""detergent.n.02"", ""detergent__bottle.n.01"", ""dust.n.01"", ""floor.n.01"", ""liquid_soap.n.01"", ""liquid_soap__bottle.n.01"", ""mud.n.03"", ""rag.n.01"", ""recreational_vehicle.n.01"", ""sink.n.01"", ""sponge.n.01"", ""water.n.06""]","[""bathroom"", ""garage"", ""garden""]","[""covered"", ""filled"", ""inroom"", ""insource"", ""ontop""]",python /home/anuriha/BEHAVIOR-1K/OmniGibson/omnigibson/learning/eval.py log_path=./logs/cleaning_camper_or_RV_eval policy=websocket task.name=cleaning_camper_or_RV task.activity_definition_id=0 eval_instance_ids='[0]' model.host=localhost
cleaning_carpets,0,[0],cleaning_carpets-0,omnigibson,/home/anuriha/BEHAVIOR-1K/bddl3/bddl/activity_definitions/cleaning_carpets/problem0.bddl,R1Pro,--robot-type,10,"[""agent.n.01"", ""cabinet.n.01"", ""detergent.n.02"", ""detergent__bottle.n.01"", ""door.n.01"", ""floor.n.01"", ""hand_towel.n.01"", ""sink.n.01"", ""stain.n.01""]","[""corridor"", ""utility_room""]","[""covered"", ""filled"", ""inroom"", ""inside"", ""ontop""]",python /home/anuriha/BEHAVIOR-1K/OmniGibson/omnigibson/learning/eval.py log_path=./logs/cleaning_carpets_eval policy=websocket task.name=cleaning_carpets task.activity_definition_id=0 eval_instance_ids='[0]' model.host=localhost
cleaning_computer,0,[0],cleaning_computer-0,omnigibson,/home/anuriha/BEHAVIOR-1K/bddl3/bddl/activity_definitions/cleaning_computer/problem0.bddl,R1Pro,--robot-type,6,"[""agent.n.01"", ""desk.n.01"", ""desktop_computer.n.01"", ""dust.n.01"", ""floor.n.01"", ""rag.n.01""]","[""bedroom""]","[""covered"", ""inroom"", ""ontop""]",python /home/anuriha/BEHAVIOR-1K/OmniGibson/omnigibson/learning/eval.py log_path=./logs/cleaning_computer_eval policy=websocket task.name=cleaning_computer task.activity_definition_id=0 eval_instance_ids='[0]' model.host=localhost
cleaning_cups_in_living_room,0,[0],cleaning_cups_in_living_room-0,omnigibson,/home/anuriha/BEHAVIOR-1K/bddl3/bddl/activity_definitions/cleaning_cups_in_living_room/problem0.bddl,R1Pro,--robot-type,10,"[""agent.n.01"", ""dust.n.01"", ""floor.n.01"", ""rag.n.01"", ""red_wine.n.01"", ""table.n.02"", ""white_wine.n.01"", ""wineglass.n.01""]","[""living_room""]","[""covered"", ""inroom"", ""ontop""]",python /home/anuriha/BEHAVIOR-1K/OmniGibson/omnigibson/learning/eval.py log_path=./logs/cleaning_cups_in_living_room_eval policy=websocket task.name=cleaning_cups_in_living_room task.activity_definition_id=0 eval_instance_ids='[0]' model.host=localhost
cleaning_debris_out_of_car,0,[0],cleaning_debris_out_of_car-0,omnigibson,/home/anuriha/BEHAVIOR-1K/bddl3/bddl/activity_definitions/cleaning_debris_out_of_car/problem0.bddl,R1Pro,--robot-type,7,"[""agent.n.01"", ""bag__of__chips.n.01"", ""car.n.01"", ""cup__of__yogurt.n.01"", ""driveway.n.01"", ""floor.n.01"", ""vacuum.n.04""]","[""garden""]","[""inroom"", ""inside"", ""ontop""]",python /home/anuriha/BEHAVIOR-1K/OmniGibson/omnigibson/learning/eval.py log_path=./logs/cleaning_debris_out_of_car_eval policy=websocket task.name=cleaning_debris_out_of_car task.activity_definition_id=0 eval_instance_ids='[0]' model.host=localhost
cleaning_driveway,0,[0],cleaning_driveway-0,omnigibson,/home/anuriha/BEHAVIOR-1K/bddl3/bddl/activity_definitions/cleaning_driveway/problem0.bddl,R1Pro,--robot-type,6,"[""agent.n.01"", ""broom.n.01"", ""bunchgrass.n.01"", ""driveway.n.01"", ""dust.n.01"", ""floor.n.01""]","[""garden""]","[""covered"", ""inroom"", ""ontop""]",python /home/anuriha/BEHAVIOR-1K/OmniGibson/omnigibson/learning/eval.py log_path=./logs/cleaning_driveway_eval policy=websocket task.name=cleaning_driveway task.activity_definition_id=0 eval_instance_ids='[0]' model.host=localhost
cleaning_fan,0,[0],cleaning_fan-0,omnigibson,/home/anuriha/BEHAVIOR-1K/bddl3/bddl/activity_definitions/cleaning_fan/problem0.bddl,R1Pro,--robot-type,11,"[""agent.n.01"", ""dust.n.01"", ""electric_fan.n.01"", ""floor.n.01"", ""liquid_soap.n.01"", ""liquid_soap__bottle.n.01"", ""mold.n.05"", ""rag.n.01"", ""scrub_brush.n.01"", ""sink.n.01"", ""water.n.06""]","[""bathroom""]","[""covered"", ""filled"", ""inroom"", ""insource"", ""ontop""]",python /home/anuriha/BEHAVIOR-1K/OmniGibson/omnigibson/learning/eval.py log_path=./logs/cleaning_fan_eval policy=websocket task.name=cleaning_fan task.activity_definition_id=0 eval_instance_ids='[0]' model.host=localhost
cleaning_fishing_gear,0,[0],cleaning_fishing_gear-0,omnigibson,/home/anuriha/BEHAVIOR-1K/bddl3/bddl/activity_definitions/cleaning_fishing_gear/problem0.bddl,R1Pro,--robot-type,10,"[""agent.n.01"", ""bucket.n.01"", ""fishing_rod.n.01"", ""floor.n.01"", ""liquid_soap.n.01"", ""liquid_soap__bottle.n.01"", ""rag.n.01"", ""stain.n.01"", ""steel_wool.n.01"", ""water.n.06""]","[""garden""]","[""covered"", ""filled"", ""inroom"", ""ontop""]",python /home/anuriha/BEHAVIOR-1K/OmniGibson/omnigibson/learning/eval.py log_path=./logs/cleaning_fishing_gear_eval policy=websocket task.name=cleaning_fishing_gear task.activity_definition_id=0 eval_instance_ids='[0]' model.host=localhost
cleaning_floors,0,[0],cleaning_floors-0,omnigibson,/home/anuriha/BEHAVIOR-1K/bddl3/bddl/activity_definitions/cleaning_floors/problem0.bddl,R1Pro,--robot-type,11,"[""agent.n.01"", ""broom.n.01"", ""detergent.n.02"", ""detergent__bottle.n.01"", ""door.n.01"", ""dust.n.01"", ""dustpan.n.02"", ""floor.n.01"", ""scrub_brush.n.01"", ""sink.n.01"", ""stain.n.01""]","[""bathroom""]","[""covered"", ""filled"", ""inroom"", ""ontop""]",python /home/anuriha/BEHAVIOR-1K/OmniGibson/omnigibson/learning/eval.py log_path=./logs/cleaning_floors_eval policy=websocket task.name=cleaning_floors task.activity_definition_id=0 eval_instance_ids='[0]' model.host=localhost
cleaning_freezer,0,[0],cleaning_freezer-0,omnigibson,/home/anuriha/BEHAVIOR-1K/bddl3/bddl/activity_definitions/cleaning_freezer/problem0.bddl,R1Pro,--robot-type,12,"[""agent.n.01"", ""detergent.n.02"", ""detergent__bottle.n.01"", ""electric_refrigerator.n.01"", ""floor.n.01"", ""prawn.n.01"", ""sink.n.01"", ""stain.n.01"", ""table.n.02"", ""towel.n.01""]","[""kitchen""]","[""covered"", ""filled"", ""inroom"", ""inside"", ""ontop""]",python /home/anuriha/BEHAVIOR-1K/OmniGibson/omnigibson/learning/eval.py log_path=./logs/cleaning_freezer_eval policy=websocket task.name=cleaning_freezer task.activity_definition_id=0 eval_instance_ids='[0]' model.host=localhost
cleaning_garage,0,[0],cleaning_garage-0,omnigibson,/home/anuriha/BEHAVIOR-1K/bddl3/bddl/activity_definitions/cleaning_garage/problem0.bddl,R1Pro,--robot-type,15,"[""agent.n.01"", ""bottle.n.01"", ""broom.n.01"", ""cabinet.n.01"", ""dust.n.01"", ""floor.n.01"", ""newspaper.n.03"", ""rag.n.01"", ""recycling_bin.n.01"", ""sink.n.01"", ""stain.n.01"", ""table.n.02""]","[""garage"", ""storage_room""]","[""covered"", ""inroom"", ""inside"", ""ontop""]",python /home/anuriha/BEHAVIOR-1K/OmniGibson/omnigibson/learning/eval.py log_path=./logs/cleaning_garage_eval policy=websocket task.name=cleaning_garage task.activity_definition_id=0 eval_instance_ids='[0]' model.host=localhost
cleaning_garden_path,0,[0],cleaning_garden_path-0,omnigibson,/home/anuriha/BEHAVIOR-1K/bddl3/bddl/activity_definitions/cleaning_garden_path/problem0.bddl,R1Pro,--robot-type,10,"[""agent.n.01"", ""ashcan.n.01"", ""broom.n.01"", ""driveway.n.01"", ""dust.n.01"", ""floor.n.01"", ""paper.n.01"", ""plastic_bag.n.01""]","[""garden""]","[""covered"", ""inroom"", ""inside"", ""ontop""]",python /home/anuriha/BEHAVIOR-1K/OmniGibson/omnigibson/learning/eval.py log_path=./logs/cleaning_garden_path_eval policy=websocket task.name=cleaning_garden_path task.activity_definition_id=0 eval_instance_ids='[0]' model.host=localhost
cleaning_garden_tools,0,[0],cleaning_garden_tools-0,omnigibson,/home/anuriha/BEHAVIOR-1K/bddl3/bddl/activity_definitions/cleaning_garden_tools/problem0.bddl,R1Pro,--robot-type,21,"[""agent.n.01"", ""carton.n.02"", ""dust.n.01"", ""floor.n.01"", ""glove.n.02"", ""liquid_soap.n.01"", ""liquid_soap__bottle.n.01"", ""mud.n.03"", ""pot_plant.n.01"", ""pruner.n.02"", ""rail_fence.n.01"", ""rake.n.03"", ""scrub_brush.n.01"", ""shovel.n.01"", ""stain.n.01"", ""steel_wool.n.01"", ""trowel.n.01"", ""water.n.06"", ""watering_can.n.01""]","[""garden""]","[""covered"", ""filled"", ""inroom"", ""inside"", ""insource"", ""nextto"", ""ontop""]",python /home/anuriha/BEHAVIOR-1K/OmniGibson/omnigibson/learning/eval.py log_path=./logs/cleaning_garden_tools_eval policy=websocket task.name=cleaning_garden_tools task.activity_definition_id=0 eval_instance_ids='[0]' model.host=localhost
cleaning_glasses_off_bar,0,[0],cleaning_glasses_off_bar-0,omnigibson,/home/anuriha/BEHAVIOR-1K/bddl3/bddl/activity_definitions/cleaning_glasses_off_bar/problem0.bddl,R1Pro,--robot-type,14,"[""agent.n.01"", ""beer.n.01"", ""beer_glass.n.01"", ""countertop.n.01"", ""floor.n.01"", ""gin.n.01"", ""orange_juice.n.01"", ""red_wine.n.01"", ""sink.n.01"", ""stain.n.01"", ""wineglass.n.01""]","[""bar""]","[""covered"", ""inroom"", ""inside"", ""nextto"", ""ontop""]",python /home/anuriha/BEHAVIOR-1K/OmniGibson/omnigibson/learning/eval.py log_path=./logs/cleaning_glasses_off_bar_eval policy=websocket task.name=cleaning_glasses_off_bar task.activity_definition_id=0 eval_instance_ids='[0]' model.host=localhost
cleaning_high_chair,0,[0],cleaning_high_chair-0,omnigibson,/home/anuriha/BEHAVIOR-1K/bddl3/bddl/activity_definitions/cleaning_high_chair/problem0.bddl,R1Pro,--robot-type,7,"[""agent.n.01"", ""cabinet.n.01"", ""dust.n.01"", ""floor.n.01"", ""hand_towel.n.01"", ""highchair.n.01""]","[""dining_room"", ""kitchen""]","[""covered"", ""inroom"", ""inside"", ""ontop""]",python /home/anuriha/BEHAVIOR-1K/OmniGibson/omnigibson/learning/eval.py log_path=./logs/cleaning_high_chair_eval policy=websocket task.name=cleaning_high_chair task.activity_definition_id=0 eval_instance_ids='[0]' model.host=localhost
cleaning_kitchen_cupboard,0,[0],cleaning_kitchen_cupboard-0,omnigibson,/home/anuriha/BEHAVIOR-1K/bddl3/bddl/activity_definitions/cleaning_kitchen_cupboard/problem0.bddl,R1Pro,--robot-type,13,"[""agent.n.01"", ""bowl.n.01"", ""cabinet.n.01"", ""countertop.n.01"", ""cup.n.01"", ""detergent.n.02"", ""detergent__bottle.n.01"", ""dust.n.01"", ""floor.n.01"", ""hand_towel.n.01""]","[""kitchen""]","[""covered"", ""filled"", ""inroom"", ""inside"", ""ontop""]",python /home/anuriha/BEHAVIOR-1K/OmniGibson/omnigibson/learning/eval.py log_path=./logs/cleaning_kitchen_cupboard_eval policy=websocket task.name=cleaning_kitchen_cupboard task.activity_definition_id=0 eval_instance_ids='[0]' model.host=localhost
cleaning_kitchen_knives,0,[0],cleaning_kitchen_knives-0,omnigibson,/home/anuriha/BEHAVIOR-1K/bddl3/bddl/activity_definitions/cleaning_kitchen_knives/problem0.bddl,R1Pro,--robot-type,14,"[""agent.n.01"", ""barbecue_sauce.n.01"", ""breadcrumb.n.01"", ""carving_knife.n.01"", ""countertop.n.01"", ""floor.n.01"", ""liquid_soap.n.01"", ""liquid_soap__bottle.n.01"", ""melted__butter.n.01"", ""sink.n.01"", ""sponge.n.01"", ""table_knife.n.01"", ""water.n.06""]","[""kitchen""]","[""covered"", ""filled"", ""inroom"", ""insource"", ""ontop""]",python /home/anuriha/BEHAVIOR-1K/OmniGibson/omnigibson/learning/eval.py log_path=./logs/cleaning_kitchen_knives_eval policy=websocket task.name=cleaning_kitchen_knives task.activity_definition_id=0 eval_instance_ids='[0]' model.host=localhost
cleaning_lawnmowers,0,[0],cleaning_lawnmowers-0,omnigibson,/home/anuriha/BEHAVIOR-1K/bddl3/bddl/activity_definitions/cleaning_lawnmowers/problem0.bddl,R1Pro,--robot-type,9,"[""agent.n.01"", ""bunchgrass.n.01"", ""dirt.n.02"", ""floor.n.01"", ""lawn_mower.n.01"", ""rag.n.01"", ""scrub_brush.n.01"", ""water.n.06"", ""watering_can.n.01""]","[""garden""]","[""covered"", ""inroom"", ""insource"", ""ontop""]",python /home/anuriha/BEHAVIOR-1K/OmniGibson/omnigibson/learning/eval.py log_path=./logs/cleaning_lawnmowers_eval policy=websocket task.name=cleaning_lawnmowers task.activity_definition_id=0 eval_instance_ids='[0]' model.host=localhost
cleaning_microwave_oven,0,[0],cleaning_microwave_oven-0,omnigibson,/home/anuriha/BEHAVIOR-1K/bddl3/bddl/activity_definitions/cleaning_microwave_oven/problem0.bddl,R1Pro,--robot-type,10,"[""agent.n.01"", ""ashcan.n.01"", ""cabinet.n.01"", ""countertop.n.01"", ""dust.n.01"", ""floor.n.01"", ""microwave.n.02"", ""rag.n.01"", ""sink.n.01"", ""stain.n.01""]","[""kitchen""]","[""covered"", ""inroom"", ""ontop""]",python /home/anuriha/BEHAVIOR-1K/OmniGibson/omnigibson/learning/eval.py log_path=./logs/cleaning_microwave_oven_eval policy=websocket task.name=cleaning_microwave_oven task.activity_definition_id=0 eval_instance_ids='[0]' model.host=localhost
cleaning_mushrooms,0,[0],cleaning_mushrooms-0,omnigibson,/home/anuriha/BEHAVIOR-1K/bddl3/bddl/activity_definitions/cleaning_mushrooms/problem0.bddl,R1Pro,--robot-type,13,"[""agent.n.01"", ""chopping_board.n.01"", ""countertop.n.01"", ""dust.n.01"", ""floor.n.01"", ""mixing_bowl.n.01"", ""mushroom.n.05"", ""paper_towel.n.01"", ""water.n.06""]","[""kitchen""]","[""covered"", ""filled"", ""inroom"", ""ontop""]",python /home/anuriha/BEHAVIOR-1K/OmniGibson/omnigibson/learning/eval.py log_path=./logs/cleaning_mushrooms_eval policy=websocket task.name=cleaning_mushrooms task.activity_definition_id=0 eval_instance_ids='[0]' model.host=localhost
cleaning_out_drawers,0,[0],cleaning_out_drawers-0,omnigibson,/home/anuriha/BEHAVIOR-1K/bddl3/bddl/activity_definitions/cleaning_out_drawers/problem0.bddl,R1Pro,--robot-type,10,"[""agent.n.01"", ""bowl.n.01"", ""cabinet.n.01"", ""dinner_napkin.n.01"", ""floor.n.01"", ""sink.n.01"", ""tablespoon.n.02""]","[""kitchen""]","[""inroom"", ""inside"", ""nextto"", ""ontop""]",python /home/anuriha/BEHAVIOR-1K/OmniGibson/omnigibson/learning/eval.py log_path=./logs/cleaning_out_drawers_eval policy=websocket task.name=cleaning_out_drawers task.activity_definition_id=0 eval_instance_ids='[0]' model.host=localhost
cleaning_oven,0,[0],cleaning_oven-0,omnigibson,/home/anuriha/BEHAVIOR-1K/bddl3/bddl/activity_definitions/cleaning_oven/problem0.bddl,R1Pro,--robot-type,12,"[""agent.n.01"", ""bar_soap.n.01"", ""cabinet.n.01"", ""dustpan.n.02"", ""floor.n.01"", ""newspaper.n.03"", ""oven.n.01"", ""rag.n.01"", ""scrub_brush.n.01"", ""sink.n.01"", ""stain.n.01""]","[""kitchen""]","[""covered"", ""inroom"", ""inside"", ""ontop""]",python /home/anuriha/BEHAVIOR-1K/OmniGibson/omnigibson/learning/eval.py log_path=./logs/cleaning_oven_eval policy=websocket task.name=cleaning_oven task.activity_definition_id=0 eval_instance_ids='[0]' model.host=localhost
cleaning_parks,0,[0],cleaning_parks-0,omnigibson,/home/anuriha/BEHAVIOR-1K/bddl3/bddl/activity_definitions/cleaning_parks/problem0.bddl,R1Pro,--robot-type,7,"[""agent.n.01"", ""floor.n.01"", ""lawn.n.01"", ""recycling_bin.n.01"", ""water_bottle.n.01""]","[""garden""]","[""inroom"", ""inside"", ""ontop""]",python /home/anuriha/BEHAVIOR-1K/OmniGibson/omnigibson/learning/eval.py log_path=./logs/cleaning_parks_eval policy=websocket task.name=cleaning_parks task.activity_definition_id=0 eval_instance_ids='[0]' model.host=localhost
cleaning_patio_furniture,0,[0],cleaning_patio_furniture-0,omnigibson,/home/anuriha/BEHAVIOR-1K/bddl3/bddl/activity_definitions/cleaning_patio_furniture/problem0.bddl,R1Pro,--robot-type,14,"[""agent.n.01"", ""bucket.n.01"", ""coffee_table.n.01"", ""dirt.n.02"", ""floor.n.01"", ""lawn_chair.n.01"", ""liquid_soap.n.01"", ""liquid_soap__bottle.n.01"", ""mildew.n.02"", ""rag.n.01"", ""water.n.06""]","[""garden""]","[""covered"", ""filled"", ""inroom"", ""ontop""]",python /home/anuriha/BEHAVIOR-1K/OmniGibson/omnigibson/learning/eval.py log_path=./logs/cleaning_patio_furniture_eval policy=websocket task.name=cleaning_patio_furniture task.activity_definition_id=0 eval_instance_ids='[0]' model.host=localhost
cleaning_pavement,0,[0],cleaning_pavement-0,omnigibson,/home/anuriha/BEHAVIOR-1K/bddl3/bddl/activity_definitions/cleaning_pavement/problem0.bddl,R1Pro,--robot-type,7,"[""agent.n.01"", ""broom.n.01"", ""dust.n.01"", ""floor.n.01"", ""paving_stone.n.01""]","[""garden""]","[""covered"", ""inroom"", ""ontop""]",python /home/anuriha/BEHAVIOR-1K/OmniGibson/omnigibson/learning/eval.py log_path=./logs/cleaning_pavement_eval policy=websocket task.name=cleaning_pavement task.activity_definition_id=0 eval_instance_ids='[0]' model.host=localhost
cleaning_pet_bed,0,[0],cleaning_pet_bed-0,omnigibson,/home/anuriha/BEHAVIOR-1K/bddl3/bddl/activity_definitions/cleaning_pet_bed/problem0.bddl,R1Pro,--robot-type,7,"[""agent.n.01"", ""floor.n.01"", ""hair.n.04"", ""pet_bed.n.01"", ""petfood.n.01"", ""rug.n.01"", ""vacuum.n.04""]","[""playroom""]","[""covered"", ""inroom"", ""ontop""]",python /home/anuriha/BEHAVIOR-1K/OmniGibson/omnigibson/learning/eval.py log_path=./logs/cleaning_pet_bed_eval policy=websocket task.name=cleaning_pet_bed task.activity_definition_id=0 eval_instance_ids='[0]' model.host=localhost
cleaning_rainboots,0,[0],cleaning_rainboots-0,omnigibson,/home/anuriha/BEHAVIOR-1K/bddl3/bddl/activity_definitions/cleaning_rainboots/problem0.bddl,R1Pro,--robot-type,10,"[""agent.n.01"", ""floor.n.01"", ""liquid_soap.n.01"", ""liquid_soap__bottle.n.01"", ""mud.n.03"", ""rag.n.01"", ""rubber_boot.n.01"", ""sink.n.01"", ""water.n.06""]","[""utility_room""]","[""covered"", ""filled"", ""inroom"", ""insource"", ""ontop""]",python /home/anuriha/BEHAVIOR-1K/OmniGibson/omnigibson/learning/eval.py log_path=./logs/cleaning_rainboots_eval policy=websocket task.name=cleaning_rainboots task.activity_definition_id=0 eval_instance_ids='[0]' model.host=localhost
cleaning_restaurant_table,0,[0],cleaning_restaurant_table-0,omnigibson,/home/anuriha/BEHAVIOR-1K/bddl3/bddl/activity_definitions/cleaning_restaurant_table/problem0.bddl,R1Pro,--robot-type,15,"[""agent.n.01"", ""ashcan.n.01"", ""bowl.n.01"", ""breadcrumb.n.01"", ""breakfast_table.n.01"", ""countertop.n.01"", ""dinner_napkin.n.01"", ""disinfectant.n.01"", ""disinfectant__bottle.n.01"", ""floor.n.01"", ""hand_towel.n.01"", ""rag.n.01"", ""sink.n.01"", ""water.n.06""]","[""dining_room"", ""kitchen""]","[""covered"", ""filled"", ""inroom"", ""inside"", ""insource"", ""ontop""]",python /home/anuriha/BEHAVIOR-1K/OmniGibson/omnigibson/learning/eval.py log_path=./logs/cleaning_restaurant_table_eval policy=websocket task.name=cleaning_restaurant_table task.activity_definition_id=0 eval_instance_ids='[0]' model.host=localhost
cleaning_shed,0,[0],cleaning_shed-0,omnigibson,/home/anuriha/BEHAVIOR-1K/bddl3/bddl/activity_definitions/cleaning_shed/problem0.bddl,R1Pro,--robot-type,10,"[""agent.n.01"", ""broom.n.01"", ""chicken_wire.n.01"", ""dust.n.01"", ""floor.n.01"", ""leaf_blower.n.01"", ""rake.n.03"", ""shovel.n.01"", ""trowel.n.01"", ""vacuum.n.04""]","[""garden""]","[""covered"", ""inroom"", ""nextto"", ""ontop""]",python /home/anuriha/BEHAVIOR-1K/OmniGibson/omnigibson/learning/eval.py log_path=./logs/cleaning_shed_eval policy=websocket task.name=cleaning_shed task.activity_definition_id=0 eval_instance_ids='[0]' model.host=localhost
cleaning_shoes,0,[0],cleaning_shoes-0,omnigibson,/home/anuriha/BEHAVIOR-1K/bddl3/bddl/activity_definitions/cleaning_shoes/problem0.bddl,R1Pro,--robot-type,13,"[""agent.n.01"", ""bar_soap.n.01"", ""bed.n.01"", ""dust.n.01"", ""floor.n.01"", ""gym_shoe.n.01"", ""rag.n.01"", ""sink.n.01"", ""stain.n.01"", ""towel.n.01""]","[""bathroom"", ""bedroom""]","[""covered"", ""inroom"", ""ontop""]",python /home/anuriha/BEHAVIOR-1K/OmniGibson/omnigibson/learning/eval.py log_path=./logs/cleaning_shoes_eval policy=websocket task.name=cleaning_shoes task.activity_definition_id=0 eval_instance_ids='[0]' model.host=localhost
cleaning_skis,0,[0],cleaning_skis-0,omnigibson,/home/anuriha/BEHAVIOR-1K/bddl3/bddl/activity_definitions/cleaning_skis/problem0.bddl,R1Pro,--robot-type,13,"[""agent.n.01"", ""bathtub.n.01"", ""floor.n.01"", ""rag.n.01"", ""rubbing_alcohol.n.01"", ""rubbing_alcohol__atomizer.n.01"", ""scraper.n.01"", ""sink.n.01"", ""ski.n.01"", ""snow.n.01"", ""stain.n.01"", ""water.n.06""]","[""bathroom"", ""utility_room""]","[""covered"", ""inroom"", ""insource"", ""ontop""]",python /home/anuriha/BEHAVIOR-1K/OmniGibson/omnigibson/learning/eval.py log_path=./logs/cleaning_skis_eval policy=websocket task.name=cleaning_skis task.activity_definition_id=0 eval_instance_ids='[0]' model.host=localhost
cleaning_sneakers,0,[0],cleaning_sneakers-0,omnigibson,/home/anuriha/BEHAVIOR-1K/bddl3/bddl/activity_definitions/cleaning_sneakers/problem0.bddl,R1Pro,--robot-type,16,"[""agent.n.01"", ""bar_soap.n.01"", ""cabinet.n.01"", ""countertop.n.01"", ""dust.n.01"", ""floor.n.01"", ""gym_shoe.n.01"", ""scrub_brush.n.01"", ""sink.n.01"", ""stain.n.01"", ""table.n.02"", ""towel.n.01""]","[""kitchen"", ""living_room""]","[""covered"", ""inroom"", ""inside"", ""nextto"", ""ontop"", ""under""]",python /home/anuriha/BEHAVIOR-1K/OmniGibson/omnigibson/learning/eval.py log_path=./logs/cleaning_sneakers_eval policy=websocket task.name=cleaning_sneakers task.activity_definition_id=0 eval_instance_ids='[0]' model.host=localhost
cleaning_stove,0,[0],cleaning_stove-0,omnigibson,/home/anuriha/BEHAVIOR-1K/bddl3/bddl/activity_definitions/cleaning_stove/problem0.bddl,R1Pro,--robot-type,10,"[""agent.n.01"", ""bar_soap.n.01"", ""cabinet.n.01"", ""dishtowel.n.01"", ""dust.n.01"", ""floor.n.01"", ""rag.n.01"", ""sink.n.01"", ""stain.n.01"", ""stove.n.01""]","[""kitchen""]","[""covered"", ""inroom"", ""inside"", ""nextto"", ""ontop""]",python /home/anuriha/BEHAVIOR-1K/OmniGibson/omnigibson/learning/eval.py log_path=./logs/cleaning_stove_eval policy=websocket task.name=cleaning_stove task.activity_definition_id=0 eval_instance_ids='[0]' model.host=localhost
cleaning_stuff_out_of_car,0,[0],cleaning_stuff_out_of_car-0,omnigibson,/home/anuriha/BEHAVIOR-1K/bddl3/bddl/activity_definitions/cleaning_stuff_out_of_car/problem0.bddl,R1Pro,--robot-type,10,"[""agent.n.01"", ""box__of__candy.n.01"", ""car.n.01"", ""dixie_cup.n.01"", ""driveway.n.01"", ""floor.n.01"", ""newspaper.n.03"", ""plastic_bag.n.01""]","[""garden""]","[""inroom"", ""inside"", ""ontop""]",python /home/anuriha/BEHAVIOR-1K/OmniGibson/omnigibson/learning/eval.py log_path=./logs/cleaning_stuff_out_of_car_eval policy=websocket task.name=cleaning_stuff_out_of_car task.activity_definition_id=0 eval_instance_ids='[0]' model.host=localhost
cleaning_table_after_clearing,0,[0],cleaning_table_after_clearing-0,omnigibson,/home/anuriha/BEHAVIOR-1K/bddl3/bddl/activity_definitions/cleaning_table_after_clearing/problem0.bddl,R1Pro,--robot-type,8,"[""agent.n.01"", ""bar_soap.n.01"", ""cabinet.n.01"", ""dishtowel.n.01"", ""floor.n.01"", ""sink.n.01"", ""stain.n.01"", ""table.n.02""]","[""dining_room"", ""kitchen""]","[""covered"", ""inroom"", ""inside"", ""ontop""]",python /home/anuriha/BEHAVIOR-1K/OmniGibson/omnigibson/learning/eval.py log_path=./logs/cleaning_table_after_clearing_eval policy=websocket task.name=cleaning_table_after_clearing task.activity_definition_id=0 eval_instance_ids='[0]' model.host=localhost
cleaning_the_hot_tub,0,[0],cleaning_the_hot_tub-0,omnigibson,/home/anuriha/BEHAVIOR-1K/bddl3/bddl/activity_definitions/cleaning_the_hot_tub/problem0.bddl,R1Pro,--robot-type,6,"[""agent.n.01"", ""floor.n.01"", ""pool.n.01"", ""scrub_brush.n.01"", ""sink.n.01"", ""stain.n.01""]","[""bathroom"", ""garage"", ""garden""]","[""covered"", ""inroom"", ""ontop""]",python /home/anuriha/BEHAVIOR-1K/OmniGibson/omnigibson/learning/eval.py log_path=./logs/cleaning_the_hot_tub_eval policy=websocket task.name=cleaning_the_hot_tub task.activity_definition_id=0 eval_instance_ids='[0]' model.host=localhost
cleaning_the_pool,0,[0],cleaning_the_pool-0,omnigibson,/home/anuriha/BEHAVIOR-1K/bddl3/bddl/activity_definitions/cleaning_the_pool/problem0.bddl,R1Pro,--robot-type,8,"[""agent.n.01"", ""detergent.n.02"", ""detergent__bottle.n.01"", ""floor.n.01"", ""pool.n.01"", ""scrub_brush.n.01"", ""sink.n.01"", ""stain.n.01""]","[""bathroom"", ""garage"", ""garden""]","[""covered"", ""filled"", ""inroom"", ""ontop""]",python /home/anuriha/BEHAVIOR-1K/OmniGibson/omnigibson/learning/eval.py log_path=./logs/cleaning_the_pool_eval policy=websocket task.name=cleaning_the_pool task.activity_definition_id=0 eval_instance_ids='[0]' model.host=localhost
cleaning_the_yard,0,[0],cleaning_the_yard-0,omnigibson,/home/anuriha/BEHAVIOR-1K/bddl3/bddl/activity_definitions/cleaning_the_yard/problem0.bddl,R1Pro,--robot-type,13,"[""agent.n.01"", ""ashcan.n.01"", ""compost_bin.n.01"", ""entire_leaf.n.01"", ""floor.n.01"", ""lawn.n.01"", ""rail_fence.n.01"", ""scrub.n.01"", ""weed.n.01""]","[""garden""]","[""inroom"", ""inside"", ""nextto"", ""ontop""]",python /home/anuriha/BEHAVIOR-1K/OmniGibson/omnigibson/learning/eval.py log_path=./logs/cleaning_the_yard_eval policy=websocket task.name=cleaning_the_yard task.activity_definition_id=0 eval_instance_ids='[0]' model.host=localhost
cleaning_toilet,0,[0],cleaning_toilet-0,omnigibson,/home/anuriha/BEHAVIOR-1K/bddl3/bddl/activity_definitions/cleaning_toilet/problem0.bddl,R1Pro,--robot-type,8,"[""agent.n.01"", ""detergent.n.02"", ""detergent__bottle.n.01"", ""floor.n.01"", ""scrub_brush.n.01"", ""sink.n.01"", ""stain.n.01"", ""toilet.n.02""]","[""bathroom""]","[""covered"", ""filled"", ""inroom"", ""ontop""]",python /home/anuriha/BEHAVIOR-1K/OmniGibson/omnigibson/learning/eval.py log_path=./logs/cleaning_toilet_eval policy=websocket task.name=cleaning_toilet task.activity_definition_id=0 eval_instance_ids='[0]' model.host=localhost
cleaning_tools_and_equipment,0,[0],cleaning_tools_and_equipment-0,omnigibson,/home/anuriha/BEHAVIOR-1K/bddl3/bddl/activity_definitions/cleaning_tools_and_equipment/problem0.bddl,R1Pro,--robot-type,16,"[""adhesive_material.n.01"", ""agent.n.01"", ""bucket.n.01"", ""cabinet.n.01"", ""drill.n.01"", ""dust.n.01"", ""floor.n.01"", ""liquid_soap.n.01"", ""liquid_soap__bottle.n.01"", ""mud.n.03"", ""rag.n.01"", ""sink.n.01"", ""toothbrush.n.01"", ""trowel.n.01"", ""washer.n.03"", ""water.n.06""]","[""utility_room""]","[""covered"", ""filled"", ""inroom"", ""inside"", ""insource"", ""ontop""]",python /home/anuriha/BEHAVIOR-1K/OmniGibson/omnigibson/learning/eval.py log_path=./logs/cleaning_tools_and_equipment_eval policy=websocket task.name=cleaning_tools_and_equipment task.activity_definition_id=0 eval_instance_ids='[0]' model.host=localhost
cleaning_up_after_a_meal,0,[0],cleaning_up_after_a_meal-0,omnigibson,/home/anuriha/BEHAVIOR-1K/bddl3/bddl/activity_definitions/cleaning_up_after_a_meal/problem0.bddl,R1Pro,--robot-type,22,"[""agent.n.01"", ""bowl.n.01"", ""chair.n.01"", ""cup.n.01"", ""detergent.n.02"", ""detergent__bottle.n.01"", ""dishwasher.n.01"", ""floor.n.01"", ""hamburger.n.01"", ""plate.n.04"", ""sack.n.01"", ""sink.n.01"", ""stain.n.01"", ""table.n.02""]","[""dining_room"", ""kitchen""]","[""covered"", ""filled"", ""inroom"", ""inside"", ""ontop""]",python /home/anuriha/BEHAVIOR-1K/OmniGibson/omnigibson/learning/eval.py log_path=./logs/cleaning_up_after_a_meal_eval policy=websocket task.name=cleaning_up_after_a_meal task.activity_definition_id=0 eval_instance_ids='[0]' model.host=localhost
cleaning_up_after_an_event,0,[0],cleaning_up_after_an_event-0,omnigibson,/home/anuriha/BEHAVIOR-1K/bddl3/bddl/activity_definitions/cleaning_up_after_an_event/problem0.bddl,R1Pro,--robot-type,18,"[""agent.n.01"", ""bottle__of__apple_juice.n.01"", ""broom.n.01"", ""cabinet.n.01"", ""cup.n.01"", ""curtain.n.01"", ""dishwasher.n.01"", ""disinfectant.n.01"", ""electric_refrigerator.n.01"", ""floor.n.01"", ""hotdog.n.02"", ""sink.n.01"", ""sponge.n.01"", ""water.n.06"", ""window.n.01""]","[""kitchen""]","[""covered"", ""inroom"", ""inside"", ""insource"", ""nextto"", ""ontop"", ""overlaid""]",python /home/anuriha/BEHAVIOR-1K/OmniGibson/omnigibson/learning/eval.py log_path=./logs/cleaning_up_after_an_event_eval policy=websocket task.name=cleaning_up_after_an_event task.activity_definition_id=0 eval_instance_ids='[0]' model.host=localhost
cleaning_up_branches_and_twigs,0,[0],cleaning_up_branches_and_twigs-0,omnigibson,/home/anuriha/BEHAVIOR-1K/bddl3/bddl/activity_definitions/cleaning_up_branches_and_twigs/problem0.bddl,R1Pro,--robot-type,9,"[""agent.n.01"", ""ashcan.n.01"", ""branch.n.02"", ""floor.n.01"", ""grill.n.02"", ""lawn.n.01"", ""pruner.n.02""]","[""garden""]","[""inroom"", ""inside"", ""ontop""]",python /home/anuriha/BEHAVIOR-1K/OmniGibson/omnigibson/learning/eval.py log_path=./logs/cleaning_up_branches_and_twigs_eval policy=websocket task.name=cleaning_up_branches_and_twigs task.activity_definition_id=0 eval_instance_ids='[0]' model.host=localhost
cleaning_up_plates_and_food,0,[0],cleaning_up_plates_and_food-0,omnigibson,/home/anuriha/BEHAVIOR-1K/bddl3/bddl/activity_definitions/cleaning_up_plates_and_food/problem0.bddl,R1Pro,--robot-type,13,"[""agent.n.01"", ""bowl.n.01"", ""breakfast_table.n.01"", ""electric_refrigerator.n.01"", ""floor.n.01"", ""pizza.n.01"", ""plate.n.04"", ""sink.n.01""]","[""kitchen""]","[""inroom"", ""inside"", ""ontop"", ""open""]",python /home/anuriha/BEHAVIOR-1K/OmniGibson/omnigibson/learning/eval.py log_path=./logs/cleaning_up_plates_and_food_eval policy=websocket task.name=cleaning_up_plates_and_food task.activity_definition_id=0 eval_instance_ids='[0]' model.host=localhost
cleaning_up_refrigerator,0,[0],cleaning_up_refrigerator-0,omnigibson,/home/anuriha/BEHAVIOR-1K/bddl3/bddl/activity_definitions/cleaning_up_refrigerator/problem0.bddl,R1Pro,--robot-type,14,"[""agent.n.01"", ""bar_soap.n.01"", ""bowl.n.01"", ""cabinet.n.01"", ""countertop.n.01"", ""dust.n.01"", ""electric_refrigerator.n.01"", ""floor.n.01"", ""rag.n.01"", ""sink.n.01"", ""stain.n.01"", ""tray.n.01""]","[""kitchen""]","[""covered"", ""inroom"", ""inside"", ""nextto"", ""ontop""]",python /home/anuriha/BEHAVIOR-1K/OmniGibson/omnigibson/learning/eval.py log_path=./logs/cleaning_up_refrigerator_eval policy=websocket task.name=cleaning_up_refrigerator task.activity_definition_id=0 eval_instance_ids='[0]' model.host=localhost
cleaning_vehicles,0,[0],cleaning_vehicles-0,omnigibson,/home/anuriha/BEHAVIOR-1K/bddl3/bddl/activity_definitions/cleaning_vehicles/problem0.bddl,R1Pro,--robot-type,11,"[""agent.n.01"", ""car.n.01"", ""detergent.n.02"", ""detergent__bottle.n.01"", ""dust.n.01"", ""floor.n.01"", ""mud.n.03"", ""rag.n.01"", ""sink.n.01"", ""vacuum.n.04"", ""water.n.06""]","[""bathroom"", ""garage""]","[""covered"", ""filled"", ""inroom"", ""insource"", ""ontop""]",python /home/anuriha/BEHAVIOR-1K/OmniGibson/omnigibson/learning/eval.py log_path=./logs/cleaning_vehicles_eval policy=websocket task.name=cleaning_vehicles task.activity_definition_id=0 eval_instance_ids='[0]' model.host=localhost
cleaning_windows,0,[0],cleaning_windows-0,omnigibson,/home/anuriha/BEHAVIOR-1K/bddl3/bddl/activity_definitions/cleaning_windows/problem0.bddl,R1Pro,--robot-type,15,"[""agent.n.01"", ""cabinet.n.01"", ""detergent.n.02"", ""detergent__bottle.n.01"", ""dust.n.01"", ""floor.n.01"", ""rag.n.01"", ""sink.n.01"", ""table.n.02"", ""towel.n.01"", ""window.n.01""]","[""kitchen"", ""living_room""]","[""covered"", ""filled"", ""inroom"", ""inside"", ""ontop""]",python /home/anuriha/BEHAVIOR-1K/OmniGibson/omnigibson/learning/eval.py log_path=./logs/cleaning_windows_eval policy=websocket task.name=cleaning_windows task.activity_definition_id=0 eval_instance_ids='[0]' model.host=localhost
clearing_food_from_table_into_fridge,0,[0],clearing_food_from_table_into_fridge-0,omnigibson,/home/anuriha/BEHAVIOR-1K/bddl3/bddl/activity_definitions/clearing_food_from_table_into_fridge/problem0.bddl,R1Pro,--robot-type,11,"[""agent.n.01"", ""breakfast_table.n.01"", ""countertop.n.01"", ""electric_refrigerator.n.01"", ""floor.n.01"", ""half__apple_pie.n.01"", ""half__chicken.n.01"", ""plate.n.04"", ""tupperware.n.01""]","[""kitchen""]","[""inroom"", ""inside"", ""ontop"", ""open""]",python /home/anuriha/BEHAVIOR-1K/OmniGibson/omnigibson/learning/eval.py log_path=./logs/clearing_food_from_table_into_fridge_eval policy=websocket task.name=clearing_food_from_table_into_fridge task.activity_definition_id=0 eval_instance_ids='[0]' model.host=localhost
clearing_table_after_breakfast,0,[0],clearing_table_after_breakfast-0,omnigibson,/home/anuriha/BEHAVIOR-1K/bddl3/bddl/activity_definitions/clearing_table_after_breakfast/problem0.bddl,R1Pro,--robot-type,16,"[""agent.n.01"", ""banana.n.02"", ""breakfast_table.n.01"", ""chocolate_milk.n.01"", ""electric_refrigerator.n.01"", ""floor.n.01"", ""french_toast.n.01"", ""mug.n.04"", ""pitcher.n.02"", ""plate.n.04"", ""sink.n.01"", ""water.n.06""]","[""dining_room"", ""kitchen""]","[""covered"", ""filled"", ""inroom"", ""inside"", ""insource"", ""nextto"", ""ontop""]",python /home/anuriha/BEHAVIOR-1K/OmniGibson/omnigibson/learning/eval.py log_path=./logs/clearing_table_after_breakfast_eval policy=websocket task.name=clearing_table_after_breakfast task.activity_definition_id=0 eval_instance_ids='[0]' model.host=localhost
clearing_table_after_coffee,0,[0],clearing_table_after_coffee-0,omnigibson,/home/anuriha/BEHAVIOR-1K/bddl3/bddl/activity_definitions/clearing_table_after_coffee/problem0.bddl,R1Pro,--robot-type,7,"[""agent.n.01"", ""countertop.n.01"", ""dishwasher.n.01"", ""drip_coffee.n.01"", ""floor.n.01"", ""mug.n.04""]","[""kitchen""]","[""filled"", ""inroom"", ""inside"", ""ontop""]",python /home/anuriha/BEHAVIOR-1K/OmniGibson/omnigibson/learning/eval.py log_path=./logs/clearing_table_after_coffee_eval policy=websocket task.name=clearing_table_after_coffee task.activity_definition_id=0 eval_instance_ids='[0]' model.host=localhost
clearing_table_after_dinner,0,[0],clearing_table_after_dinner-0,omnigibson,/home/anuriha/BEHAVIOR-1K/bddl3/bddl/activity_definitions/clearing_table_after_dinner/problem0.bddl,R1Pro,--robot-type,11,"[""agent.n.01"", ""breakfast_table.n.01"", ""chicken.n.01"", ""electric_refrigerator.n.01"", ""floor.n.01"", ""plate.n.04"", ""sink.n.01"", ""spinach.n.02"", ""tupperware.n.01"", ""water.n.06""]","[""dining_room"", ""kitchen""]","[""inroom"", ""inside"", ""insource"", ""nextto"", ""ontop""]",python /home/anuriha/BEHAVIOR-1K/OmniGibson/omnigibson/learning/eval.py log_path=./logs/clearing_table_after_dinner_eval policy=websocket task.name=clearing_table_after_dinner task.activity_definition_id=0 eval_instance_ids='[0]' model.host=localhost
clearing_table_after_snacks,0,[0],clearing_table_after_snacks-0,omnigibson,/home/anuriha/BEHAVIOR-1K/bddl3/bddl/activity_definitions/clearing_table_after_snacks/problem0.bddl,R1Pro,--robot-type,11,"[""agent.n.01"", ""breakfast_table.n.01"", ""cabinet.n.01"", ""compost_bin.n.01"", ""dinner_napkin.n.01"", ""electric_refrigerator.n.01"", ""floor.n.01"", ""half__apple.n.01"", ""plate.n.04""]","[""dining_room"", ""kitchen""]","[""inroom"", ""inside"", ""ontop""]",python /home/anuriha/BEHAVIOR-1K/OmniGibson/omnigibson/learning/eval.py log_path=./logs/clearing_table_after_snacks_eval policy=websocket task.name=clearing_table_after_snacks task.activity_definition_id=0 eval_instance_ids='[0]' model.host=localhost
clearing_table_after_supper,0,[0],clearing_table_after_supper-0,omnigibson,/home/anuriha/BEHAVIOR-1K/bddl3/bddl/activity_definitions/clearing_table_after_supper/problem0.bddl,R1Pro,--robot-type,18,"[""agent.n.01"", ""breakfast_table.n.01"", ""cabinet.n.01"", ""crumb.n.03"", ""dishwasher.n.01"", ""electric_refrigerator.n.01"", ""floor.n.01"", ""meatball.n.01"", ""plate.n.04"", ""tablefork.n.01"", ""tupperware.n.01""]","[""dining_room"", ""kitchen""]","[""cooked"", ""covered"", ""inroom"", ""inside"", ""ontop""]",python /home/anuriha/BEHAVIOR-1K/OmniGibson/omnigibson/learning/eval.py log_path=./logs/clearing_table_after_supper_eval policy=websocket task.name=clearing_table_after_supper task.activity_definition_id=0 eval_instance_ids='[0]' model.host=localhost
clearing_the_table_after_dinner,0,[0],clearing_the_table_after_dinner-0,omnigibson,/home/anuriha/BEHAVIOR-1K/bddl3/bddl/activity_definitions/clearing_the_table_after_dinner/problem0.bddl,R1Pro,--robot-type,14,"[""agent.n.01"", ""bottle__of__catsup.n.01"", ""bowl.n.01"", ""bucket.n.01"", ""chair.n.01"", ""cup.n.01"", ""floor.n.01"", ""table.n.02""]","[""dining_room""]","[""inroom"", ""inside"", ""ontop""]",python /home/anuriha/BEHAVIOR-1K/OmniGibson/omnigibson/learning/eval.py log_path=./logs/clearing_the_table_after_dinner_eval policy=websocket task.name=clearing_the_table_after_dinner task.activity_definition_id=0 eval_instance_ids='[0]' model.host=localhost
cold_brew_coffee,0,[0],cold_brew_coffee-0,omnigibson,/home/anuriha/BEHAVIOR-1K/bddl3/bddl/activity_definitions/cold_brew_coffee/problem0.bddl,R1Pro,--robot-type,9,"[""agent.n.01"", ""countertop.n.01"", ""electric_refrigerator.n.01"", ""floor.n.01"", ""ground_coffee.n.01"", ""mason_jar.n.01"", ""sink.n.01"", ""tablespoon.n.02"", ""water.n.06""]","[""kitchen""]","[""contains"", ""filled"", ""inroom"", ""inside"", ""insource"", ""ontop""]",python /home/anuriha/BEHAVIOR-1K/OmniGibson/omnigibson/learning/eval.py log_path=./logs/cold_brew_coffee_eval policy=websocket task.name=cold_brew_coffee task.activity_definition_id=0 eval_instance_ids='[0]' model.host=localhost
collecting_aluminum_cans,0,[0],collecting_aluminum_cans-0,omnigibson,/home/anuriha/BEHAVIOR-1K/bddl3/bddl/activity_definitions/collecting_aluminum_cans/problem0.bddl,R1Pro,--robot-type,10,"[""agent.n.01"", ""bed.n.01"", ""bucket.n.01"", ""can__of__soda.n.01"", ""floor.n.01""]","[""bedroom""]","[""inroom"", ""inside"", ""ontop""]",python /home/anuriha/BEHAVIOR-1K/OmniGibson/omnigibson/learning/eval.py log_path=./logs/collecting_aluminum_cans_eval policy=websocket task.name=collecting_aluminum_cans task.activity_definition_id=0 eval_instance_ids='[0]' model.host=localhost
collecting_berries,0,[0],collecting_berries-0,omnigibson,/home/anuriha/BEHAVIOR-1K/bddl3/bddl/activity_definitions/collecting_berries/problem0.bddl,R1Pro,--robot-type,7,"[""agent.n.01"", ""blackberry.n.01"", ""floor.n.01"", ""scrub.n.01"", ""wicker_basket.n.01""]","[""garden""]","[""attached"", ""inroom"", ""inside"", ""ontop""]",python /home/anuriha/BEHAVIOR-1K/OmniGibson/omnigibson/learning/eval.py log_path=./logs/collecting_berries_eval policy=websocket task.name=collecting_berries task.activity_definition_id=0 eval_instance_ids='[0]' model.host=localhost
collecting_childrens_toys,0,[0],collecting_childrens_toys-0,omnigibson,/home/anuriha/BEHAVIOR-1K/bddl3/bddl/activity_definitions/collecting_childrens_toys/problem0.bddl,R1Pro,--robot-type,13,"[""agent.n.01"", ""bed.n.01"", ""board_game.n.01"", ""bookcase.n.01"", ""desk.n.01"", ""die.n.01"", ""floor.n.01"", ""teddy.n.01"", ""train_set.n.01""]","[""childs_room""]","[""inroom"", ""inside"", ""ontop""]",python /home/anuriha/BEHAVIOR-1K/OmniGibson/omnigibson/learning/eval.py log_path=./logs/collecting_childrens_toys_eval policy=websocket task.name=collecting_childrens_toys task.activity_definition_id=0 eval_instance_ids='[0]' model.host=localhost
collecting_dishes_from_around_house,0,[0],collecting_dishes_from_around_house-0,omnigibson,/home/anuriha/BEHAVIOR-1K/bddl3/bddl/activity_definitions/collecting_dishes_from_around_house/problem0.bddl,R1Pro,--robot-type,8,"[""agent.n.01"", ""bowl.n.01"", ""coffee_table.n.01"", ""console_table.n.01"", ""floor.n.01"", ""mug.n.04"", ""sink.n.01""]","[""bedroom"", ""kitchen"", ""living_room""]","[""inroom"", ""inside"", ""ontop""]",python /home/anuriha/BEHAVIOR-1K/OmniGibson/omnigibson/learning/eval.py log_path=./logs/collecting_dishes_from_around_house_eval policy=websocket task.name=collecting_dishes_from_around_house task.activity_definition_id=0 eval_instance_ids='[0]' model.host=localhost
collecting_dishes_from_restaurant_tables,0,[0],collecting_dishes_from_restaurant_tables-0,omnigibson,/home/anuriha/BEHAVIOR-1K/bddl3/bddl/activity_definitions/collecting_dishes_from_restaurant_tables/problem0.bddl,R1Pro,--robot-type,10,"[""agent.n.01"", ""breakfast_table.n.01"", ""floor.n.01"", ""plate.n.04"", ""sink.n.01"", ""water.n.06"", ""wineglass.n.01""]","[""dining_room"", ""kitchen""]","[""inroom"", ""inside"", ""insource"", ""ontop""]",python /home/anuriha/BEHAVIOR-1K/OmniGibson/omnigibson/learning/eval.py log_path=./logs/collecting_dishes_from_restaurant_tables_eval policy=websocket task.name=collecting_dishes_from_restaurant_tables task.activity_definition_id=0 eval_instance_ids='[0]' model.host=localhost
collecting_mail_from_the_letterbox,0,[0],collecting_mail_from_the_letterbox-0,omnigibson,/home/anuriha/BEHAVIOR-1K/bddl3/bddl/activity_definitions/collecting_mail_from_the_letterbox/problem0.bddl,R1Pro,--robot-type,6,"[""agent.n.01"", ""coffee_table.n.01"", ""driveway.n.01"", ""envelope.n.01"", ""floor.n.01"", ""mailbox.n.01""]","[""garden"", ""living_room""]","[""inroom"", ""inside"", ""ontop""]",python /home/anuriha/BEHAVIOR-1K/OmniGibson/omnigibson/learning/eval.py log_path=./logs/collecting_mail_from_the_letterbox_eval policy=websocket task.name=collecting_mail_from_the_letterbox task.activity_definition_id=0 eval_instance_ids='[0]' model.host=localhost
collecting_wood,0,[0],collecting_wood-0,omnigibson,/home/anuriha/BEHAVIOR-1K/bddl3/bddl/activity_definitions/collecting_wood/problem0.bddl,R1Pro,--robot-type,7,"[""agent.n.01"", ""floor.n.01"", ""log.n.01""]","[""garden"", ""living_room""]","[""inroom"", ""ontop""]",python /home/anuriha/BEHAVIOR-1K/OmniGibson/omnigibson/learning/eval.py log_path=./logs/collecting_wood_eval policy=websocket task.name=collecting_wood task.activity_definition_id=0 eval_instance_ids='[0]' model.host=localhost
composting_waste,0,[0],composting_waste-0,omnigibson,/home/anuriha/BEHAVIOR-1K/bddl3/bddl/activity_definitions/composting_waste/problem0.bddl,R1Pro,--robot-type,6,"[""agent.n.01"", ""apple.n.01"", ""banana.n.02"", ""compost_bin.n.01"", ""countertop.n.01"", ""floor.n.01""]","[""kitchen""]","[""inroom"", ""inside"", ""ontop""]",python /home/anuriha/BEHAVIOR-1K/OmniGibson/omnigibson/learning/eval.py log_path=./logs/composting_waste_eval policy=websocket task.name=composting_waste task.activity_definition_id=0 eval_instance_ids='[0]' model.host=localhost
cook_a_brisket,0,[0],cook_a_brisket-0,omnigibson,/home/anuriha/BEHAVIOR-1K/bddl3/bddl/activity_definitions/cook_a_brisket/problem0.bddl,R1Pro,--robot-type,8,"[""agent.n.01"", ""brisket.n.01"", ""cabinet.n.01"", ""chopping_board.n.01"", ""electric_refrigerator.n.01"", ""floor.n.01"", ""frying_pan.n.01"", ""oven.n.01""]","[""kitchen""]","[""cooked"", ""inroom"", ""inside"", ""ontop""]",python /home/anuriha/BEHAVIOR-1K/OmniGibson/omnigibson/learning/eval.py log_path=./logs/cook_a_brisket_eval policy=websocket task.name=cook_a_brisket task.activity_definition_id=0 eval_instance_ids='[0]' model.host=localhost
cook_a_crab,0,[0],cook_a_crab-0,omnigibson,/home/anuriha/BEHAVIOR-1K/bddl3/bddl/activity_definitions/cook_a_crab/problem0.bddl,R1Pro,--robot-type,10,"[""agent.n.01"", ""bowl.n.01"", ""butter.n.01"", ""cabinet.n.01"", ""crab.n.05"", ""electric_refrigerator.n.01"", ""floor.n.01"", ""melted__butter.n.01"", ""steamer.n.02"", ""stove.n.01""]","[""kitchen""]","[""cooked"", ""covered"", ""future"", ""inroom"", ""inside"", ""ontop"", ""real""]",python /home/anuriha/BEHAVIOR-1K/OmniGibson/omnigibson/learning/eval.py log_path=./logs/cook_a_crab_eval policy=websocket task.name=cook_a_crab task.activity_definition_id=0 eval_instance_ids='[0]' model.host=localhost
cook_a_duck,0,[0],cook_a_duck-0,omnigibson,/home/anuriha/BEHAVIOR-1K/bddl3/bddl/activity_definitions/cook_a_duck/problem0.bddl,R1Pro,--robot-type,15,"[""agent.n.01"", ""bowl.n.01"", ""cabinet.n.01"", ""chopping_board.n.01"", ""clove.n.03"", ""duck.n.03"", ""electric_refrigerator.n.01"", ""floor.n.01"", ""oven.n.01"", ""saucepot.n.01"", ""wine_sauce.n.01"", ""wine_sauce__bottle.n.01""]","[""kitchen""]","[""cooked"", ""covered"", ""inroom"", ""inside"", ""insource"", ""ontop"", ""touching""]",python /home/anuriha/BEHAVIOR-1K/OmniGibson/omnigibson/learning/eval.py log_path=./logs/cook_a_duck_eval policy=websocket task.name=cook_a_duck task.activity_definition_id=0 eval_instance_ids='[0]' model.host=localhost
cook_a_frozen_pie,0,[0],cook_a_frozen_pie-0,omnigibson,/home/anuriha/BEHAVIOR-1K/bddl3/bddl/activity_definitions/cook_a_frozen_pie/problem0.bddl,R1Pro,--robot-type,5,"[""agent.n.01"", ""apple_pie.n.01"", ""electric_refrigerator.n.01"", ""floor.n.01"", ""oven.n.01""]","[""kitchen""]","[""frozen"", ""hot"", ""inroom"", ""inside"", ""ontop""]",python /home/anuriha/BEHAVIOR-1K/OmniGibson/omnigibson/learning/eval.py log_path=./logs/cook_a_frozen_pie_eval policy=websocket task.name=cook_a_frozen_pie task.activity_definition_id=0 eval_instance_ids='[0]' model.host=localhost
cook_a_ham,0,[0],cook_a_ham-0,omnigibson,/home/anuriha/BEHAVIOR-1K/bddl3/bddl/activity_definitions/cook_a_ham/problem0.bddl,R1Pro,--robot-type,11,"[""agent.n.01"", ""cabinet.n.01"", ""casserole.n.02"", ""electric_refrigerator.n.01"", ""floor.n.01"", ""glaze.n.01"", ""glaze__bottle.n.01"", ""oven.n.01"", ""salt.n.02"", ""salt__shaker.n.01"", ""virginia_ham.n.01""]","[""kitchen""]","[""cooked"", ""covered"", ""inroom"", ""inside"", ""insource"", ""ontop""]",python /home/anuriha/BEHAVIOR-1K/OmniGibson/omnigibson/learning/eval.py log_path=./logs/cook_a_ham_eval policy=websocket task.name=cook_a_ham task.activity_definition_id=0 eval_instance_ids='[0]' model.host=localhost
cook_a_pumpkin,0,[0],cook_a_pumpkin-0,omnigibson,/home/anuriha/BEHAVIOR-1K/bddl3/bddl/activity_definitions/cook_a_pumpkin/problem0.bddl,R1Pro,--robot-type,11,"[""agent.n.01"", ""butter.n.01"", ""casserole.n.02"", ""chopping_board.n.01"", ""countertop.n.01"", ""electric_refrigerator.n.01"", ""floor.n.01"", ""melted__butter.n.01"", ""oven.n.01"", ""pumpkin.n.02"", ""tupperware.n.01""]","[""kitchen""]","[""cooked"", ""covered"", ""future"", ""inroom"", ""inside"", ""ontop"", ""real""]",python /home/anuriha/BEHAVIOR-1K/OmniGibson/omnigibson/learning/eval.py log_path=./logs/cook_a_pumpkin_eval policy=websocket task.name=cook_a_pumpkin task.activity_definition_id=0 eval_instance_ids='[0]' model.host=localhost
cook_a_turkey,0,[0],cook_a_turkey-0,omnigibson,/home/anuriha/BEHAVIOR-1K/bddl3/bddl/activity_definitions/cook_a_turkey/problem0.bddl,R1Pro,--robot-type,11,"[""agent.n.01"", ""butter.n.01"", ""cabinet.n.01"", ""floor.n.01"", ""frying_pan.n.01"", ""melted__butter.n.01"", ""oven.n.01"", ""rosemary.n.02"", ""rosemary__shaker.n.01"", ""turkey.n.04"", ""wax_paper.n.01""]","[""kitchen""]","[""cooked"", ""covered"", ""future"", ""inroom"", ""inside"", ""insource"", ""ontop"", ""real""]",python /home/anuriha/BEHAVIOR-1K/OmniGibson/omnigibson/learning/eval.py log_path=./logs/cook_a_turkey_eval policy=websocket task.name=cook_a_turkey task.activity_definition_id=0 eval_instance_ids='[0]' model.host=localhost
cook_arepas,0,[0],cook_arepas-0,omnigibson,/home/anuriha/BEHAVIOR-1K/bddl3/bddl/activity_definitions/cook_arepas/problem0.bddl,R1Pro,--robot-type,8,"[""agent.n.01"", ""arepa.n.01"", ""cooking_oil.n.01"", ""countertop.n.01"", ""electric_refrigerator.n.01"", ""floor.n.01"", ""griddle.n.01"", ""stove.n.01""]","[""kitchen""]","[""cooked"", ""covered"", ""inroom"", ""inside"", ""ontop""]",python /home/anuriha/BEHAVIOR-1K/OmniGibson/omnigibson/learning/eval.py log_path=./logs/cook_arepas_eval policy=websocket task.name=cook_arepas task.activity_definition_id=0 eval_instance_ids='[0]' model.host=localhost
cook_asparagus,0,[0],cook_asparagus-0,omnigibson,/home/anuriha/BEHAVIOR-1K/bddl3/bddl/activity_definitions/cook_asparagus/problem0.bddl,R1Pro,--robot-type,20,"[""agent.n.01"", ""asparagus.n.02"", ""cabinet.n.01"", ""electric_refrigerator.n.01"", ""floor.n.01"", ""lemon_juice.n.01"", ""lemon_juice__bottle.n.01"", ""olive_oil.n.01"", ""olive_oil__bottle.n.01"", ""oven.n.01"", ""salt.n.02"", ""salt__shaker.n.01"", ""tupperware.n.01""]","[""kitchen""]","[""cooked"", ""covered"", ""filled"", ""inroom"", ""inside"", ""insource"", ""ontop""]",python /home/anuriha/BEHAVIOR-1K/OmniGibson/omnigibson/learning/eval.py log_path=./logs/cook_asparagus_eval policy=websocket task.name=cook_asparagus task.activity_definition_id=0 eval_instance_ids='[0]' model.host=localhost
cook_bacon,0,[0],cook_bacon-0,omnigibson,/home/anuriha/BEHAVIOR-1K/bddl3/bddl/activity_definitions/cook_bacon/problem0.bddl,R1Pro,--robot-type,12,"[""agent.n.01"", ""bacon.n.01"", ""electric_refrigerator.n.01"", ""floor.n.01"", ""frying_pan.n.01"", ""stove.n.01"", ""tray.n.01""]","[""kitchen""]","[""cooked"", ""inroom"", ""inside"", ""ontop"", ""open""]",python /home/anuriha/BEHAVIOR-1K/OmniGibson/omnigibson/learning/eval.py log_path=./logs/cook_bacon_eval policy=websocket task.name=cook_bacon task.activity_definition_id=0 eval_instance_ids='[0]' model.host=localhost
cook_beef,0,[0],cook_beef-0,omnigibson,/home/anuriha/BEHAVIOR-1K/bddl3/bddl/activity_definitions/cook_beef/problem0.bddl,R1Pro,--robot-type,14,"[""agent.n.01"", ""bell_pepper.n.02"", ""carving_knife.n.01"", ""chili.n.02"", ""chopping_board.n.01"", ""cooked__diced__bell_pepper.n.01"", ""cooked__diced__chili.n.01"", ""cooked__ground_beef.n.01"", ""countertop.n.01"", ""electric_refrigerator.n.01"", ""floor.n.01"", ""ground_beef.n.01"", ""oven.n.01"", ""saucepot.n.01""]","[""kitchen""]","[""contains"", ""filled"", ""future"", ""inroom"", ""inside"", ""ontop"", ""real""]",python /home/anuriha/BEHAVIOR-1K/OmniGibson/omnigibson/learning/eval.py log_path=./logs/cook_beef_eval policy=websocket task.name=cook_beef task.activity_definition_id=0 eval_instance_ids='[0]' model.host=localhost
cook_beef_and_onions,0,[0],cook_beef_and_onions-0,omnigibson,/home/anuriha/BEHAVIOR-1K/bddl3/bddl/activity_definitions/cook_beef_and_onions/problem0.bddl,R1Pro,--robot-type,13,"[""agent.n.01"", ""cooked__diced__green_onion.n.01"", ""cooked__diced__steak.n.01"", ""cooked__diced__vidalia_onion.n.01"", ""electric_refrigerator.n.01"", ""floor.n.01"", ""green_onion.n.01"", ""oven.n.01"", ""soy_sauce.n.01"", ""soy_sauce__bottle.n.01"", ""steak.n.01"", ""vidalia_onion.n.01"", ""wok.n.01""]","[""kitchen""]","[""contains"", ""cooked"", ""future"", ""inroom"", ""inside"", ""insource"", ""ontop"", ""real""]",python /home/anuriha/BEHAVIOR-1K/OmniGibson/omnigibson/learning/eval.py log_path=./logs/cook_beef_and_onions_eval policy=websocket task.name=cook_beef_and_onions task.activity_definition_id=0 eval_instance_ids='[0]' model.host=localhost
cook_bok_choy,0,[0],cook_bok_choy-0,omnigibson,/home/anuriha/BEHAVIOR-1K/bddl3/bddl/activity_definitions/cook_bok_choy/problem0.bddl,R1Pro,--robot-type,17,"[""agent.n.01"", ""bok_choy.n.02"", ""butter.n.01"", ""carving_knife.n.01"", ""chopping_board.n.01"", ""clove.n.03"", ""countertop.n.01"", ""diced__clove.n.01"", ""electric_refrigerator.n.01"", ""floor.n.01"", ""frying_pan.n.01"", ""melted__butter.n.01"", ""soy_sauce.n.01"", ""soy_sauce__bottle.n.01"", ""stove.n.01""]","[""kitchen""]","[""contains"", ""cooked"", ""future"", ""inroom"", ""inside"", ""insource"", ""ontop"", ""real""]",python /home/anuriha/BEHAVIOR-1K/OmniGibson/omnigibson/learning/eval.py log_path=./logs/cook_bok_choy_eval policy=websocket task.name=cook_bok_choy task.activity_definition_id=0 eval_instance_ids='[0]' model.host=localhost
cook_broccolini,0,[0],cook_broccolini-0,omnigibson,/home/anuriha/BEHAVIOR-1K/bddl3/bddl/activity_definitions/cook_broccolini/problem0.bddl,R1Pro,--robot-type,9,"[""agent.n.01"", ""bell_pepper.n.02"", ""broccolini.n.01"", ""clove.n.03"", ""cookie_sheet.n.01"", ""floor.n.01"", ""oven.n.01""]","[""kitchen""]","[""cooked"", ""inroom"", ""inside"", ""ontop""]",python /home/anuriha/BEHAVIOR-1K/OmniGibson/omnigibson/learning/eval.py log_path=./logs/cook_broccolini_eval policy=websocket task.name=cook_broccolini task.activity_definition_id=0 eval_instance_ids='[0]' model.host=localhost
cook_brussels_sprouts,0,[0],cook_brussels_sprouts-0,omnigibson,/home/anuriha/BEHAVIOR-1K/bddl3/bddl/activity_definitions/cook_brussels_sprouts/problem0.bddl,R1Pro,--robot-type,14,"[""agent.n.01"", ""brussels_sprouts.n.01"", ""electric_refrigerator.n.01"", ""floor.n.01"", ""stockpot.n.01"", ""stove.n.01"", ""tupperware.n.01""]","[""kitchen""]","[""cooked"", ""inroom"", ""inside"", ""ontop""]",python /home/anuriha/BEHAVIOR-1K/OmniGibson/omnigibson/learning/eval.py log_path=./logs/cook_brussels_sprouts_eval policy=websocket task.name=cook_brussels_sprouts task.activity_definition_id=0 eval_instance_ids='[0]' model.host=localhost
cook_cabbage,0,[0],cook_cabbage-0,omnigibson,/home/anuriha/BEHAVIOR-1K/bddl3/bddl/activity_definitions/cook_cabbage/problem0.bddl,R1Pro,--robot-type,13,"[""agent.n.01"", ""carving_knife.n.01"", ""chili.n.02"", ""chopping_board.n.01"", ""cooked__diced__chili.n.01"", ""cooked__diced__head_cabbage.n.01"", ""countertop.n.01"", ""electric_refrigerator.n.01"", ""floor.n.01"", ""frying_pan.n.01"", ""head_cabbage.n.02"", ""plate.n.04"", ""stove.n.01""]","[""kitchen""]","[""contains"", ""cooked"", ""future"", ""inroom"", ""inside"", ""ontop"", ""real""]",python /home/anuriha/BEHAVIOR-1K/OmniGibson/omnigibson/learning/eval.py log_path=./logs/cook_cabbage_eval policy=websocket task.name=cook_cabbage task.activity_definition_id=0 eval_instance_ids='[0]' model.host=localhost
cook_carrots,0,[0],cook_carrots-0,omnigibson,/home/anuriha/BEHAVIOR-1K/bddl3/bddl/activity_definitions/cook_carrots/problem0.bddl,R1Pro,--robot-type,14,"[""agent.n.01"", ""cabinet.n.01"", ""carrot.n.03"", ""electric_refrigerator.n.01"", ""floor.n.01"", ""saucepot.n.01"", ""sink.n.01"", ""stove.n.01"", ""water.n.06""]","[""kitchen""]","[""cooked"", ""inroom"", ""inside"", ""insource"", ""ontop""]",python /home/anuriha/BEHAVIOR-1K/OmniGibson/omnigibson/learning/eval.py log_path=./logs/cook_carrots_eval policy=websocket task.name=cook_carrots task.activity_definition_id=0 eval_instance_ids='[0]' model.host=localhost
cook_chicken,0,[0],cook_chicken-0,omnigibson,/home/anuriha/BEHAVIOR-1K/bddl3/bddl/activity_definitions/cook_chicken/problem0.bddl,R1Pro,--robot-type,20,"[""agent.n.01"", ""bowl.n.01"", ""cabinet.n.01"", ""carving_knife.n.01"", ""chicken.n.01"", ""chicken_broth.n.01"", ""chicken_broth__carton.n.01"", ""chopping_board.n.01"", ""clove.n.03"", ""cooked__diced__chicken.n.01"", ""diced__clove.n.01"", ""electric_refrigerator.n.01"", ""floor.n.01"", ""oven.n.01"", ""salt.n.02"", ""salt__shaker.n.01"", ""stockpot.n.01""]","[""kitchen""]","[""contains"", ""cooked"", ""filled"", ""future"", ""inroom"", ""inside"", ""insource"", ""ontop"", ""real""]",python /home/anuriha/BEHAVIOR-1K/OmniGibson/omnigibson/learning/eval.py log_path=./logs/cook_chicken_eval policy=websocket task.name=cook_chicken task.activity_definition_id=0 eval_instance_ids='[0]' model.host=localhost
cook_chicken_and_rice,0,[0],cook_chicken_and_rice-0,omnigibson,/home/anuriha/BEHAVIOR-1K/bddl3/bddl/activity_definitions/cook_chicken_and_rice/problem0.bddl,R1Pro,--robot-type,16,"[""agent.n.01"", ""bowl.n.01"", ""chicken.n.01"", ""cooked__white_rice.n.01"", ""countertop.n.01"", ""electric_refrigerator.n.01"", ""floor.n.01"", ""olive_oil.n.01"", ""olive_oil__bottle.n.01"", ""rice_cooker.n.01"", ""salt.n.02"", ""salt__shaker.n.01"", ""sink.n.01"", ""tupperware.n.01"", ""water.n.06"", ""white_rice.n.01""]","[""kitchen""]","[""cooked"", ""covered"", ""filled"", ""future"", ""inroom"", ""inside"", ""insource"", ""ontop"", ""real""]",python /home/anuriha/BEHAVIOR-1K/OmniGibson/omnigibson/learning/eval.py log_path=./logs/cook_chicken_and_rice_eval policy=websocket task.name=cook_chicken_and_rice task.activity_definition_id=0 eval_instance_ids='[0]' model.host=localhost
cook_chickpeas,0,[0],cook_chickpeas-0,omnigibson,/home/anuriha/BEHAVIOR-1K/bddl3/bddl/activity_definitions/cook_chickpeas/problem0.bddl,R1Pro,--robot-type,12,"[""agent.n.01"", ""bowl.n.01"", ""chickpea.n.03"", ""cooked__chickpea.n.01"", ""countertop.n.01"", ""floor.n.01"", ""salt.n.02"", ""salt__shaker.n.01"", ""sink.n.01"", ""stockpot.n.01"", ""stove.n.01"", ""water.n.06""]","[""kitchen""]","[""filled"", ""future"", ""inroom"", ""insource"", ""ontop"", ""real""]",python /home/anuriha/BEHAVIOR-1K/OmniGibson/omnigibson/learning/eval.py log_path=./logs/cook_chickpeas_eval policy=websocket task.name=cook_chickpeas task.activity_definition_id=0 eval_instance_ids='[0]' model.host=localhost
cook_chorizo,0,[0],cook_chorizo-0,omnigibson,/home/anuriha/BEHAVIOR-1K/bddl3/bddl/activity_definitions/cook_chorizo/problem0.bddl,R1Pro,--robot-type,12,"[""agent.n.01"", ""cabinet.n.01"", ""chorizo.n.01"", ""electric_refrigerator.n.01"", ""floor.n.01"", ""frying_pan.n.01"", ""stove.n.01"", ""tupperware.n.01""]","[""kitchen""]","[""cooked"", ""hot"", ""inroom"", ""inside"", ""ontop""]",python /home/anuriha/BEHAVIOR-1K/OmniGibson/omnigibson/learning/eval.py log_path=./logs/cook_chorizo_eval policy=websocket task.name=cook_chorizo task.activity_definition_id=0 eval_instance_ids='[0]' model.host=localhost
cook_clams,0,[0],cook_clams-0,omnigibson,/home/anuriha/BEHAVIOR-1K/bddl3/bddl/activity_definitions/cook_clams/problem0.bddl,R1Pro,--robot-type,14,"[""agent.n.01"", ""bowl.n.01"", ""clam.n.03"", ""countertop.n.01"", ""electric_refrigerator.n.01"", ""floor.n.01"", ""lemon_juice.n.01"", ""lemon_juice__bottle.n.01"", ""salt.n.02"", ""salt__shaker.n.01"", ""saucepan.n.01"", ""stove.n.01""]","[""kitchen""]","[""cooked"", ""covered"", ""filled"", ""inroom"", ""inside"", ""insource"", ""ontop""]",python /home/anuriha/BEHAVIOR-1K/OmniGibson/omnigibson/learning/eval.py log_path=./logs/cook_clams_eval policy=websocket task.name=cook_clams task.activity_definition_id=0 eval_instance_ids='[0]' model.host=localhost
cook_corn,0,[0],cook_corn-0,omnigibson,/home/anuriha/BEHAVIOR-1K/bddl3/bddl/activity_definitions/cook_corn/problem0.bddl,R1Pro,--robot-type,14,"[""agent.n.01"", ""butter.n.01"", ""electric_refrigerator.n.01"", ""floor.n.01"", ""melted__butter.n.01"", ""sink.n.01"", ""stockpot.n.01"", ""stove.n.01"", ""sweet_corn.n.02"", ""tupperware.n.01"", ""water.n.06""]","[""kitchen""]","[""cooked"", ""covered"", ""future"", ""inroom"", ""inside"", ""insource"", ""ontop"", ""real""]",python /home/anuriha/BEHAVIOR-1K/OmniGibson/omnigibson/learning/eval.py log_path=./logs/cook_corn_eval policy=websocket task.name=cook_corn task.activity_definition_id=0 eval_instance_ids='[0]' model.host=localhost
cook_eggplant,0,[0],cook_eggplant-0,omnigibson,/home/anuriha/BEHAVIOR-1K/bddl3/bddl/activity_definitions/cook_eggplant/problem0.bddl,R1Pro,--robot-type,13,"[""agent.n.01"", ""chopping_board.n.01"", ""cookie_sheet.n.01"", ""countertop.n.01"", ""eggplant.n.01"", ""electric_refrigerator.n.01"", ""feta.n.01"", ""feta__box.n.01"", ""floor.n.01"", ""half__eggplant.n.01"", ""oven.n.01"", ""parer.n.02""]","[""kitchen""]","[""cooked"", ""future"", ""inroom"", ""inside"", ""ontop"", ""real""]",python /home/anuriha/BEHAVIOR-1K/OmniGibson/omnigibson/learning/eval.py log_path=./logs/cook_eggplant_eval policy=websocket task.name=cook_eggplant task.activity_definition_id=0 eval_instance_ids='[0]' model.host=localhost
cook_eggs,0,[0],cook_eggs-0,omnigibson,/home/anuriha/BEHAVIOR-1K/bddl3/bddl/activity_definitions/cook_eggs/problem0.bddl,R1Pro,--robot-type,10,"[""agent.n.01"", ""bowl.n.01"", ""electric_refrigerator.n.01"", ""floor.n.01"", ""frying_pan.n.01"", ""raw_egg.n.01"", ""sink.n.01"", ""stove.n.01"", ""water.n.06""]","[""kitchen""]","[""cooked"", ""inroom"", ""inside"", ""insource"", ""ontop""]",python /home/anuriha/BEHAVIOR-1K/OmniGibson/omnigibson/learning/eval.py log_path=./logs/cook_eggs_eval policy=websocket task.name=cook_eggs task.activity_definition_id=0 eval_instance_ids='[0]' model.host=localhost
cook_fish,0,[0],cook_fish-0,omnigibson,/home/anuriha/BEHAVIOR-1K/bddl3/bddl/activity_definitions/cook_fish/problem0.bddl,R1Pro,--robot-type,16,"[""agent.n.01"", ""bowl.n.01"", ""cabinet.n.01"", ""casserole.n.02"", ""clove.n.03"", ""diced__lemon.n.01"", ""electric_refrigerator.n.01"", ""floor.n.01"", ""oven.n.01"", ""salmon.n.03"", ""salt.n.02"", ""salt__shaker.n.01"", ""tupperware.n.01""]","[""kitchen""]","[""contains"", ""cooked"", ""covered"", ""filled"", ""inroom"", ""inside"", ""insource"", ""ontop""]",python /home/anuriha/BEHAVIOR-1K/OmniGibson/omnigibson/learning/eval.py log_path=./logs/cook_fish_eval policy=websocket task.name=cook_fish task.activity_definition_id=0 eval_instance_ids='[0]' model.host=localhost
cook_green_beans,0,[0],cook_green_beans-0,omnigibson,/home/anuriha/BEHAVIOR-1K/bddl3/bddl/activity_definitions/cook_green_beans/problem0.bddl,R1Pro,--robot-type,25,"[""agent.n.01"", ""cabinet.n.01"", ""diced__clove.n.01"", ""electric_refrigerator.n.01"", ""floor.n.01"", ""frying_pan.n.01"", ""green_bean.n.01"", ""mason_jar.n.01"", ""olive_oil.n.01"", ""olive_oil__bottle.n.01"", ""oven.n.01"", ""plate.n.04"", ""salt.n.02"", ""salt__shaker.n.01""]","[""kitchen""]","[""cooked"", ""covered"", ""filled"", ""inroom"", ""inside"", ""insource"", ""ontop""]",python /home/anuriha/BEHAVIOR-1K/OmniGibson/omnigibson/learning/eval.py log_path=./logs/cook_green_beans_eval policy=websocket task.name=cook_green_beans task.activity_definition_id=0 eval_instance_ids='[0]' model.host=localhost
cook_ground_beef,0,[0],cook_ground_beef-0,omnigibson,/home/anuriha/BEHAVIOR-1K/bddl3/bddl/activity_definitions/cook_ground_beef/problem0.bddl,R1Pro,--robot-type,16,"[""agent.n.01"", ""bowl.n.01"", ""cooked__ground_beef.n.01"", ""cooked__onion_powder.n.01"", ""cooked__salt.n.01"", ""countertop.n.01"", ""electric_refrigerator.n.01"", ""floor.n.01"", ""frying_pan.n.01"", ""ground_beef.n.01"", ""onion_powder.n.01"", ""onion_powder__shaker.n.01"", ""oven.n.01"", ""salt.n.02"", ""salt__shaker.n.01"", ""wooden_spoon.n.02""]","[""kitchen""]","[""contains"", ""filled"", ""future"", ""inroom"", ""inside"", ""insource"", ""ontop"", ""real""]",python /home/anuriha/BEHAVIOR-1K/OmniGibson/omnigibson/learning/eval.py log_path=./logs/cook_ground_beef_eval policy=websocket task.name=cook_ground_beef task.activity_definition_id=0 eval_instance_ids='[0]' model.host=localhost
cook_ham_hocks,0,[0],cook_ham_hocks-0,omnigibson,/home/anuriha/BEHAVIOR-1K/bddl3/bddl/activity_definitions/cook_ham_hocks/problem0.bddl,R1Pro,--robot-type,15,"[""agent.n.01"", ""black_pepper.n.02"", ""bowl.n.01"", ""chicken_broth.n.01"", ""chicken_broth__carton.n.01"", ""countertop.n.01"", ""electric_refrigerator.n.01"", ""floor.n.01"", ""ham_hock.n.01"", ""oven.n.01"", ""pepper__shaker.n.01"", ""salt.n.02"", ""salt__shaker.n.01"", ""stockpot.n.01""]","[""kitchen""]","[""contains"", ""cooked"", ""covered"", ""filled"", ""inroom"", ""inside"", ""insource"", ""ontop""]",python /home/anuriha/BEHAVIOR-1K/OmniGibson/omnigibson/learning/eval.py log_path=./logs/cook_ham_hocks_eval policy=websocket task.name=cook_ham_hocks task.activity_definition_id=0 eval_instance_ids='[0]' model.host=localhost
cook_hot_dogs,0,[0],cook_hot_dogs-0,omnigibson,/home/anuriha/BEHAVIOR-1K/bddl3/bddl/activity_definitions/cook_hot_dogs/problem0.bddl,R1Pro,--robot-type,6,"[""agent.n.01"", ""electric_refrigerator.n.01"", ""floor.n.01"", ""hotdog.n.02"", ""microwave.n.02""]","[""kitchen""]","[""cooked"", ""inroom"", ""inside"", ""ontop""]",python /home/anuriha/BEHAVIOR-1K/OmniGibson/omnigibson/learning/eval.py log_path=./logs/cook_hot_dogs_eval policy=websocket task.name=cook_hot_dogs task.activity_definition_id=0 eval_instance_ids='[0]' model.host=localhost
cook_kabobs,0,[0],cook_kabobs-0,omnigibson,/home/anuriha/BEHAVIOR-1K/bddl3/bddl/activity_definitions/cook_kabobs/problem0.bddl,R1Pro,--robot-type,14,"[""agent.n.01"", ""cabinet.n.01"", ""cooking_oil.n.01"", ""cooking_oil__bottle.n.01"", ""coriander.n.02"", ""coriander__shaker.n.01"", ""electric_refrigerator.n.01"", ""floor.n.01"", ""grill.n.02"", ""kabob.n.01"", ""plate.n.04""]","[""kitchen""]","[""cooked"", ""covered"", ""filled"", ""inroom"", ""inside"", ""insource"", ""ontop""]",python /home/anuriha/BEHAVIOR-1K/OmniGibson/omnigibson/learning/eval.py log_path=./logs/cook_kabobs_eval policy=websocket task.name=cook_kabobs task.activity_definition_id=0 eval_instance_ids='[0]' model.host=localhost
cook_kale,0,[0],cook_kale-0,omnigibson,/home/anuriha/BEHAVIOR-1K/bddl3/bddl/activity_definitions/cook_kale/problem0.bddl,R1Pro,--robot-type,11,"[""agent.n.01"", ""countertop.n.01"", ""electric_refrigerator.n.01"", ""floor.n.01"", ""kale.n.03"", ""olive_oil.n.01"", ""olive_oil__bottle.n.01"", ""oven.n.01"", ""salt.n.02"", ""salt__shaker.n.01"", ""saucepot.n.01""]","[""kitchen""]","[""cooked"", ""covered"", ""filled"", ""inroom"", ""inside"", ""insource"", ""ontop""]",python /home/anuriha/BEHAVIOR-1K/OmniGibson/omnigibson/learning/eval.py log_path=./logs/cook_kale_eval policy=websocket task.name=cook_kale task.activity_definition_id=0 eval_instance_ids='[0]' model.host=localhost
cook_kielbasa,0,[0],cook_kielbasa-0,omnigibson,/home/anuriha/BEHAVIOR-1K/bddl3/bddl/activity_definitions/cook_kielbasa/problem0.bddl,R1Pro,--robot-type,8,"[""agent.n.01"", ""electric_refrigerator.n.01"", ""floor.n.01"", ""frying_pan.n.01"", ""kielbasa.n.01"", ""oven.n.01"", ""sink.n.01"", ""water.n.06""]","[""kitchen""]","[""cooked"", ""inroom"", ""inside"", ""insource"", ""ontop""]",python /home/anuriha/BEHAVIOR-1K/OmniGibson/omnigibson/learning/eval.py log_path=./logs/cook_kielbasa_eval policy=websocket task.name=cook_kielbasa task.activity_definition_id=0 eval_instance_ids='[0]' model.host=localhost
cook_lamb,0,[0],cook_lamb-0,omnigibson,/home/anuriha/BEHAVIOR-1K/bddl3/bddl/activity_definitions/cook_lamb/problem0.bddl,R1Pro,--robot-type,18,"[""agent.n.01"", ""bowl.n.01"", ""cabinet.n.01"", ""clove.n.03"", ""electric_refrigerator.n.01"", ""floor.n.01"", ""grill.n.02"", ""lamb.n.05"", ""mint.n.04"", ""salt.n.02"", ""salt__shaker.n.01"", ""stockpot.n.01""]","[""kitchen""]","[""cooked"", ""covered"", ""frozen"", ""inroom"", ""inside"", ""insource"", ""ontop"", ""touching""]",python /home/anuriha/BEHAVIOR-1K/OmniGibson/omnigibson/learning/eval.py log_path=./logs/cook_lamb_eval policy=websocket task.name=cook_lamb task.activity_definition_id=0 eval_instance_ids='[0]' model.host=localhost
cook_lasagne,0,[0],cook_lasagne-0,omnigibson,/home/anuriha/BEHAVIOR-1K/bddl3/bddl/activity_definitions/cook_lasagne/problem0.bddl,R1Pro,--robot-type,4,"[""agent.n.01"", ""floor.n.01"", ""lasagna.n.01"", ""oven.n.01""]","[""kitchen""]","[""cooked"", ""inroom"", ""ontop""]",python /home/anuriha/BEHAVIOR-1K/OmniGibson/omnigibson/learning/eval.py log_path=./logs/cook_lasagne_eval policy=websocket task.name=cook_lasagne task.activity_definition_id=0 eval_instance_ids='[0]' model.host=localhost
cook_mussels,0,[0],cook_mussels-0,omnigibson,/home/anuriha/BEHAVIOR-1K/bddl3/bddl/activity_definitions/cook_mussels/problem0.bddl,R1Pro,--robot-type,28,"[""agent.n.01"", ""beefsteak_tomato.n.01"", ""cabinet.n.01"", ""carving_knife.n.01"", ""chopping_board.n.01"", ""cooked__diced__beefsteak_tomato.n.01"", ""countertop.n.01"", ""electric_refrigerator.n.01"", ""floor.n.01"", ""marjoram.n.02"", ""marjoram__shaker.n.01"", ""mussel.n.01"", ""plate.n.04"", ""salt.n.02"", ""salt__shaker.n.01"", ""seawater.n.01"", ""sink.n.01"", ""stockpot.n.01"", ""stove.n.01"", ""water.n.06""]","[""kitchen""]","[""contains"", ""cooked"", ""frozen"", ""future"", ""inroom"", ""inside"", ""insource"", ""ontop"", ""real""]",python /home/anuriha/BEHAVIOR-1K/OmniGibson/omnigibson/learning/eval.py log_path=./logs/cook_mussels_eval policy=websocket task.name=cook_mussels task.activity_definition_id=0 eval_instance_ids='[0]' model.host=localhost
cook_mustard_greens,0,[0],cook_mustard_greens-0,omnigibson,/home/anuriha/BEHAVIOR-1K/bddl3/bddl/activity_definitions/cook_mustard_greens/problem0.bddl,R1Pro,--robot-type,12,"[""agent.n.01"", ""cabinet.n.01"", ""countertop.n.01"", ""floor.n.01"", ""mixing_bowl.n.01"", ""mustard.n.03"", ""saucepan.n.01"", ""sink.n.01"", ""stove.n.01"", ""water.n.06""]","[""kitchen""]","[""cooked"", ""inroom"", ""inside"", ""insource"", ""ontop""]",python /home/anuriha/BEHAVIOR-1K/OmniGibson/omnigibson/learning/eval.py log_path=./logs/cook_mustard_greens_eval policy=websocket task.name=cook_mustard_greens task.activity_definition_id=0 eval_instance_ids='[0]' model.host=localhost
cook_noodles,0,[0],cook_noodles-0,omnigibson,/home/anuriha/BEHAVIOR-1K/bddl3/bddl/activity_definitions/cook_noodles/problem0.bddl,R1Pro,--robot-type,12,"[""agent.n.01"", ""chopping_board.n.01"", ""cooked__noodle.n.01"", ""countertop.n.01"", ""floor.n.01"", ""lid.n.02"", ""noodle.n.01"", ""sink.n.01"", ""stockpot.n.01"", ""stove.n.01"", ""tupperware.n.01"", ""water.n.06""]","[""kitchen""]","[""filled"", ""future"", ""inroom"", ""insource"", ""ontop"", ""real""]",python /home/anuriha/BEHAVIOR-1K/OmniGibson/omnigibson/learning/eval.py log_path=./logs/cook_noodles_eval policy=websocket task.name=cook_noodles task.activity_definition_id=0 eval_instance_ids='[0]' model.host=localhost
cook_onions,0,[0],cook_onions-0,omnigibson,/home/anuriha/BEHAVIOR-1K/bddl3/bddl/activity_definitions/cook_onions/problem0.bddl,R1Pro,--robot-type,14,"[""agent.n.01"", ""cabinet.n.01"", ""carving_knife.n.01"", ""chopping_board.n.01"", ""cooked__diced__vidalia_onion.n.01"", ""floor.n.01"", ""frying_pan.n.01"", ""olive_oil.n.01"", ""olive_oil__bottle.n.01"", ""sink.n.01"", ""spatula.n.01"", ""stove.n.01"", ""vidalia_onion.n.01""]","[""kitchen""]","[""contains"", ""cooked"", ""filled"", ""future"", ""inroom"", ""inside"", ""ontop"", ""real""]",python /home/anuriha/BEHAVIOR-1K/OmniGibson/omnigibson/learning/eval.py log_path=./logs/cook_onions_eval policy=websocket task.name=cook_onions task.activity_definition_id=0 eval_instance_ids='[0]' model.host=localhost
cook_oysters,0,[0],cook_oysters-0,omnigibson,/home/anuriha/BEHAVIOR-1K/bddl3/bddl/activity_definitions/cook_oysters/problem0.bddl,R1Pro,--robot-type,14,"[""agent.n.01"", ""bowl.n.01"", ""countertop.n.01"", ""electric_refrigerator.n.01"", ""floor.n.01"", ""huitre.n.01"", ""salt.n.02"", ""salt__shaker.n.01"", ""sink.n.01"", ""stockpot.n.01"", ""stove.n.01"", ""water.n.06""]","[""kitchen""]","[""cooked"", ""covered"", ""inroom"", ""inside"", ""insource"", ""ontop""]",python /home/anuriha/BEHAVIOR-1K/OmniGibson/omnigibson/learning/eval.py log_path=./logs/cook_oysters_eval policy=websocket task.name=cook_oysters task.activity_definition_id=0 eval_instance_ids='[0]' model.host=localhost
cook_pasta,0,[0],cook_pasta-0,omnigibson,/home/anuriha/BEHAVIOR-1K/bddl3/bddl/activity_definitions/cook_pasta/problem0.bddl,R1Pro,--robot-type,15,"[""agent.n.01"", ""bowl.n.01"", ""cabinet.n.01"", ""cooked__noodle.n.01"", ""floor.n.01"", ""lid.n.02"", ""noodle.n.01"", ""pasta__box.n.01"", ""salt.n.02"", ""salt__shaker.n.01"", ""seawater.n.01"", ""sink.n.01"", ""stockpot.n.01"", ""stove.n.01"", ""water.n.06""]","[""kitchen""]","[""filled"", ""future"", ""inroom"", ""inside"", ""insource"", ""ontop"", ""real""]",python /home/anuriha/BEHAVIOR-1K/OmniGibson/omnigibson/learning/eval.py log_path=./logs/cook_pasta_eval policy=websocket task.name=cook_pasta task.activity_definition_id=0 eval_instance_ids='[0]' model.host=localhost
cook_peas,0,[0],cook_peas-0,omnigibson,/home/anuriha/BEHAVIOR-1K/bddl3/bddl/activity_definitions/cook_peas/problem0.bddl,R1Pro,--robot-type,15,"[""agent.n.01"", ""bowl.n.01"", ""butter.n.01"", ""cabinet.n.01"", ""cooked__pea.n.01"", ""electric_refrigerator.n.01"", ""floor.n.01"", ""lid.n.02"", ""melted__butter.n.01"", ""pea.n.01"", ""saucepan.n.01"", ""sink.n.01"", ""stove.n.01"", ""tupperware.n.01"", ""water.n.06""]","[""kitchen""]","[""contains"", ""filled"", ""future"", ""inroom"", ""inside"", ""insource"", ""ontop"", ""real""]",python /home/anuriha/BEHAVIOR-1K/OmniGibson/omnigibson/learning/eval.py log_path=./logs/cook_peas_eval policy=websocket task.name=cook_peas task.activity_definition_id=0 eval_instance_ids='[0]' model.host=localhost
cook_peppers,0,[0],cook_peppers-0,omnigibson,/home/anuriha/BEHAVIOR-1K/bddl3/bddl/activity_definitions/cook_peppers/problem0.bddl,R1Pro,--robot-type,16,"[""agent.n.01"", ""bell_pepper.n.02"", ""carving_knife.n.01"", ""chopping_board.n.01"", ""cooked__diced__bell_pepper.n.01"", ""countertop.n.01"", ""electric_refrigerator.n.01"", ""floor.n.01"", ""frying_pan.n.01"", ""grill.n.02"", ""olive_oil.n.01"", ""olive_oil__bottle.n.01"", ""oven.n.01""]","[""kitchen""]","[""contains"", ""cooked"", ""filled"", ""future"", ""inroom"", ""inside"", ""ontop"", ""real""]",python /home/anuriha/BEHAVIOR-1K/OmniGibson/omnigibson/learning/eval.py log_path=./logs/cook_peppers_eval policy=websocket task.name=cook_peppers task.activity_definition_id=0 eval_instance_ids='[0]' model.host=localhost
cook_pork_ribs,0,[0],cook_pork_ribs-0,omnigibson,/home/anuriha/BEHAVIOR-1K/bddl3/bddl/activity_definitions/cook_pork_ribs/problem0.bddl,R1Pro,--robot-type,12,"[""agent.n.01"", ""barbecue_sauce.n.01"", ""barbecue_sauce__bottle.n.01"", ""chopping_board.n.01"", ""countertop.n.01"", ""electric_refrigerator.n.01"", ""floor.n.01"", ""grill.n.02"", ""oven.n.01"", ""rib.n.03"", ""tongs.n.01""]","[""kitchen""]","[""cooked"", ""covered"", ""inroom"", ""inside"", ""insource"", ""ontop""]",python /home/anuriha/BEHAVIOR-1K/OmniGibson/omnigibson/learning/eval.py log_path=./logs/cook_pork_ribs_eval policy=websocket task.name=cook_pork_ribs task.activity_definition_id=0 eval_instance_ids='[0]' model.host=localhost
cook_potatoes,0,[0],cook_potatoes-0,omnigibson,/home/anuriha/BEHAVIOR-1K/bddl3/bddl/activity_definitions/cook_potatoes/problem0.bddl,R1Pro,--robot-type,19,"[""agent.n.01"", ""cabinet.n.01"", ""carving_knife.n.01"", ""cooked__diced__potato.n.01"", ""countertop.n.01"", ""electric_refrigerator.n.01"", ""floor.n.01"", ""frying_pan.n.01"", ""oven.n.01"", ""potato.n.01"", ""rosemary.n.02"", ""rosemary__shaker.n.01"", ""salt.n.02"", ""salt__shaker.n.01"", ""seawater.n.01"", ""sink.n.01"", ""water.n.06""]","[""kitchen""]","[""contains"", ""cooked"", ""future"", ""inroom"", ""inside"", ""insource"", ""ontop"", ""real""]",python /home/anuriha/BEHAVIOR-1K/OmniGibson/omnigibson/learning/eval.py log_path=./logs/cook_potatoes_eval policy=websocket task.name=cook_potatoes task.activity_definition_id=0 eval_instance_ids='[0]' model.host=localhost
cook_pumpkin_seeds,0,[0],cook_pumpkin_seeds-0,omnigibson,/home/anuriha/BEHAVIOR-1K/bddl3/bddl/activity_definitions/cook_pumpkin_seeds/problem0.bddl,R1Pro,--robot-type,13,"[""agent.n.01"", ""cabinet.n.01"", ""chopping_board.n.01"", ""cooked__pumpkin_seed.n.01"", ""cookie_sheet.n.01"", ""floor.n.01"", ""oven.n.01"", ""pumpkin_seed.n.01"", ""pumpkin_seed__bag.n.01"", ""salt.n.02"", ""salt__shaker.n.01"", ""sink.n.01"", ""water.n.06""]","[""kitchen""]","[""covered"", ""filled"", ""future"", ""inroom"", ""inside"", ""insource"", ""ontop"", ""real""]",python /home/anuriha/BEHAVIOR-1K/OmniGibson/omnigibson/learning/eval.py log_path=./logs/cook_pumpkin_seeds_eval policy=websocket task.name=cook_pumpkin_seeds task.activity_definition_id=0 eval_instance_ids='[0]' model.host=localhost
cook_quail,0,[0],cook_quail-0,omnigibson,/home/anuriha/BEHAVIOR-1K/bddl3/bddl/activity_definitions/cook_quail/problem0.bddl,R1Pro,--robot-type,10,"[""agent.n.01"", ""countertop.n.01"", ""dutch_oven.n.02"", ""electric_refrigerator.n.01"", ""floor.n.01"", ""olive_oil.n.01"", ""olive_oil__bottle.n.01"", ""oven.n.01"", ""quail.n.01"", ""shelf.n.01""]","[""kitchen""]","[""cooked"", ""covered"", ""filled"", ""inroom"", ""inside"", ""ontop""]",python /home/anuriha/BEHAVIOR-1K/OmniGibson/omnigibson/learning/eval.py log_path=./logs/cook_quail_eval policy=websocket task.name=cook_quail task.activity_definition_id=0 eval_instance_ids='[0]' model.host=localhost
cook_ramen_noodles,0,[0],cook_ramen_noodles-0,omnigibson,/home/anuriha/BEHAVIOR-1K/bddl3/bddl/activity_definitions/cook_ramen_noodles/problem0.bddl,R1Pro,--robot-type,9,"[""agent.n.01"", ""cabinet.n.01"", ""countertop.n.01"", ""floor.n.01"", ""ramen.n.01"", ""sink.n.01"", ""stockpot.n.01"", ""stove.n.01"", ""water.n.06""]","[""kitchen""]","[""cooked"", ""inroom"", ""inside"", ""insource"", ""ontop""]",python /home/anuriha/BEHAVIOR-1K/OmniGibson/omnigibson/learning/eval.py log_path=./logs/cook_ramen_noodles_eval policy=websocket task.name=cook_ramen_noodles task.activity_definition_id=0 eval_instance_ids='[0]' model.host=localhost
cook_red_peppers,0,[0],cook_red_peppers-0,omnigibson,/home/anuriha/BEHAVIOR-1K/bddl3/bddl/activity_definitions/cook_red_peppers/problem0.bddl,R1Pro,--robot-type,12,"[""agent.n.01"", ""bell_pepper.n.02"", ""carving_knife.n.01"", ""chopping_board.n.01"", ""countertop.n.01"", ""electric_refrigerator.n.01"", ""floor.n.01"", ""frying_pan.n.01"", ""hummus.n.01"", ""hummus__box.n.01"", ""stove.n.01""]","[""kitchen""]","[""cooked"", ""covered"", ""filled"", ""inroom"", ""inside"", ""ontop""]",python /home/anuriha/BEHAVIOR-1K/OmniGibson/omnigibson/learning/eval.py log_path=./logs/cook_red_peppers_eval policy=websocket task.name=cook_red_peppers task.activity_definition_id=0 eval_instance_ids='[0]' model.host=localhost
cook_rice,0,[0],cook_rice-0,omnigibson,/home/anuriha/BEHAVIOR-1K/bddl3/bddl/activity_definitions/cook_rice/problem0.bddl,R1Pro,--robot-type,12,"[""agent.n.01"", ""brown_rice.n.01"", ""brown_rice__sack.n.01"", ""butter.n.01"", ""cooked__brown_rice.n.01"", ""crock_pot.n.01"", ""electric_refrigerator.n.01"", ""floor.n.01"", ""melted__butter.n.01"", ""sink.n.01"", ""stove.n.01"", ""water.n.06""]","[""kitchen""]","[""contains"", ""filled"", ""future"", ""inroom"", ""inside"", ""insource"", ""ontop"", ""real""]",python /home/anuriha/BEHAVIOR-1K/OmniGibson/omnigibson/learning/eval.py log_path=./logs/cook_rice_eval policy=websocket task.name=cook_rice task.activity_definition_id=0 eval_instance_ids='[0]' model.host=localhost
cook_sausages,0,[0],cook_sausages-0,omnigibson,/home/anuriha/BEHAVIOR-1K/bddl3/bddl/activity_definitions/cook_sausages/problem0.bddl,R1Pro,--robot-type,10,"[""agent.n.01"", ""bratwurst.n.01"", ""countertop.n.01"", ""electric_refrigerator.n.01"", ""floor.n.01"", ""frying_pan.n.01"", ""olive_oil.n.01"", ""olive_oil__bottle.n.01"", ""stove.n.01""]","[""kitchen""]","[""contains"", ""cooked"", ""filled"", ""inroom"", ""inside"", ""ontop""]",python /home/anuriha/BEHAVIOR-1K/OmniGibson/omnigibson/learning/eval.py log_path=./logs/cook_sausages_eval policy=websocket task.name=cook_sausages task.activity_definition_id=0 eval_instance_ids='[0]' model.host=localhost
cook_seafood_paella,0,[0],cook_seafood_paella-0,omnigibson,/home/anuriha/BEHAVIOR-1K/bddl3/bddl/activity_definitions/cook_seafood_paella/problem0.bddl,R1Pro,--robot-type,52,"[""agent.n.01"", ""bowl.n.01"", ""cabinet.n.01"", ""carving_knife.n.01"", ""chopping_board.n.01"", ""chorizo.n.01"", ""clam.n.03"", ""clove.n.03"", ""cooked__diced__chorizo.n.01"", ""cooked__paprika.n.01"", ""cooked__pea.n.01"", ""cooked__saffron.n.01"", ""cooked__salt.n.01"", ""cooked__white_rice.n.01"", ""cooked__white_wine.n.01"", ""countertop.n.01"", ""cup.n.01"", ""electric_refrigerator.n.01"", ""floor.n.01"", ""frying_pan.n.01"", ""paprika.n.02"", ""paprika__shaker.n.01"", ""pea.n.01"", ""prawn.n.01"", ""saffron.n.02"", ""saffron__shaker.n.01"", ""salt.n.02"", ""salt__shaker.n.01"", ""saucepot.n.01"", ""sink.n.01"", ""stove.n.01"", ""tupperware.n.01"", ""water.n.06"", ""white_rice.n.01"", ""white_rice__sack.n.01"", ""white_wine.n.01"", ""wine_bottle.n.01""]","[""kitchen""]","[""contains"", ""cooked"", ""filled"", ""future"", ""inroom"", ""inside"", ""insource"", ""ontop"", ""real""]",python /home/anuriha/BEHAVIOR-1K/OmniGibson/omnigibson/learning/eval.py log_path=./logs/cook_seafood_paella_eval policy=websocket task.name=cook_seafood_paella task.activity_definition_id=0 eval_instance_ids='[0]' model.host=localhost
cook_shrimp,0,[0],cook_shrimp-0,omnigibson,/home/anuriha/BEHAVIOR-1K/bddl3/bddl/activity_definitions/cook_shrimp/problem0.bddl,R1Pro,--robot-type,28,"[""agent.n.01"", ""butter.n.01"", ""cabinet.n.01"", ""clove.n.03"", ""electric_refrigerator.n.01"", ""floor.n.01"", ""frying_pan.n.01"", ""melted__butter.n.01"", ""paprika.n.02"", ""paprika__shaker.n.01"", ""prawn.n.01"", ""sack.n.01"", ""salt.n.02"", ""salt__shaker.n.01"", ""stove.n.01"", ""tupperware.n.01""]","[""kitchen""]","[""contains"", ""cooked"", ""covered"", ""frozen"", ""future"", ""inroom"", ""inside"", ""insource"", ""ontop"", ""real""]",python /home/anuriha/BEHAVIOR-1K/OmniGibson/omnigibson/learning/eval.py log_path=./logs/cook_shrimp_eval policy=websocket task.name=cook_shrimp task.activity_definition_id=0 eval_instance_ids='[0]' model.host=localhost
cook_snap_peas,0,[0],cook_snap_peas-0,omnigibson,/home/anuriha/BEHAVIOR-1K/bddl3/bddl/activity_definitions/cook_snap_peas/problem0.bddl,R1Pro,--robot-type,13,"[""agent.n.01"", ""bowl.n.01"", ""cabinet.n.01"", ""casserole.n.02"", ""cheese_sauce.n.01"", ""electric_refrigerator.n.01"", ""floor.n.01"", ""oven.n.01"", ""pea_pod.n.01"", ""white_sauce__bottle.n.01""]","[""kitchen""]","[""cooked"", ""covered"", ""inroom"", ""inside"", ""insource"", ""ontop""]",python /home/anuriha/BEHAVIOR-1K/OmniGibson/omnigibson/learning/eval.py log_path=./logs/cook_snap_peas_eval policy=websocket task.name=cook_snap_peas task.activity_definition_id=0 eval_instance_ids='[0]' model.host=localhost
cook_soup,0,[0],cook_soup-0,omnigibson,/home/anuriha/BEHAVIOR-1K/bddl3/bddl/activity_definitions/cook_soup/problem0.bddl,R1Pro,--robot-type,8,"[""agent.n.01"", ""bowl.n.01"", ""chicken_soup.n.01"", ""chicken_soup__carton.n.01"", ""cooked__chicken_soup.n.01"", ""countertop.n.01"", ""floor.n.01"", ""microwave.n.02""]","[""kitchen""]","[""contains"", ""filled"", ""future"", ""inroom"", ""ontop"", ""real"", ""toggled_on""]",python /home/anuriha/BEHAVIOR-1K/OmniGibson/omnigibson/learning/eval.py log_path=./logs/cook_soup_eval policy=websocket task.name=cook_soup task.activity_definition_id=0 eval_instance_ids='[0]' model.host=localhost
cook_spinach,0,[0],cook_spinach-0,omnigibson,/home/anuriha/BEHAVIOR-1K/bddl3/bddl/activity_definitions/cook_spinach/problem0.bddl,R1Pro,--robot-type,11,"[""agent.n.01"", ""black_pepper.n.02"", ""cabinet.n.01"", ""electric_refrigerator.n.01"", ""floor.n.01"", ""pepper__shaker.n.01"", ""saucepan.n.01"", ""spinach.n.02"", ""stove.n.01"", ""tupperware.n.01""]","[""kitchen""]","[""cooked"", ""covered"", ""inroom"", ""inside"", ""insource"", ""ontop""]",python /home/anuriha/BEHAVIOR-1K/OmniGibson/omnigibson/learning/eval.py log_path=./logs/cook_spinach_eval policy=websocket task.name=cook_spinach task.activity_definition_id=0 eval_instance_ids='[0]' model.host=localhost
cook_squash,0,[0],cook_squash-0,omnigibson,/home/anuriha/BEHAVIOR-1K/bddl3/bddl/activity_definitions/cook_squash/problem0.bddl,R1Pro,--robot-type,6,"[""agent.n.01"", ""butternut_squash.n.02"", ""cookie_sheet.n.01"", ""countertop.n.01"", ""floor.n.01"", ""oven.n.01""]","[""kitchen""]","[""cooked"", ""inroom"", ""ontop""]",python /home/anuriha/BEHAVIOR-1K/OmniGibson/omnigibson/learning/eval.py log_path=./logs/cook_squash_eval policy=websocket task.name=cook_squash task.activity_definition_id=0 eval_instance_ids='[0]' model.host=localhost
cook_sweet_potatoes,0,[0],cook_sweet_potatoes-0,omnigibson,/home/anuriha/BEHAVIOR-1K/bddl3/bddl/activity_definitions/cook_sweet_potatoes/problem0.bddl,R1Pro,--robot-type,9,"[""agent.n.01"", ""floor.n.01"", ""oven.n.01"", ""plate.n.04"", ""salt.n.02"", ""salt__shaker.n.01"", ""yam.n.03""]","[""kitchen""]","[""cooked"", ""covered"", ""inroom"", ""insource"", ""ontop""]",python /home/anuriha/BEHAVIOR-1K/OmniGibson/omnigibson/learning/eval.py log_path=./logs/cook_sweet_potatoes_eval policy=websocket task.name=cook_sweet_potatoes task.activity_definition_id=0 eval_instance_ids='[0]' model.host=localhost
cook_tofu,0,[0],cook_tofu-0,omnigibson,/home/anuriha/BEHAVIOR-1K/bddl3/bddl/activity_definitions/cook_tofu/problem0.bddl,R1Pro,--robot-type,13,"[""agent.n.01"", ""cabinet.n.01"", ""electric_refrigerator.n.01"", ""floor.n.01"", ""sink.n.01"", ""stove.n.01"", ""tofu.n.02"", ""tupperware.n.01"", ""water.n.06"", ""wok.n.01""]","[""kitchen""]","[""cooked"", ""inroom"", ""inside"", ""insource"", ""ontop""]",python /home/anuriha/BEHAVIOR-1K/OmniGibson/omnigibson/learning/eval.py log_path=./logs/cook_tofu_eval policy=websocket task.name=cook_tofu task.activity_definition_id=0 eval_instance_ids='[0]' model.host=localhost
cook_turkey_drumsticks,0,[0],cook_turkey_drumsticks-0,omnigibson,/home/anuriha/BEHAVIOR-1K/bddl3/bddl/activity_definitions/cook_turkey_drumsticks/problem0.bddl,R1Pro,--robot-type,15,"[""agent.n.01"", ""black_pepper.n.02"", ""cabinet.n.01"", ""casserole.n.02"", ""electric_refrigerator.n.01"", ""floor.n.01"", ""meat_thermometer.n.01"", ""oven.n.01"", ""pepper__shaker.n.01"", ""salt.n.02"", ""salt__shaker.n.01"", ""thyme.n.02"", ""thyme__shaker.n.01"", ""turkey_leg.n.01""]","[""kitchen""]","[""cooked"", ""covered"", ""inroom"", ""inside"", ""insource"", ""ontop""]",python /home/anuriha/BEHAVIOR-1K/OmniGibson/omnigibson/learning/eval.py log_path=./logs/cook_turkey_drumsticks_eval policy=websocket task.name=cook_turkey_drumsticks task.activity_definition_id=0 eval_instance_ids='[0]' model.host=localhost
cook_vegetables,0,[0],cook_vegetables-0,omnigibson,/home/anuriha/BEHAVIOR-1K/bddl3/bddl/activity_definitions/cook_vegetables/problem0.bddl,R1Pro,--robot-type,13,"[""agent.n.01"", ""broccoli.n.02"", ""brussels_sprouts.n.01"", ""cabinet.n.01"", ""casserole.n.02"", ""electric_refrigerator.n.01"", ""floor.n.01"", ""olive_oil.n.01"", ""olive_oil__bottle.n.01"", ""parmesan.n.01"", ""parmesan__shaker.n.01"", ""spinach.n.02"", ""stove.n.01""]","[""kitchen""]","[""cooked"", ""covered"", ""filled"", ""inroom"", ""inside"", ""insource"", ""ontop""]",python /home/anuriha/BEHAVIOR-1K/OmniGibson/omnigibson/learning/eval.py log_path=./logs/cook_vegetables_eval policy=websocket task.name=cook_vegetables task.activity_definition_id=0 eval_instance_ids='[0]' model.host=localhost
cook_zucchini,0,[0],cook_zucchini-0,omnigibson,/home/anuriha/BEHAVIOR-1K/bddl3/bddl/activity_definitions/cook_zucchini/problem0.bddl,R1Pro,--robot-type,11,"[""agent.n.01"", ""carving_knife.n.01"", ""chopping_board.n.01"", ""cooked__diced__zucchini.n.01"", ""countertop.n.01"", ""floor.n.01"", ""frying_pan.n.01"", ""grill.n.02"", ""olive_oil.n.01"", ""olive_oil__bottle.n.01"", ""zucchini.n.02""]","[""kitchen""]","[""contains"", ""cooked"", ""filled"", ""future"", ""inroom"", ""ontop"", ""real""]",python /home/anuriha/BEHAVIOR-1K/OmniGibson/omnigibson/learning/eval.py log_path=./logs/cook_zucchini_eval policy=websocket task.name=cook_zucchini task.activity_definition_id=0 eval_instance_ids='[0]' model.host=localhost
cooking_a_feast,0,[0],cooking_a_feast-0,omnigibson,/home/anuriha/BEHAVIOR-1K/bddl3/bddl/activity_definitions/cooking_a_feast/problem0.bddl,R1Pro,--robot-type,24,"[""agent.n.01"", ""baguet.n.01"", ""bowl.n.01"", ""brownie.n.03"", ""cabinet.n.01"", ""cooked__orzo.n.01"", ""countertop.n.01"", ""electric_refrigerator.n.01"", ""floor.n.01"", ""frying_pan.n.01"", ""orzo.n.01"", ""pasta__box.n.01"", ""plate.n.04"", ""platter.n.01"", ""salmon.n.03"", ""salt.n.02"", ""salt__shaker.n.01"", ""seawater.n.01"", ""sink.n.01"", ""stockpot.n.01"", ""stove.n.01"", ""water.n.06""]","[""kitchen""]","[""cooked"", ""filled"", ""future"", ""inroom"", ""inside"", ""insource"", ""ontop"", ""real""]",python /home/anuriha/BEHAVIOR-1K/OmniGibson/omnigibson/learning/eval.py log_path=./logs/cooking_a_feast_eval policy=websocket task.name=cooking_a_feast task.activity_definition_id=0 eval_instance_ids='[0]' model.host=localhost
cooking_breakfast,0,[0],cooking_breakfast-0,omnigibson,/home/anuriha/BEHAVIOR-1K/bddl3/bddl/activity_definitions/cooking_breakfast/problem0.bddl,R1Pro,--robot-type,17,"[""agent.n.01"", ""bowl.n.01"", ""bratwurst.n.01"", ""butter.n.01"", ""countertop.n.01"", ""electric_refrigerator.n.01"", ""floor.n.01"", ""frying_pan.n.01"", ""melted__butter.n.01"", ""plate.n.04"", ""raw_egg.n.01"", ""saucepan.n.01"", ""stove.n.01"", ""wooden_spoon.n.02""]","[""kitchen""]","[""cooked"", ""covered"", ""future"", ""inroom"", ""inside"", ""ontop"", ""real""]",python /home/anuriha/BEHAVIOR-1K/OmniGibson/omnigibson/learning/eval.py log_path=./logs/cooking_breakfast_eval policy=websocket task.name=cooking_breakfast task.activity_definition_id=0 eval_instance_ids='[0]' model.host=localhost
cooking_dinner,0,[0],cooking_dinner-0,omnigibson,/home/anuriha/BEHAVIOR-1K/bddl3/bddl/activity_definitions/cooking_dinner/problem0.bddl,R1Pro,--robot-type,8,"[""agent.n.01"", ""casserole.n.02"", ""countertop.n.01"", ""electric_refrigerator.n.01"", ""floor.n.01"", ""lasagna.n.01"", ""oven.n.01"", ""platter.n.01""]","[""kitchen""]","[""frozen"", ""hot"", ""inroom"", ""inside"", ""ontop""]",python /home/anuriha/BEHAVIOR-1K/OmniGibson/omnigibson/learning/eval.py log_path=./logs/cooking_dinner_eval policy=websocket task.name=cooking_dinner task.activity_definition_id=0 eval_instance_ids='[0]' model.host=localhost
cooking_food_for_adult,0,[0],cooking_food_for_adult-0,omnigibson,/home/anuriha/BEHAVIOR-1K/bddl3/bddl/activity_definitions/cooking_food_for_adult/problem0.bddl,R1Pro,--robot-type,12,"[""agent.n.01"", ""cooking_oil.n.01"", ""cooking_oil__bottle.n.01"", ""countertop.n.01"", ""electric_refrigerator.n.01"", ""floor.n.01"", ""frying_pan.n.01"", ""plate.n.04"", ""steak.n.01"", ""stove.n.01"", ""thyme.n.02"", ""thyme__shaker.n.01""]","[""kitchen""]","[""cooked"", ""covered"", ""filled"", ""inroom"", ""inside"", ""insource"", ""ontop""]",python /home/anuriha/BEHAVIOR-1K/OmniGibson/omnigibson/learning/eval.py log_path=./logs/cooking_food_for_adult_eval policy=websocket task.name=cooking_food_for_adult task.activity_definition_id=0 eval_instance_ids='[0]' model.host=localhost
cooking_lunch,0,[0],cooking_lunch-0,omnigibson,/home/anuriha/BEHAVIOR-1K/bddl3/bddl/activity_definitions/cooking_lunch/problem0.bddl,R1Pro,--robot-type,20,"[""agent.n.01"", ""beefsteak_tomato.n.01"", ""bread_slice.n.01"", ""carving_knife.n.01"", ""countertop.n.01"", ""diced__beefsteak_tomato.n.01"", ""electric_refrigerator.n.01"", ""floor.n.01"", ""frying_pan.n.01"", ""mustard.n.02"", ""mustard__bottle.n.01"", ""parmesan.n.01"", ""parmesan__shaker.n.01"", ""plate.n.04"", ""sack.n.01"", ""steak.n.01"", ""stove.n.01""]","[""kitchen""]","[""cooked"", ""covered"", ""future"", ""inroom"", ""inside"", ""insource"", ""ontop"", ""real""]",python /home/anuriha/BEHAVIOR-1K/OmniGibson/omnigibson/learning/eval.py log_path=./logs/cooking_lunch_eval policy=websocket task.name=cooking_lunch task.activity_definition_id=0 eval_instance_ids='[0]' model.host=localhost
cool_cakes,0,[0],cool_cakes-0,omnigibson,/home/anuriha/BEHAVIOR-1K/bddl3/bddl/activity_definitions/cool_cakes/problem0.bddl,R1Pro,--robot-type,6,"[""agent.n.01"", ""cookie_sheet.n.01"", ""countertop.n.01"", ""floor.n.01"", ""fruitcake.n.02"", ""oven.n.01""]","[""kitchen""]","[""hot"", ""inroom"", ""inside"", ""ontop"", ""toggled_on""]",python /home/anuriha/BEHAVIOR-1K/OmniGibson/omnigibson/learning/eval.py log_path=./logs/cool_cakes_eval policy=websocket task.name=cool_cakes task.activity_definition_id=0 eval_instance_ids='[0]' model.host=localhost
cover_a_flower_pot_in_fabric,0,[0],cover_a_flower_pot_in_fabric-0,omnigibson,/home/anuriha/BEHAVIOR-1K/bddl3/bddl/activity_definitions/cover_a_flower_pot_in_fabric/problem0.bddl,R1Pro,--robot-type,5,"[""agent.n.01"", ""coffee_table.n.01"", ""floor.n.01"", ""pot.n.04"", ""sheet.n.03""]","[""living_room""]","[""inroom"", ""ontop"", ""overlaid""]",python /home/anuriha/BEHAVIOR-1K/OmniGibson/omnigibson/learning/eval.py log_path=./logs/cover_a_flower_pot_in_fabric_eval policy=websocket task.name=cover_a_flower_pot_in_fabric task.activity_definition_id=0 eval_instance_ids='[0]' model.host=localhost
covering_boat,0,[0],covering_boat-0,omnigibson,/home/anuriha/BEHAVIOR-1K/bddl3/bddl/activity_definitions/covering_boat/problem0.bddl,R1Pro,--robot-type,7,"[""agent.n.01"", ""driveway.n.01"", ""floor.n.01"", ""kayak.n.01"", ""rope.n.01"", ""tarpaulin.n.01""]","[""garden""]","[""inroom"", ""ontop"", ""overlaid""]",python /home/anuriha/BEHAVIOR-1K/OmniGibson/omnigibson/learning/eval.py log_path=./logs/covering_boat_eval policy=websocket task.name=covering_boat task.activity_definition_id=0 eval_instance_ids='[0]' model.host=localhost
de_clutter_your_garage,0,[0],de_clutter_your_garage-0,omnigibson,/home/anuriha/BEHAVIOR-1K/bddl3/bddl/activity_definitions/de_clutter_your_garage/problem0.bddl,R1Pro,--robot-type,12,"[""agent.n.01"", ""ashcan.n.01"", ""bicycle.n.01"", ""bookcase.n.01"", ""cabinet.n.01"", ""door.n.01"", ""floor.n.01"", ""hockey_stick.n.01"", ""shovel.n.01"", ""ski.n.01"", ""tennis_racket.n.01""]","[""garage""]","[""inroom"", ""inside"", ""nextto"", ""ontop""]",python /home/anuriha/BEHAVIOR-1K/OmniGibson/omnigibson/learning/eval.py log_path=./logs/de_clutter_your_garage_eval policy=websocket task.name=de_clutter_your_garage task.activity_definition_id=0 eval_instance_ids='[0]' model.host=localhost
de_ice_a_car,0,[0],de_ice_a_car-0,omnigibson,/home/anuriha/BEHAVIOR-1K/bddl3/bddl/activity_definitions/de_ice_a_car/problem0.bddl,R1Pro,--robot-type,10,"[""agent.n.01"", ""car.n.01"", ""driveway.n.01"", ""floor.n.01"", ""ice.n.01"", ""scraper.n.01"", ""space_heater.n.01"", ""tree.n.01""]","[""garden""]","[""inroom"", ""ontop"", ""toggled_on""]",python /home/anuriha/BEHAVIOR-1K/OmniGibson/omnigibson/learning/eval.py log_path=./logs/de_ice_a_car_eval policy=websocket task.name=de_ice_a_car task.activity_definition_id=0 eval_instance_ids='[0]' model.host=localhost
decorating_for_religious_ceremony,0,[0],decorating_for_religious_ceremony-0,omnigibson,/home/anuriha/BEHAVIOR-1K/bddl3/bddl/activity_definitions/decorating_for_religious_ceremony/problem0.bddl,R1Pro,--robot-type,8,"[""agent.n.01"", ""bookcase.n.01"", ""candlestick.n.01"", ""coffee_table.n.01"", ""dip.n.07"", ""floor.n.01"", ""wall_nail.n.01"", ""wreath.n.01""]","[""living_room""]","[""attached"", ""inroom"", ""inside"", ""ontop""]",python /home/anuriha/BEHAVIOR-1K/OmniGibson/omnigibson/learning/eval.py log_path=./logs/decorating_for_religious_ceremony_eval policy=websocket task.name=decorating_for_religious_ceremony task.activity_definition_id=0 eval_instance_ids='[0]' model.host=localhost
decorating_outside_for_holidays,0,[0],decorating_outside_for_holidays-0,omnigibson,/home/anuriha/BEHAVIOR-1K/bddl3/bddl/activity_definitions/decorating_outside_for_holidays/problem0.bddl,R1Pro,--robot-type,12,"[""agent.n.01"", ""bow.n.08"", ""coffee_table.n.01"", ""floor.n.01"", ""holly.n.03"", ""snow.n.01"", ""tree.n.01"", ""wall_nail.n.01"", ""wreath.n.01""]","[""garden"", ""living_room""]","[""attached"", ""covered"", ""inroom"", ""ontop""]",python /home/anuriha/BEHAVIOR-1K/OmniGibson/omnigibson/learning/eval.py log_path=./logs/decorating_outside_for_holidays_eval policy=websocket task.name=decorating_outside_for_holidays task.activity_definition_id=0 eval_instance_ids='[0]' model.host=localhost
decorating_outside_for_parties,0,[0],decorating_outside_for_parties-0,omnigibson,/home/anuriha/BEHAVIOR-1K/bddl3/bddl/activity_definitions/decorating_outside_for_parties/problem0.bddl,R1Pro,--robot-type,13,"[""agent.n.01"", ""balloon.n.01"", ""bow.n.08"", ""carton.n.02"", ""centerpiece.n.02"", ""coffee_table.n.01"", ""floor.n.01"", ""gift_box.n.01"", ""tree.n.01"", ""wall_nail.n.01""]","[""garden""]","[""attached"", ""inroom"", ""inside"", ""ontop""]",python /home/anuriha/BEHAVIOR-1K/OmniGibson/omnigibson/learning/eval.py log_path=./logs/decorating_outside_for_parties_eval policy=websocket task.name=decorating_outside_for_parties task.activity_definition_id=0 eval_instance_ids='[0]' model.host=localhost
defrost_meat,0,[0],defrost_meat-0,omnigibson,/home/anuriha/BEHAVIOR-1K/bddl3/bddl/activity_definitions/defrost_meat/problem0.bddl,R1Pro,--robot-type,8,"[""agent.n.01"", ""bowl.n.01"", ""chicken.n.01"", ""countertop.n.01"", ""electric_refrigerator.n.01"", ""floor.n.01"", ""sink.n.01"", ""water.n.06""]","[""kitchen""]","[""frozen"", ""inroom"", ""inside"", ""insource"", ""ontop""]",python /home/anuriha/BEHAVIOR-1K/OmniGibson/omnigibson/learning/eval.py log_path=./logs/defrost_meat_eval policy=websocket task.name=defrost_meat task.activity_definition_id=0 eval_instance_ids='[0]' model.host=localhost
defrosting_freezer,0,[0],defrosting_freezer-0,omnigibson,/home/anuriha/BEHAVIOR-1K/bddl3/bddl/activity_definitions/defrosting_freezer/problem0.bddl,R1Pro,--robot-type,13,"[""agent.n.01"", ""bucket.n.01"", ""countertop.n.01"", ""crayfish.n.02"", ""dustpan.n.02"", ""electric_refrigerator.n.01"", ""floor.n.01"", ""rag.n.01"", ""scraper.n.01"", ""sink.n.01"", ""towel.n.01""]","[""kitchen""]","[""inroom"", ""inside"", ""nextto"", ""ontop""]",python /home/anuriha/BEHAVIOR-1K/OmniGibson/omnigibson/learning/eval.py log_path=./logs/defrosting_freezer_eval policy=websocket task.name=defrosting_freezer task.activity_definition_id=0 eval_instance_ids='[0]' model.host=localhost
delivering_groceries_to_doorstep,0,[0],delivering_groceries_to_doorstep-0,omnigibson,/home/anuriha/BEHAVIOR-1K/bddl3/bddl/activity_definitions/delivering_groceries_to_doorstep/problem0.bddl,R1Pro,--robot-type,7,"[""agent.n.01"", ""bread_slice.n.01"", ""carton__of__milk.n.01"", ""door.n.01"", ""driveway.n.01"", ""floor.n.01"", ""sack.n.01""]","[""corridor"", ""garden""]","[""inroom"", ""inside"", ""nextto"", ""ontop""]",python /home/anuriha/BEHAVIOR-1K/OmniGibson/omnigibson/learning/eval.py log_path=./logs/delivering_groceries_to_doorstep_eval policy=websocket task.name=delivering_groceries_to_doorstep task.activity_definition_id=0 eval_instance_ids='[0]' model.host=localhost
disinfect_laundry,0,[0],disinfect_laundry-0,omnigibson,/home/anuriha/BEHAVIOR-1K/bddl3/bddl/activity_definitions/disinfect_laundry/problem0.bddl,R1Pro,--robot-type,10,"[""agent.n.01"", ""disinfectant.n.01"", ""disinfectant__bottle.n.01"", ""floor.n.01"", ""jersey.n.03"", ""sink.n.01"", ""washer.n.03"", ""water.n.06""]","[""utility_room""]","[""filled"", ""inroom"", ""inside"", ""insource"", ""ontop""]",python /home/anuriha/BEHAVIOR-1K/OmniGibson/omnigibson/learning/eval.py log_path=./logs/disinfect_laundry_eval policy=websocket task.name=disinfect_laundry task.activity_definition_id=0 eval_instance_ids='[0]' model.host=localhost
disinfect_nail_clippers,0,[0],disinfect_nail_clippers-0,omnigibson,/home/anuriha/BEHAVIOR-1K/bddl3/bddl/activity_definitions/disinfect_nail_clippers/problem0.bddl,R1Pro,--robot-type,7,"[""agent.n.01"", ""clipper.n.04"", ""disinfectant.n.01"", ""disinfectant__bottle.n.01"", ""floor.n.01"", ""rag.n.01"", ""stool.n.01""]","[""bathroom""]","[""covered"", ""filled"", ""inroom"", ""ontop""]",python /home/anuriha/BEHAVIOR-1K/OmniGibson/omnigibson/learning/eval.py log_path=./logs/disinfect_nail_clippers_eval policy=websocket task.name=disinfect_nail_clippers task.activity_definition_id=0 eval_instance_ids='[0]' model.host=localhost
dispose_of_a_pizza_box,0,[0],dispose_of_a_pizza_box-0,omnigibson,/home/anuriha/BEHAVIOR-1K/bddl3/bddl/activity_definitions/dispose_of_a_pizza_box/problem0.bddl,R1Pro,--robot-type,6,"[""agent.n.01"", ""ashcan.n.01"", ""electric_refrigerator.n.01"", ""floor.n.01"", ""half__pizza.n.01"", ""pizza_box.n.01""]","[""kitchen""]","[""inroom"", ""inside"", ""ontop""]",python /home/anuriha/BEHAVIOR-1K/OmniGibson/omnigibson/learning/eval.py log_path=./logs/dispose_of_a_pizza_box_eval policy=websocket task.name=dispose_of_a_pizza_box task.activity_definition_id=0 eval_instance_ids='[0]' model.host=localhost
dispose_of_batteries,0,[0],dispose_of_batteries-0,omnigibson,/home/anuriha/BEHAVIOR-1K/bddl3/bddl/activity_definitions/dispose_of_batteries/problem0.bddl,R1Pro,--robot-type,8,"[""agent.n.01"", ""ashcan.n.01"", ""battery.n.02"", ""cabinet.n.01"", ""floor.n.01"", ""hand_blower.n.01"", ""razor.n.01""]","[""bedroom""]","[""inroom"", ""inside"", ""ontop""]",python /home/anuriha/BEHAVIOR-1K/OmniGibson/omnigibson/learning/eval.py log_path=./logs/dispose_of_batteries_eval policy=websocket task.name=dispose_of_batteries task.activity_definition_id=0 eval_instance_ids='[0]' model.host=localhost
dispose_of_fireworks,0,[0],dispose_of_fireworks-0,omnigibson,/home/anuriha/BEHAVIOR-1K/bddl3/bddl/activity_definitions/dispose_of_fireworks/problem0.bddl,R1Pro,--robot-type,7,"[""agent.n.01"", ""ashcan.n.01"", ""firework.n.01"", ""floor.n.01""]","[""garden""]","[""inroom"", ""inside"", ""ontop""]",python /home/anuriha/BEHAVIOR-1K/OmniGibson/omnigibson/learning/eval.py log_path=./logs/dispose_of_fireworks_eval policy=websocket task.name=dispose_of_fireworks task.activity_definition_id=0 eval_instance_ids='[0]' model.host=localhost
dispose_of_glass,0,[0],dispose_of_glass-0,omnigibson,/home/anuriha/BEHAVIOR-1K/bddl3/bddl/activity_definitions/dispose_of_glass/problem0.bddl,R1Pro,--robot-type,8,"[""agent.n.01"", ""floor.n.01"", ""recycling_bin.n.01"", ""shelf.n.01"", ""sink.n.01"", ""water.n.06"", ""water_glass.n.02""]","[""bathroom""]","[""inroom"", ""inside"", ""insource"", ""ontop""]",python /home/anuriha/BEHAVIOR-1K/OmniGibson/omnigibson/learning/eval.py log_path=./logs/dispose_of_glass_eval policy=websocket task.name=dispose_of_glass task.activity_definition_id=0 eval_instance_ids='[0]' model.host=localhost
dispose_of_medication,0,[0],dispose_of_medication-0,omnigibson,/home/anuriha/BEHAVIOR-1K/bddl3/bddl/activity_definitions/dispose_of_medication/problem0.bddl,R1Pro,--robot-type,7,"[""agent.n.01"", ""ashcan.n.01"", ""floor.n.01"", ""pill.n.02"", ""pill_bottle.n.01"", ""shelf.n.01""]","[""bathroom""]","[""contains"", ""filled"", ""inroom"", ""ontop""]",python /home/anuriha/BEHAVIOR-1K/OmniGibson/omnigibson/learning/eval.py log_path=./logs/dispose_of_medication_eval policy=websocket task.name=dispose_of_medication task.activity_definition_id=0 eval_instance_ids='[0]' model.host=localhost
dispose_of_paper,0,[0],dispose_of_paper-0,omnigibson,/home/anuriha/BEHAVIOR-1K/bddl3/bddl/activity_definitions/dispose_of_paper/problem0.bddl,R1Pro,--robot-type,8,"[""agent.n.01"", ""coffee_table.n.01"", ""floor.n.01"", ""newspaper.n.03"", ""paper.n.01"", ""recycling_bin.n.01"", ""wrapping_paper.n.01""]","[""living_room""]","[""inroom"", ""inside"", ""ontop""]",python /home/anuriha/BEHAVIOR-1K/OmniGibson/omnigibson/learning/eval.py log_path=./logs/dispose_of_paper_eval policy=websocket task.name=dispose_of_paper task.activity_definition_id=0 eval_instance_ids='[0]' model.host=localhost
disposing_of_lawn_clippings,0,[0],disposing_of_lawn_clippings-0,omnigibson,/home/anuriha/BEHAVIOR-1K/bddl3/bddl/activity_definitions/disposing_of_lawn_clippings/problem0.bddl,R1Pro,--robot-type,7,"[""agent.n.01"", ""bunchgrass.n.01"", ""compost_bin.n.01"", ""floor.n.01"", ""gate.n.01"", ""lawn.n.01"", ""plastic_bag.n.01""]","[""garden""]","[""contains"", ""covered"", ""inroom"", ""ontop""]",python /home/anuriha/BEHAVIOR-1K/OmniGibson/omnigibson/learning/eval.py log_path=./logs/disposing_of_lawn_clippings_eval policy=websocket task.name=disposing_of_lawn_clippings task.activity_definition_id=0 eval_instance_ids='[0]' model.host=localhost
disposing_of_trash_for_adult,0,[0],disposing_of_trash_for_adult-0,omnigibson,/home/anuriha/BEHAVIOR-1K/bddl3/bddl/activity_definitions/disposing_of_trash_for_adult/problem0.bddl,R1Pro,--robot-type,12,"[""agent.n.01"", ""ashcan.n.01"", ""floor.n.01"", ""magazine.n.02"", ""paper_towel.n.01"", ""plastic_wrap.n.01"", ""stove.n.01"", ""straw.n.04"", ""tray.n.01"", ""water.n.06""]","[""bathroom"", ""kitchen""]","[""covered"", ""inroom"", ""inside"", ""ontop""]",python /home/anuriha/BEHAVIOR-1K/OmniGibson/omnigibson/learning/eval.py log_path=./logs/disposing_of_trash_for_adult_eval policy=websocket task.name=disposing_of_trash_for_adult task.activity_definition_id=0 eval_instance_ids='[0]' model.host=localhost
distributing_event_T_shirts,0,[0],distributing_event_T_shirts-0,omnigibson,/home/anuriha/BEHAVIOR-1K/bddl3/bddl/activity_definitions/distributing_event_T_shirts/problem0.bddl,R1Pro,--robot-type,12,"[""agent.n.01"", ""booth.n.01"", ""carton.n.02"", ""floor.n.01"", ""jersey.n.03""]","[""empty_room""]","[""inroom"", ""inside"", ""ontop""]",python /home/anuriha/BEHAVIOR-1K/OmniGibson/omnigibson/learning/eval.py log_path=./logs/distributing_event_T_shirts_eval policy=websocket task.name=distributing_event_T_shirts task.activity_definition_id=0 eval_instance_ids='[0]' model.host=localhost
distributing_groceries_at_food_bank,0,[0],distributing_groceries_at_food_bank-0,omnigibson,/home/anuriha/BEHAVIOR-1K/bddl3/bddl/activity_definitions/distributing_groceries_at_food_bank/problem0.bddl,R1Pro,--robot-type,26,"[""agent.n.01"", ""bottle__of__apple_juice.n.01"", ""canned_food.n.01"", ""carton__of__milk.n.01"", ""floor.n.01"", ""grocery_shelf.n.01"", ""pack__of__pasta.n.01"", ""packing_box.n.02""]","[""grocery_store""]","[""inroom"", ""inside"", ""ontop""]",python /home/anuriha/BEHAVIOR-1K/OmniGibson/omnigibson/learning/eval.py log_path=./logs/distributing_groceries_at_food_bank_eval policy=websocket task.name=distributing_groceries_at_food_bank task.activity_definition_id=0 eval_instance_ids='[0]' model.host=localhost
doing_housework_for_adult,0,[0],doing_housework_for_adult-0,omnigibson,/home/anuriha/BEHAVIOR-1K/bddl3/bddl/activity_definitions/doing_housework_for_adult/problem0.bddl,R1Pro,--robot-type,16,"[""agent.n.01"", ""coffee_table.n.01"", ""dust.n.01"", ""floor.n.01"", ""lint.n.01"", ""mug.n.04"", ""pillow.n.01"", ""rag.n.01"", ""rug.n.01"", ""sink.n.01"", ""sofa.n.01"", ""vacuum.n.04"", ""window.n.01""]","[""kitchen"", ""living_room""]","[""covered"", ""inroom"", ""inside"", ""nextto"", ""ontop""]",python /home/anuriha/BEHAVIOR-1K/OmniGibson/omnigibson/learning/eval.py log_path=./logs/doing_housework_for_adult_eval policy=websocket task.name=doing_housework_for_adult task.activity_definition_id=0 eval_instance_ids='[0]' model.host=localhost
doing_laundry,0,[0],doing_laundry-0,omnigibson,/home/anuriha/BEHAVIOR-1K/bddl3/bddl/activity_definitions/doing_laundry/problem0.bddl,R1Pro,--robot-type,13,"[""agent.n.01"", ""blouse.n.01"", ""clothes_dryer.n.01"", ""detergent.n.02"", ""detergent__bottle.n.01"", ""floor.n.01"", ""hamper.n.02"", ""hanger.n.02"", ""stain.n.01"", ""undergarment.n.01"", ""washer.n.03"", ""water.n.06""]","[""utility_room""]","[""covered"", ""draped"", ""filled"", ""folded"", ""future"", ""inroom"", ""inside"", ""ontop"", ""saturated""]",python /home/anuriha/BEHAVIOR-1K/OmniGibson/omnigibson/learning/eval.py log_path=./logs/doing_laundry_eval policy=websocket task.name=doing_laundry task.activity_definition_id=0 eval_instance_ids='[0]' model.host=localhost
donating_clothing,0,[0],donating_clothing-0,omnigibson,/home/anuriha/BEHAVIOR-1K/bddl3/bddl/activity_definitions/donating_clothing/problem0.bddl,R1Pro,--robot-type,12,"[""agent.n.01"", ""bed.n.01"", ""boot.n.01"", ""carton.n.02"", ""dress.n.01"", ""floor.n.01"", ""jersey.n.03"", ""sandal.n.01"", ""sweater.n.01""]","[""bedroom"", ""closet""]","[""inroom"", ""inside"", ""ontop""]",python /home/anuriha/BEHAVIOR-1K/OmniGibson/omnigibson/learning/eval.py log_path=./logs/donating_clothing_eval policy=websocket task.name=donating_clothing task.activity_definition_id=0 eval_instance_ids='[0]' model.host=localhost
donating_toys,0,[0],donating_toys-0,omnigibson,/home/anuriha/BEHAVIOR-1K/bddl3/bddl/activity_definitions/donating_toys/problem0.bddl,R1Pro,--robot-type,5,"[""agent.n.01"", ""floor.n.01"", ""jigsaw_puzzle.n.01"", ""packing_box.n.02"", ""teddy.n.01""]","[""storage_room""]","[""inroom"", ""inside"", ""ontop""]",python /home/anuriha/BEHAVIOR-1K/OmniGibson/omnigibson/learning/eval.py log_path=./logs/donating_toys_eval policy=websocket task.name=donating_toys task.activity_definition_id=0 eval_instance_ids='[0]' model.host=localhost
drape_window_scarves,0,[0],drape_window_scarves-0,omnigibson,/home/anuriha/BEHAVIOR-1K/bddl3/bddl/activity_definitions/drape_window_scarves/problem0.bddl,R1Pro,--robot-type,5,"[""agent.n.01"", ""curtain.n.01"", ""curtain_rod.n.01"", ""floor.n.01"", ""wall_nail.n.01""]","[""bedroom""]","[""attached"", ""draped"", ""inroom"", ""ontop""]",python /home/anuriha/BEHAVIOR-1K/OmniGibson/omnigibson/learning/eval.py log_path=./logs/drape_window_scarves_eval policy=websocket task.name=drape_window_scarves task.activity_definition_id=0 eval_instance_ids='[0]' model.host=localhost
drying_dishes,0,[0],drying_dishes-0,omnigibson,/home/anuriha/BEHAVIOR-1K/bddl3/bddl/activity_definitions/drying_dishes/problem0.bddl,R1Pro,--robot-type,16,"[""agent.n.01"", ""cabinet.n.01"", ""countertop.n.01"", ""dishtowel.n.01"", ""dishwasher.n.01"", ""floor.n.01"", ""plate.n.04"", ""platter.n.01"", ""saucer.n.02"", ""sink.n.01"", ""water.n.06""]","[""kitchen""]","[""covered"", ""inroom"", ""insource"", ""ontop""]",python /home/anuriha/BEHAVIOR-1K/OmniGibson/omnigibson/learning/eval.py log_path=./logs/drying_dishes_eval policy=websocket task.name=drying_dishes task.activity_definition_id=0 eval_instance_ids='[0]' model.host=localhost
drying_table,0,[0],drying_table-0,omnigibson,/home/anuriha/BEHAVIOR-1K/bddl3/bddl/activity_definitions/drying_table/problem0.bddl,R1Pro,--robot-type,6,"[""agent.n.01"", ""cabinet.n.01"", ""coffee_table.n.01"", ""dishtowel.n.01"", ""floor.n.01"", ""water.n.06""]","[""living_room""]","[""covered"", ""inroom"", ""inside"", ""ontop""]",python /home/anuriha/BEHAVIOR-1K/OmniGibson/omnigibson/learning/eval.py log_path=./logs/drying_table_eval policy=websocket task.name=drying_table task.activity_definition_id=0 eval_instance_ids='[0]' model.host=localhost
dust_houseplants,0,[0],dust_houseplants-0,omnigibson,/home/anuriha/BEHAVIOR-1K/bddl3/bddl/activity_definitions/dust_houseplants/problem0.bddl,R1Pro,--robot-type,8,"[""agent.n.01"", ""cactus.n.01"", ""coffee_table.n.01"", ""dust.n.01"", ""floor.n.01"", ""pot_plant.n.01"", ""rag.n.01""]","[""living_room""]","[""covered"", ""inroom"", ""ontop""]",python /home/anuriha/BEHAVIOR-1K/OmniGibson/omnigibson/learning/eval.py log_path=./logs/dust_houseplants_eval policy=websocket task.name=dust_houseplants task.activity_definition_id=0 eval_instance_ids='[0]' model.host=localhost
dusting_rugs,0,[0],dusting_rugs-0,omnigibson,/home/anuriha/BEHAVIOR-1K/bddl3/bddl/activity_definitions/dusting_rugs/problem0.bddl,R1Pro,--robot-type,7,"[""agent.n.01"", ""breakfast_table.n.01"", ""dust.n.01"", ""floor.n.01"", ""rug.n.01"", ""scrub_brush.n.01""]","[""bedroom""]","[""covered"", ""inroom"", ""ontop""]",python /home/anuriha/BEHAVIOR-1K/OmniGibson/omnigibson/learning/eval.py log_path=./logs/dusting_rugs_eval policy=websocket task.name=dusting_rugs task.activity_definition_id=0 eval_instance_ids='[0]' model.host=localhost
emptying_ashtray,0,[0],emptying_ashtray-0,omnigibson,/home/anuriha/BEHAVIOR-1K/bddl3/bddl/activity_definitions/emptying_ashtray/problem0.bddl,R1Pro,--robot-type,9,"[""agent.n.01"", ""ash.n.01"", ""ashcan.n.01"", ""ashtray.n.01"", ""breakfast_table.n.01"", ""cigarette.n.01"", ""floor.n.01"", ""tissue.n.02""]","[""dining_room"", ""kitchen""]","[""filled"", ""inroom"", ""inside"", ""ontop""]",python /home/anuriha/BEHAVIOR-1K/OmniGibson/omnigibson/learning/eval.py log_path=./logs/emptying_ashtray_eval policy=websocket task.name=emptying_ashtray task.activity_definition_id=0 eval_instance_ids='[0]' model.host=localhost
emptying_trash_cans,0,[0],emptying_trash_cans-0,omnigibson,/home/anuriha/BEHAVIOR-1K/bddl3/bddl/activity_definitions/emptying_trash_cans/problem0.bddl,R1Pro,--robot-type,11,"[""agent.n.01"", ""ashcan.n.01"", ""countertop.n.01"", ""floor.n.01"", ""newspaper.n.03"", ""rag.n.01"", ""sack.n.01"", ""water_bottle.n.01""]","[""kitchen""]","[""inroom"", ""inside"", ""ontop""]",python /home/anuriha/BEHAVIOR-1K/OmniGibson/omnigibson/learning/eval.py log_path=./logs/emptying_trash_cans_eval policy=websocket task.name=emptying_trash_cans task.activity_definition_id=0 eval_instance_ids='[0]' model.host=localhost
fertilize_a_lawn,0,[0],fertilize_a_lawn-0,omnigibson,/home/anuriha/BEHAVIOR-1K/bddl3/bddl/activity_definitions/fertilize_a_lawn/problem0.bddl,R1Pro,--robot-type,7,"[""agent.n.01"", ""fertilizer.n.01"", ""fertilizer__atomizer.n.01"", ""floor.n.01"", ""scrub.n.01""]","[""garden""]","[""covered"", ""inroom"", ""insource"", ""ontop""]",python /home/anuriha/BEHAVIOR-1K/OmniGibson/omnigibson/learning/eval.py log_path=./logs/fertilize_a_lawn_eval policy=websocket task.name=fertilize_a_lawn task.activity_definition_id=0 eval_instance_ids='[0]' model.host=localhost
fertilize_plants,0,[0],fertilize_plants-0,omnigibson,/home/anuriha/BEHAVIOR-1K/bddl3/bddl/activity_definitions/fertilize_plants/problem0.bddl,R1Pro,--robot-type,7,"[""agent.n.01"", ""bucket.n.01"", ""fertilizer.n.01"", ""floor.n.01"", ""pot_plant.n.01""]","[""garden""]","[""covered"", ""filled"", ""inroom"", ""ontop""]",python /home/anuriha/BEHAVIOR-1K/OmniGibson/omnigibson/learning/eval.py log_path=./logs/fertilize_plants_eval policy=websocket task.name=fertilize_plants task.activity_definition_id=0 eval_instance_ids='[0]' model.host=localhost
fertilizing_garden,0,[0],fertilizing_garden-0,omnigibson,/home/anuriha/BEHAVIOR-1K/bddl3/bddl/activity_definitions/fertilizing_garden/problem0.bddl,R1Pro,--robot-type,9,"[""agent.n.01"", ""fertilizer.n.01"", ""fertilizer__atomizer.n.01"", ""floor.n.01"", ""pot.n.04"", ""potato.n.01"", ""soil.n.02""]","[""garden""]","[""covered"", ""filled"", ""inroom"", ""insource"", ""ontop""]",python /home/anuriha/BEHAVIOR-1K/OmniGibson/omnigibson/learning/eval.py log_path=./logs/fertilizing_garden_eval policy=websocket task.name=fertilizing_garden task.activity_definition_id=0 eval_instance_ids='[0]' model.host=localhost
fill_a_bucket_in_a_small_sink,0,[0],fill_a_bucket_in_a_small_sink-0,omnigibson,/home/anuriha/BEHAVIOR-1K/bddl3/bddl/activity_definitions/fill_a_bucket_in_a_small_sink/problem0.bddl,R1Pro,--robot-type,5,"[""agent.n.01"", ""bucket.n.01"", ""floor.n.01"", ""sink.n.01"", ""water.n.06""]","[""bathroom""]","[""filled"", ""inroom"", ""insource"", ""ontop""]",python /home/anuriha/BEHAVIOR-1K/OmniGibson/omnigibson/learning/eval.py log_path=./logs/fill_a_bucket_in_a_small_sink_eval policy=websocket task.name=fill_a_bucket_in_a_small_sink task.activity_definition_id=0 eval_instance_ids='[0]' model.host=localhost
fill_a_canteen,0,[0],fill_a_canteen-0,omnigibson,/home/anuriha/BEHAVIOR-1K/bddl3/bddl/activity_definitions/fill_a_canteen/problem0.bddl,R1Pro,--robot-type,6,"[""agent.n.01"", ""canteen.n.01"", ""countertop.n.01"", ""floor.n.01"", ""sink.n.01"", ""water.n.06""]","[""kitchen""]","[""filled"", ""inroom"", ""insource"", ""ontop""]",python /home/anuriha/BEHAVIOR-1K/OmniGibson/omnigibson/learning/eval.py log_path=./logs/fill_a_canteen_eval policy=websocket task.name=fill_a_canteen task.activity_definition_id=0 eval_instance_ids='[0]' model.host=localhost
fill_a_hot_water_bottle,0,[0],fill_a_hot_water_bottle-0,omnigibson,/home/anuriha/BEHAVIOR-1K/bddl3/bddl/activity_definitions/fill_a_hot_water_bottle/problem0.bddl,R1Pro,--robot-type,8,"[""agent.n.01"", ""cooked__water.n.01"", ""countertop.n.01"", ""floor.n.01"", ""microwave.n.02"", ""sink.n.01"", ""water.n.06"", ""water_bottle.n.01""]","[""kitchen""]","[""filled"", ""future"", ""inroom"", ""insource"", ""ontop"", ""real""]",python /home/anuriha/BEHAVIOR-1K/OmniGibson/omnigibson/learning/eval.py log_path=./logs/fill_a_hot_water_bottle_eval policy=websocket task.name=fill_a_hot_water_bottle task.activity_definition_id=0 eval_instance_ids='[0]' model.host=localhost
fill_a_punching_bag,0,[0],fill_a_punching_bag-0,omnigibson,/home/anuriha/BEHAVIOR-1K/bddl3/bddl/activity_definitions/fill_a_punching_bag/problem0.bddl,R1Pro,--robot-type,5,"[""agent.n.01"", ""bucket.n.01"", ""floor.n.01"", ""punching_bag.n.02"", ""white_rice.n.01""]","[""garage""]","[""filled"", ""inroom"", ""ontop""]",python /home/anuriha/BEHAVIOR-1K/OmniGibson/omnigibson/learning/eval.py log_path=./logs/fill_a_punching_bag_eval policy=websocket task.name=fill_a_punching_bag task.activity_definition_id=0 eval_instance_ids='[0]' model.host=localhost
filling_pepper,0,[0],filling_pepper-0,omnigibson,/home/anuriha/BEHAVIOR-1K/bddl3/bddl/activity_definitions/filling_pepper/problem0.bddl,R1Pro,--robot-type,13,"[""agent.n.01"", ""bell_pepper.n.02"", ""carving_knife.n.01"", ""chili.n.02"", ""countertop.n.01"", ""diced__chili.n.01"", ""electric_refrigerator.n.01"", ""floor.n.01"", ""half__bell_pepper.n.01"", ""plate.n.04"", ""saucepot.n.01"", ""white_rice.n.01""]","[""kitchen""]","[""covered"", ""filled"", ""future"", ""inroom"", ""inside"", ""ontop"", ""real""]",python /home/anuriha/BEHAVIOR-1K/OmniGibson/omnigibson/learning/eval.py log_path=./logs/filling_pepper_eval policy=websocket task.name=filling_pepper task.activity_definition_id=0 eval_instance_ids='[0]' model.host=localhost
filling_salt,0,[0],filling_salt-0,omnigibson,/home/anuriha/BEHAVIOR-1K/bddl3/bddl/activity_definitions/filling_salt/problem0.bddl,R1Pro,--robot-type,7,"[""agent.n.01"", ""cabinet.n.01"", ""floor.n.01"", ""funnel.n.02"", ""granulated_salt.n.01"", ""mason_jar.n.01"", ""salt__bottle.n.01""]","[""kitchen""]","[""contains"", ""filled"", ""inroom"", ""inside"", ""ontop""]",python /home/anuriha/BEHAVIOR-1K/OmniGibson/omnigibson/learning/eval.py log_path=./logs/filling_salt_eval policy=websocket task.name=filling_salt task.activity_definition_id=0 eval_instance_ids='[0]' model.host=localhost
filling_sugar,0,[0],filling_sugar-0,omnigibson,/home/anuriha/BEHAVIOR-1K/bddl3/bddl/activity_definitions/filling_sugar/problem0.bddl,R1Pro,--robot-type,7,"[""agent.n.01"", ""bowl.n.01"", ""cabinet.n.01"", ""floor.n.01"", ""granulated_sugar.n.01"", ""sugar__sack.n.01"", ""teaspoon.n.02""]","[""kitchen""]","[""filled"", ""inroom"", ""inside"", ""ontop""]",python /home/anuriha/BEHAVIOR-1K/OmniGibson/omnigibson/learning/eval.py log_path=./logs/filling_sugar_eval policy=websocket task.name=filling_sugar task.activity_definition_id=0 eval_instance_ids='[0]' model.host=localhost
filling_the_bird_feeder,0,[0],filling_the_bird_feeder-0,omnigibson,/home/anuriha/BEHAVIOR-1K/bddl3/bddl/activity_definitions/filling_the_bird_feeder/problem0.bddl,R1Pro,--robot-type,5,"[""agent.n.01"", ""bird_feed.n.01"", ""bird_feed__bag.n.01"", ""bird_feeder.n.01"", ""floor.n.01""]","[""garden""]","[""filled"", ""inroom"", ""ontop""]",python /home/anuriha/BEHAVIOR-1K/OmniGibson/omnigibson/learning/eval.py log_path=./logs/filling_the_bird_feeder_eval policy=websocket task.name=filling_the_bird_feeder task.activity_definition_id=0 eval_instance_ids='[0]' model.host=localhost
fixing_broken_chair,0,[0],fixing_broken_chair-0,omnigibson,/home/anuriha/BEHAVIOR-1K/bddl3/bddl/activity_definitions/fixing_broken_chair/problem0.bddl,R1Pro,--robot-type,3,"[""agent.n.01"", ""armchair.n.01"", ""floor.n.01""]","[""living_room""]","[""broken"", ""inroom"", ""ontop""]",python /home/anuriha/BEHAVIOR-1K/OmniGibson/omnigibson/learning/eval.py log_path=./logs/fixing_broken_chair_eval policy=websocket task.name=fixing_broken_chair task.activity_definition_id=0 eval_instance_ids='[0]' model.host=localhost
fixing_broken_table,0,[0],fixing_broken_table-0,omnigibson,/home/anuriha/BEHAVIOR-1K/bddl3/bddl/activity_definitions/fixing_broken_table/problem0.bddl,R1Pro,--robot-type,3,"[""agent.n.01"", ""coffee_table.n.01"", ""floor.n.01""]","[""garage""]","[""broken"", ""inroom"", ""ontop""]",python /home/anuriha/BEHAVIOR-1K/OmniGibson/omnigibson/learning/eval.py log_path=./logs/fixing_broken_table_eval policy=websocket task.name=fixing_broken_table task.activity_definition_id=0 eval_instance_ids='[0]' model.host=localhost
fixing_mailbox,0,[0],fixing_mailbox-0,omnigibson,/home/anuriha/BEHAVIOR-1K/bddl3/bddl/activity_definitions/fixing_mailbox/problem0.bddl,R1Pro,--robot-type,3,"[""agent.n.01"", ""floor.n.01"", ""mailbox.n.01""]","[""garden""]","[""broken"", ""inroom"", ""ontop""]",python /home/anuriha/BEHAVIOR-1K/OmniGibson/omnigibson/learning/eval.py log_path=./logs/fixing_mailbox_eval policy=websocket task.name=fixing_mailbox task.activity_definition_id=0 eval_instance_ids='[0]' model.host=localhost
fold_a_cloth_napkin,0,[0],fold_a_cloth_napkin-0,omnigibson,/home/anuriha/BEHAVIOR-1K/bddl3/bddl/activity_definitions/fold_a_cloth_napkin/problem0.bddl,R1Pro,--robot-type,6,"[""agent.n.01"", ""breakfast_table.n.01"", ""floor.n.01"", ""iron.n.04"", ""napkin.n.01"", ""wrinkle.n.01""]","[""dining_room""]","[""covered"", ""folded"", ""inroom"", ""ontop""]",python /home/anuriha/BEHAVIOR-1K/OmniGibson/omnigibson/learning/eval.py log_path=./logs/fold_a_cloth_napkin_eval policy=websocket task.name=fold_a_cloth_napkin task.activity_definition_id=0 eval_instance_ids='[0]' model.host=localhost
fold_a_plastic_bag,0,[0],fold_a_plastic_bag-0,omnigibson,/home/anuriha/BEHAVIOR-1K/bddl3/bddl/activity_definitions/fold_a_plastic_bag/problem0.bddl,R1Pro,--robot-type,4,"[""agent.n.01"", ""clothes_dryer.n.01"", ""floor.n.01"", ""plastic_bag.n.01""]","[""utility_room""]","[""folded"", ""inroom"", ""ontop""]",python /home/anuriha/BEHAVIOR-1K/OmniGibson/omnigibson/learning/eval.py log_path=./logs/fold_a_plastic_bag_eval policy=websocket task.name=fold_a_plastic_bag task.activity_definition_id=0 eval_instance_ids='[0]' model.host=localhost
fold_a_tortilla,0,[0],fold_a_tortilla-0,omnigibson,/home/anuriha/BEHAVIOR-1K/bddl3/bddl/activity_definitions/fold_a_tortilla/problem0.bddl,R1Pro,--robot-type,6,"[""agent.n.01"", ""countertop.n.01"", ""floor.n.01"", ""plate.n.04"", ""tortilla.n.01""]","[""kitchen""]","[""inroom"", ""ontop""]",python /home/anuriha/BEHAVIOR-1K/OmniGibson/omnigibson/learning/eval.py log_path=./logs/fold_a_tortilla_eval policy=websocket task.name=fold_a_tortilla task.activity_definition_id=0 eval_instance_ids='[0]' model.host=localhost
fold_bandanas,0,[0],fold_bandanas-0,omnigibson,/home/anuriha/BEHAVIOR-1K/bddl3/bddl/activity_definitions/fold_bandanas/problem0.bddl,R1Pro,--robot-type,4,"[""agent.n.01"", ""floor.n.01"", ""hand_towel.n.01"", ""sofa.n.01""]","[""living_room""]","[""folded"", ""inroom"", ""ontop""]",python /home/anuriha/BEHAVIOR-1K/OmniGibson/omnigibson/learning/eval.py log_path=./logs/fold_bandanas_eval policy=websocket task.name=fold_bandanas task.activity_definition_id=0 eval_instance_ids='[0]' model.host=localhost
fold_towels,0,[0],fold_towels-0,omnigibson,/home/anuriha/BEHAVIOR-1K/bddl3/bddl/activity_definitions/fold_towels/problem0.bddl,R1Pro,--robot-type,9,"[""agent.n.01"", ""bath_towel.n.01"", ""clothes_dryer.n.01"", ""floor.n.01"", ""hamper.n.02"", ""hand_towel.n.01"", ""rag.n.01"", ""washer.n.03""]","[""utility_room""]","[""folded"", ""inroom"", ""inside"", ""ontop""]",python /home/anuriha/BEHAVIOR-1K/OmniGibson/omnigibson/learning/eval.py log_path=./logs/fold_towels_eval policy=websocket task.name=fold_towels task.activity_definition_id=0 eval_instance_ids='[0]' model.host=localhost
folding_clean_laundry,0,[0],folding_clean_laundry-0,omnigibson,/home/anuriha/BEHAVIOR-1K/bddl3/bddl/activity_definitions/folding_clean_laundry/problem0.bddl,R1Pro,--robot-type,9,"[""agent.n.01"", ""bed.n.01"", ""dishtowel.n.01"", ""floor.n.01"", ""sock.n.01"", ""tablecloth.n.01"", ""trouser.n.01""]","[""bedroom""]","[""folded"", ""inroom"", ""ontop""]",python /home/anuriha/BEHAVIOR-1K/OmniGibson/omnigibson/learning/eval.py log_path=./logs/folding_clean_laundry_eval policy=websocket task.name=folding_clean_laundry task.activity_definition_id=0 eval_instance_ids='[0]' model.host=localhost
folding_clothes,0,[0],folding_clothes-0,omnigibson,/home/anuriha/BEHAVIOR-1K/bddl3/bddl/activity_definitions/folding_clothes/problem0.bddl,R1Pro,--robot-type,9,"[""agent.n.01"", ""bed.n.01"", ""blouse.n.01"", ""brassiere.n.01"", ""dress.n.01"", ""floor.n.01"", ""short_pants.n.01"", ""tank_top.n.01"", ""trouser.n.01""]","[""bedroom""]","[""folded"", ""inroom"", ""ontop""]",python /home/anuriha/BEHAVIOR-1K/OmniGibson/omnigibson/learning/eval.py log_path=./logs/folding_clothes_eval policy=websocket task.name=folding_clothes task.activity_definition_id=0 eval_instance_ids='[0]' model.host=localhost
folding_piece_of_cloth,0,[0],folding_piece_of_cloth-0,omnigibson,/home/anuriha/BEHAVIOR-1K/bddl3/bddl/activity_definitions/folding_piece_of_cloth/problem0.bddl,R1Pro,--robot-type,4,"[""agent.n.01"", ""clothes_dryer.n.01"", ""drawers.n.01"", ""floor.n.01""]","[""utility_room""]","[""folded"", ""inroom"", ""inside"", ""ontop""]",python /home/anuriha/BEHAVIOR-1K/OmniGibson/omnigibson/learning/eval.py log_path=./logs/folding_piece_of_cloth_eval policy=websocket task.name=folding_piece_of_cloth task.activity_definition_id=0 eval_instance_ids='[0]' model.host=localhost
folding_sheets,0,[0],folding_sheets-0,omnigibson,/home/anuriha/BEHAVIOR-1K/bddl3/bddl/activity_definitions/folding_sheets/problem0.bddl,R1Pro,--robot-type,7,"[""agent.n.01"", ""bed.n.01"", ""floor.n.01"", ""sheet.n.03""]","[""bedroom""]","[""folded"", ""inroom"", ""ontop""]",python /home/anuriha/BEHAVIOR-1K/OmniGibson/omnigibson/learning/eval.py log_path=./logs/folding_sheets_eval policy=websocket task.name=folding_sheets task.activity_definition_id=0 eval_instance_ids='[0]' model.host=localhost
freeze_fruit,0,[0],freeze_fruit-0,omnigibson,/home/anuriha/BEHAVIOR-1K/bddl3/bddl/activity_definitions/freeze_fruit/problem0.bddl,R1Pro,--robot-type,13,"[""agent.n.01"", ""apple.n.01"", ""bowl.n.01"", ""cabinet.n.01"", ""countertop.n.01"", ""electric_refrigerator.n.01"", ""floor.n.01"", ""strawberry.n.01"", ""tray.n.01"", ""tupperware.n.01""]","[""kitchen""]","[""frozen"", ""inroom"", ""inside"", ""ontop""]",python /home/anuriha/BEHAVIOR-1K/OmniGibson/omnigibson/learning/eval.py log_path=./logs/freeze_fruit_eval policy=websocket task.name=freeze_fruit task.activity_definition_id=0 eval_instance_ids='[0]' model.host=localhost
freeze_lasagna,0,[0],freeze_lasagna-0,omnigibson,/home/anuriha/BEHAVIOR-1K/bddl3/bddl/activity_definitions/freeze_lasagna/problem0.bddl,R1Pro,--robot-type,17,"[""agent.n.01"", ""aluminum_foil.n.01"", ""breakfast_table.n.01"", ""cabinet.n.01"", ""casserole.n.02"", ""countertop.n.01"", ""electric_refrigerator.n.01"", ""floor.n.01"", ""lasagna.n.01"", ""sink.n.01"", ""tupperware.n.01"", ""wax_paper.n.01""]","[""kitchen""]","[""frozen"", ""inroom"", ""inside"", ""ontop"", ""overlaid""]",python /home/anuriha/BEHAVIOR-1K/OmniGibson/omnigibson/learning/eval.py log_path=./logs/freeze_lasagna_eval policy=websocket task.name=freeze_lasagna task.activity_definition_id=0 eval_instance_ids='[0]' model.host=localhost
freeze_meat,0,[0],freeze_meat-0,omnigibson,/home/anuriha/BEHAVIOR-1K/bddl3/bddl/activity_definitions/freeze_meat/problem0.bddl,R1Pro,--robot-type,11,"[""agent.n.01"", ""cabinet.n.01"", ""chicken.n.01"", ""countertop.n.01"", ""electric_refrigerator.n.01"", ""floor.n.01"", ""plate.n.04"", ""steak.n.01"", ""tupperware.n.01""]","[""kitchen""]","[""cooked"", ""frozen"", ""inroom"", ""inside"", ""ontop""]",python /home/anuriha/BEHAVIOR-1K/OmniGibson/omnigibson/learning/eval.py log_path=./logs/freeze_meat_eval policy=websocket task.name=freeze_meat task.activity_definition_id=0 eval_instance_ids='[0]' model.host=localhost
freeze_pies,0,[0],freeze_pies-0,omnigibson,/home/anuriha/BEHAVIOR-1K/bddl3/bddl/activity_definitions/freeze_pies/problem0.bddl,R1Pro,--robot-type,11,"[""agent.n.01"", ""apple_pie.n.01"", ""cabinet.n.01"", ""countertop.n.01"", ""electric_refrigerator.n.01"", ""floor.n.01"", ""plate.n.04"", ""tupperware.n.01""]","[""kitchen""]","[""frozen"", ""inroom"", ""inside"", ""ontop"", ""open""]",python /home/anuriha/BEHAVIOR-1K/OmniGibson/omnigibson/learning/eval.py log_path=./logs/freeze_pies_eval policy=websocket task.name=freeze_pies task.activity_definition_id=0 eval_instance_ids='[0]' model.host=localhost
freeze_quiche,0,[0],freeze_quiche-0,omnigibson,/home/anuriha/BEHAVIOR-1K/bddl3/bddl/activity_definitions/freeze_quiche/problem0.bddl,R1Pro,--robot-type,11,"[""agent.n.01"", ""cabinet.n.01"", ""countertop.n.01"", ""electric_refrigerator.n.01"", ""floor.n.01"", ""oven.n.01"", ""plastic_wrap.n.01"", ""quiche.n.02"", ""tray.n.01""]","[""kitchen""]","[""frozen"", ""inroom"", ""inside"", ""ontop"", ""overlaid""]",python /home/anuriha/BEHAVIOR-1K/OmniGibson/omnigibson/learning/eval.py log_path=./logs/freeze_quiche_eval policy=websocket task.name=freeze_quiche task.activity_definition_id=0 eval_instance_ids='[0]' model.host=localhost
freeze_vegetables,0,[0],freeze_vegetables-0,omnigibson,/home/anuriha/BEHAVIOR-1K/bddl3/bddl/activity_definitions/freeze_vegetables/problem0.bddl,R1Pro,--robot-type,15,"[""agent.n.01"", ""bell_pepper.n.02"", ""cabinet.n.01"", ""carrot.n.03"", ""chopping_board.n.01"", ""countertop.n.01"", ""electric_refrigerator.n.01"", ""floor.n.01"", ""half__zucchini.n.01"", ""tupperware.n.01""]","[""kitchen""]","[""frozen"", ""inroom"", ""inside"", ""ontop""]",python /home/anuriha/BEHAVIOR-1K/OmniGibson/omnigibson/learning/eval.py log_path=./logs/freeze_vegetables_eval policy=websocket task.name=freeze_vegetables task.activity_definition_id=0 eval_instance_ids='[0]' model.host=localhost
fry_pot_stickers,0,[0],fry_pot_stickers-0,omnigibson,/home/anuriha/BEHAVIOR-1K/bddl3/bddl/activity_definitions/fry_pot_stickers/problem0.bddl,R1Pro,--robot-type,16,"[""agent.n.01"", ""cabinet.n.01"", ""cooking_oil.n.01"", ""cooking_oil__bottle.n.01"", ""dumpling.n.01"", ""electric_refrigerator.n.01"", ""floor.n.01"", ""frying_pan.n.01"", ""sink.n.01"", ""spatula.n.01"", ""stove.n.01"", ""tupperware.n.01"", ""water.n.06""]","[""kitchen""]","[""cooked"", ""covered"", ""filled"", ""frozen"", ""inroom"", ""inside"", ""insource"", ""ontop""]",python /home/anuriha/BEHAVIOR-1K/OmniGibson/omnigibson/learning/eval.py log_path=./logs/fry_pot_stickers_eval policy=websocket task.name=fry_pot_stickers task.activity_definition_id=0 eval_instance_ids='[0]' model.host=localhost
gathering_nuts,0,[0],gathering_nuts-0,omnigibson,/home/anuriha/BEHAVIOR-1K/bddl3/bddl/activity_definitions/gathering_nuts/problem0.bddl,R1Pro,--robot-type,14,"[""agent.n.01"", ""bucket.n.01"", ""floor.n.01"", ""tree.n.01"", ""walnut.n.01""]","[""garden""]","[""inroom"", ""inside"", ""nextto"", ""ontop""]",python /home/anuriha/BEHAVIOR-1K/OmniGibson/omnigibson/learning/eval.py log_path=./logs/gathering_nuts_eval policy=websocket task.name=gathering_nuts task.activity_definition_id=0 eval_instance_ids='[0]' model.host=localhost
getting_a_drink,0,[0],getting_a_drink-0,omnigibson,/home/anuriha/BEHAVIOR-1K/bddl3/bddl/activity_definitions/getting_a_drink/problem0.bddl,R1Pro,--robot-type,13,"[""agent.n.01"", ""bowl.n.01"", ""cabinet.n.01"", ""electric_refrigerator.n.01"", ""floor.n.01"", ""ice_cube.n.01"", ""orange_juice.n.01"", ""pitcher.n.02"", ""straw.n.04"", ""water_glass.n.02""]","[""kitchen""]","[""filled"", ""inroom"", ""inside"", ""ontop""]",python /home/anuriha/BEHAVIOR-1K/OmniGibson/omnigibson/learning/eval.py log_path=./logs/getting_a_drink_eval policy=websocket task.name=getting_a_drink task.activity_definition_id=0 eval_instance_ids='[0]' model.host=localhost
getting_organized_for_work,0,[0],getting_organized_for_work-0,omnigibson,/home/anuriha/BEHAVIOR-1K/bddl3/bddl/activity_definitions/getting_organized_for_work/problem0.bddl,R1Pro,--robot-type,11,"[""agent.n.01"", ""computer.n.01"", ""desk.n.01"", ""floor.n.01"", ""folder.n.02"", ""keyboard.n.01"", ""monitor.n.04"", ""mouse.n.04"", ""notebook.n.01"", ""pen.n.01"", ""swivel_chair.n.01""]","[""bedroom""]","[""inroom"", ""nextto"", ""ontop"", ""under""]",python /home/anuriha/BEHAVIOR-1K/OmniGibson/omnigibson/learning/eval.py log_path=./logs/getting_organized_for_work_eval policy=websocket task.name=getting_organized_for_work task.activity_definition_id=0 eval_instance_ids='[0]' model.host=localhost
getting_package_from_post_office,0,[0],getting_package_from_post_office-0,omnigibson,/home/anuriha/BEHAVIOR-1K/bddl3/bddl/activity_definitions/getting_package_from_post_office/problem0.bddl,R1Pro,--robot-type,14,"[""agent.n.01"", ""cabinet.n.01"", ""desk.n.01"", ""floor.n.01"", ""keyboard.n.01"", ""letter.n.01"", ""magazine.n.02"", ""mail.n.04"", ""package.n.02"", ""postage.n.02""]","[""private_office"", ""shared_office""]","[""inroom"", ""inside"", ""ontop""]",python /home/anuriha/BEHAVIOR-1K/OmniGibson/omnigibson/learning/eval.py log_path=./logs/getting_package_from_post_office_eval policy=websocket task.name=getting_package_from_post_office task.activity_definition_id=0 eval_instance_ids='[0]' model.host=localhost
glaze_a_ham,0,[0],glaze_a_ham-0,omnigibson,/home/anuriha/BEHAVIOR-1K/bddl3/bddl/activity_definitions/glaze_a_ham/problem0.bddl,R1Pro,--robot-type,12,"[""agent.n.01"", ""aluminum_foil.n.01"", ""cabinet.n.01"", ""floor.n.01"", ""glaze.n.01"", ""maple_syrup.n.01"", ""maple_syrup__jar.n.01"", ""mason_jar.n.01"", ""oven.n.01"", ""sink.n.01"", ""stockpot.n.01"", ""virginia_ham.n.01""]","[""kitchen""]","[""cooked"", ""covered"", ""filled"", ""hot"", ""inroom"", ""inside"", ""ontop"", ""overlaid""]",python /home/anuriha/BEHAVIOR-1K/OmniGibson/omnigibson/learning/eval.py log_path=./logs/glaze_a_ham_eval policy=websocket task.name=glaze_a_ham task.activity_definition_id=0 eval_instance_ids='[0]' model.host=localhost
go_to_door,0,[0],go_to_door-0,omnigibson,/home/anuriha/BEHAVIOR-1K/bddl3/bddl/activity_definitions/go_to_door/problem0.bddl,R1Pro,--robot-type,3,"[""agent.n.01"", ""door.n.01"", ""floor.n.01""]","[""living_room""]","[""inroom"", ""ontop"", ""touching""]",python /home/anuriha/BEHAVIOR-1K/OmniGibson/omnigibson/learning/eval.py log_path=./logs/go_to_door_eval policy=websocket task.name=go_to_door task.activity_definition_id=0 eval_instance_ids='[0]' model.host=localhost
grease_and_flour_a_pan,0,[0],grease_and_flour_a_pan-0,omnigibson,/home/anuriha/BEHAVIOR-1K/bddl3/bddl/activity_definitions/grease_and_flour_a_pan/problem0.bddl,R1Pro,--robot-type,14,"[""agent.n.01"", ""butter.n.01"", ""cabinet.n.01"", ""cookie_sheet.n.01"", ""countertop.n.01"", ""electric_refrigerator.n.01"", ""floor.n.01"", ""flour.n.01"", ""flour__sack.n.01"", ""melted__butter.n.01"", ""oven.n.01"", ""sink.n.01"", ""spatula.n.01"", ""tissue.n.02""]","[""kitchen""]","[""covered"", ""filled"", ""future"", ""inroom"", ""inside"", ""ontop"", ""real""]",python /home/anuriha/BEHAVIOR-1K/OmniGibson/omnigibson/learning/eval.py log_path=./logs/grease_and_flour_a_pan_eval policy=websocket task.name=grease_and_flour_a_pan task.activity_definition_id=0 eval_instance_ids='[0]' model.host=localhost
grill_burgers,0,[0],grill_burgers-0,omnigibson,/home/anuriha/BEHAVIOR-1K/bddl3/bddl/activity_definitions/grill_burgers/problem0.bddl,R1Pro,--robot-type,17,"[""agent.n.01"", ""cigar_lighter.n.01"", ""console_table.n.01"", ""driveway.n.01"", ""floor.n.01"", ""grill.n.02"", ""hamburger_bun.n.01"", ""lawn.n.01"", ""patty.n.01"", ""spatula.n.01"", ""toasting_fork.n.01"", ""tongs.n.01"", ""tray.n.01""]","[""garden""]","[""cooked"", ""inroom"", ""ontop""]",python /home/anuriha/BEHAVIOR-1K/OmniGibson/omnigibson/learning/eval.py log_path=./logs/grill_burgers_eval policy=websocket task.name=grill_burgers task.activity_definition_id=0 eval_instance_ids='[0]' model.host=localhost
grill_vegetables,0,[0],grill_vegetables-0,omnigibson,/home/anuriha/BEHAVIOR-1K/bddl3/bddl/activity_definitions/grill_vegetables/problem0.bddl,R1Pro,--robot-type,15,"[""agent.n.01"", ""bowl.n.01"", ""cabinet.n.01"", ""cooked__marinade.n.01"", ""electric_refrigerator.n.01"", ""floor.n.01"", ""grill.n.02"", ""half__beefsteak_tomato.n.01"", ""half__zucchini.n.01"", ""marinade.n.01"", ""sink.n.01"", ""tongs.n.01""]","[""kitchen""]","[""cooked"", ""covered"", ""filled"", ""future"", ""inroom"", ""inside"", ""ontop"", ""real""]",python /home/anuriha/BEHAVIOR-1K/OmniGibson/omnigibson/learning/eval.py log_path=./logs/grill_vegetables_eval policy=websocket task.name=grill_vegetables task.activity_definition_id=0 eval_instance_ids='[0]' model.host=localhost
halve_an_egg,0,[0],halve_an_egg-0,omnigibson,/home/anuriha/BEHAVIOR-1K/bddl3/bddl/activity_definitions/halve_an_egg/problem0.bddl,R1Pro,--robot-type,7,"[""agent.n.01"", ""carving_knife.n.01"", ""countertop.n.01"", ""floor.n.01"", ""half__hard-boiled_egg.n.01"", ""hard-boiled_egg.n.01""]","[""kitchen""]","[""cooked"", ""future"", ""inroom"", ""ontop"", ""real""]",python /home/anuriha/BEHAVIOR-1K/OmniGibson/omnigibson/learning/eval.py log_path=./logs/halve_an_egg_eval policy=websocket task.name=halve_an_egg task.activity_definition_id=0 eval_instance_ids='[0]' model.host=localhost
hand_washing_clothing,0,[0],hand_washing_clothing-0,omnigibson,/home/anuriha/BEHAVIOR-1K/bddl3/bddl/activity_definitions/hand_washing_clothing/problem0.bddl,R1Pro,--robot-type,12,"[""agent.n.01"", ""bucket.n.01"", ""countertop.n.01"", ""detergent.n.02"", ""detergent__bottle.n.01"", ""floor.n.01"", ""scrub_brush.n.01"", ""sink.n.01"", ""stain.n.01"", ""sweater.n.01"", ""trouser.n.01"", ""water.n.06""]","[""utility_room""]","[""covered"", ""filled"", ""inroom"", ""insource"", ""ontop""]",python /home/anuriha/BEHAVIOR-1K/OmniGibson/omnigibson/learning/eval.py log_path=./logs/hand_washing_clothing_eval policy=websocket task.name=hand_washing_clothing task.activity_definition_id=0 eval_instance_ids='[0]' model.host=localhost
hang_a_bike_on_the_wall,0,[0],hang_a_bike_on_the_wall-0,omnigibson,/home/anuriha/BEHAVIOR-1K/bddl3/bddl/activity_definitions/hang_a_bike_on_the_wall/problem0.bddl,R1Pro,--robot-type,5,"[""agent.n.01"", ""bicycle.n.01"", ""bicycle_rack.n.01"", ""floor.n.01"", ""wall_nail.n.01""]","[""garage""]","[""attached"", ""inroom"", ""ontop""]",python /home/anuriha/BEHAVIOR-1K/OmniGibson/omnigibson/learning/eval.py log_path=./logs/hang_a_bike_on_the_wall_eval policy=websocket task.name=hang_a_bike_on_the_wall task.activity_definition_id=0 eval_instance_ids='[0]' model.host=localhost
hang_a_dartboard,0,[0],hang_a_dartboard-0,omnigibson,/home/anuriha/BEHAVIOR-1K/bddl3/bddl/activity_definitions/hang_a_dartboard/problem0.bddl,R1Pro,--robot-type,9,"[""agent.n.01"", ""dart.n.01"", ""dartboard.n.01"", ""floor.n.01"", ""packing_box.n.02"", ""table.n.02"", ""wall_nail.n.01""]","[""living_room""]","[""attached"", ""inroom"", ""inside"", ""ontop""]",python /home/anuriha/BEHAVIOR-1K/OmniGibson/omnigibson/learning/eval.py log_path=./logs/hang_a_dartboard_eval policy=websocket task.name=hang_a_dartboard task.activity_definition_id=0 eval_instance_ids='[0]' model.host=localhost
hang_icicle_lights,0,[0],hang_icicle_lights-0,omnigibson,/home/anuriha/BEHAVIOR-1K/bddl3/bddl/activity_definitions/hang_icicle_lights/problem0.bddl,R1Pro,--robot-type,5,"[""agent.n.01"", ""coffee_table.n.01"", ""floor.n.01"", ""icicle_lights.n.01"", ""wall_nail.n.01""]","[""living_room""]","[""attached"", ""inroom"", ""ontop""]",python /home/anuriha/BEHAVIOR-1K/OmniGibson/omnigibson/learning/eval.py log_path=./logs/hang_icicle_lights_eval policy=websocket task.name=hang_icicle_lights task.activity_definition_id=0 eval_instance_ids='[0]' model.host=localhost
hang_paper_lanterns,0,[0],hang_paper_lanterns-0,omnigibson,/home/anuriha/BEHAVIOR-1K/bddl3/bddl/activity_definitions/hang_paper_lanterns/problem0.bddl,R1Pro,--robot-type,6,"[""agent.n.01"", ""floor.n.01"", ""paper_lantern.n.01"", ""pole.n.01"", ""table.n.02"", ""wall_nail.n.01""]","[""garden""]","[""attached"", ""inroom"", ""ontop""]",python /home/anuriha/BEHAVIOR-1K/OmniGibson/omnigibson/learning/eval.py log_path=./logs/hang_paper_lanterns_eval policy=websocket task.name=hang_paper_lanterns task.activity_definition_id=0 eval_instance_ids='[0]' model.host=localhost
hanging_address_numbers,0,[0],hanging_address_numbers-0,omnigibson,/home/anuriha/BEHAVIOR-1K/bddl3/bddl/activity_definitions/hanging_address_numbers/problem0.bddl,R1Pro,--robot-type,9,"[""address.n.05"", ""agent.n.01"", ""floor.n.01"", ""table.n.02"", ""wall_nail.n.01""]","[""garden"", ""living_room""]","[""attached"", ""inroom"", ""ontop""]",python /home/anuriha/BEHAVIOR-1K/OmniGibson/omnigibson/learning/eval.py log_path=./logs/hanging_address_numbers_eval policy=websocket task.name=hanging_address_numbers task.activity_definition_id=0 eval_instance_ids='[0]' model.host=localhost
hanging_blinds,0,[0],hanging_blinds-0,omnigibson,/home/anuriha/BEHAVIOR-1K/bddl3/bddl/activity_definitions/hanging_blinds/problem0.bddl,R1Pro,--robot-type,5,"[""agent.n.01"", ""floor.n.01"", ""table.n.02"", ""wall_nail.n.01"", ""window_blind.n.01""]","[""living_room""]","[""attached"", ""inroom"", ""ontop""]",python /home/anuriha/BEHAVIOR-1K/OmniGibson/omnigibson/learning/eval.py log_path=./logs/hanging_blinds_eval policy=websocket task.name=hanging_blinds task.activity_definition_id=0 eval_instance_ids='[0]' model.host=localhost
hanging_clothes,0,[0],hanging_clothes-0,omnigibson,/home/anuriha/BEHAVIOR-1K/bddl3/bddl/activity_definitions/hanging_clothes/problem0.bddl,R1Pro,--robot-type,10,"[""agent.n.01"", ""bed.n.01"", ""dress.n.01"", ""floor.n.01"", ""hanger.n.02"", ""skirt.n.01"", ""sweater.n.01"", ""wardrobe.n.01""]","[""bedroom"", ""closet""]","[""attached"", ""draped"", ""inroom"", ""ontop""]",python /home/anuriha/BEHAVIOR-1K/OmniGibson/omnigibson/learning/eval.py log_path=./logs/hanging_clothes_eval policy=websocket task.name=hanging_clothes task.activity_definition_id=0 eval_instance_ids='[0]' model.host=localhost
hanging_clothes_on_clothesline,0,[0],hanging_clothes_on_clothesline-0,omnigibson,/home/anuriha/BEHAVIOR-1K/bddl3/bddl/activity_definitions/hanging_clothes_on_clothesline/problem0.bddl,R1Pro,--robot-type,6,"[""agent.n.01"", ""clothesline.n.01"", ""floor.n.01"", ""hamper.n.02"", ""undergarment.n.01"", ""water.n.06""]","[""garden""]","[""draped"", ""inroom"", ""inside"", ""ontop"", ""saturated""]",python /home/anuriha/BEHAVIOR-1K/OmniGibson/omnigibson/learning/eval.py log_path=./logs/hanging_clothes_on_clothesline_eval policy=websocket task.name=hanging_clothes_on_clothesline task.activity_definition_id=0 eval_instance_ids='[0]' model.host=localhost
hanging_flags,0,[0],hanging_flags-0,omnigibson,/home/anuriha/BEHAVIOR-1K/bddl3/bddl/activity_definitions/hanging_flags/problem0.bddl,R1Pro,--robot-type,5,"[""agent.n.01"", ""floor.n.01"", ""national_flag.n.01"", ""pole.n.01"", ""wall_nail.n.01""]","[""garden""]","[""attached"", ""draped"", ""inroom"", ""ontop""]",python /home/anuriha/BEHAVIOR-1K/OmniGibson/omnigibson/learning/eval.py log_path=./logs/hanging_flags_eval policy=websocket task.name=hanging_flags task.activity_definition_id=0 eval_instance_ids='[0]' model.host=localhost
hanging_outdoor_lights,0,[0],hanging_outdoor_lights-0,omnigibson,/home/anuriha/BEHAVIOR-1K/bddl3/bddl/activity_definitions/hanging_outdoor_lights/problem0.bddl,R1Pro,--robot-type,6,"[""agent.n.01"", ""coffee_table.n.01"", ""floor.n.01"", ""icicle_lights.n.01"", ""tree.n.01"", ""wall_nail.n.01""]","[""garden""]","[""attached"", ""inroom"", ""ontop""]",python /home/anuriha/BEHAVIOR-1K/OmniGibson/omnigibson/learning/eval.py log_path=./logs/hanging_outdoor_lights_eval policy=websocket task.name=hanging_outdoor_lights task.activity_definition_id=0 eval_instance_ids='[0]' model.host=localhost
hanging_pictures,0,[0],hanging_pictures-0,omnigibson,/home/anuriha/BEHAVIOR-1K/bddl3/bddl/activity_definitions/hanging_pictures/problem0.bddl,R1Pro,--robot-type,6,"[""agent.n.01"", ""countertop.n.01"", ""floor.n.01"", ""poster.n.01"", ""wall_nail.n.01""]","[""kitchen""]","[""attached"", ""inroom"", ""ontop""]",python /home/anuriha/BEHAVIOR-1K/OmniGibson/omnigibson/learning/eval.py log_path=./logs/hanging_pictures_eval policy=websocket task.name=hanging_pictures task.activity_definition_id=0 eval_instance_ids='[0]' model.host=localhost
hanging_shades,0,[0],hanging_shades-0,omnigibson,/home/anuriha/BEHAVIOR-1K/bddl3/bddl/activity_definitions/hanging_shades/problem0.bddl,R1Pro,--robot-type,4,"[""agent.n.01"", ""floor.n.01"", ""wall_nail.n.01"", ""window_blind.n.01""]","[""bedroom""]","[""attached"", ""inroom"", ""ontop""]",python /home/anuriha/BEHAVIOR-1K/OmniGibson/omnigibson/learning/eval.py log_path=./logs/hanging_shades_eval policy=websocket task.name=hanging_shades task.activity_definition_id=0 eval_instance_ids='[0]' model.host=localhost
hanging_up_bedsheets,0,[0],hanging_up_bedsheets-0,omnigibson,/home/anuriha/BEHAVIOR-1K/bddl3/bddl/activity_definitions/hanging_up_bedsheets/problem0.bddl,R1Pro,--robot-type,7,"[""agent.n.01"", ""clothesline.n.01"", ""floor.n.01"", ""sheet.n.03"", ""tree.n.01"", ""wicker_basket.n.01""]","[""garden""]","[""draped"", ""inroom"", ""ontop""]",python /home/anuriha/BEHAVIOR-1K/OmniGibson/omnigibson/learning/eval.py log_path=./logs/hanging_up_bedsheets_eval policy=websocket task.name=hanging_up_bedsheets task.activity_definition_id=0 eval_instance_ids='[0]' model.host=localhost
hanging_up_curtains,0,[0],hanging_up_curtains-0,omnigibson,/home/anuriha/BEHAVIOR-1K/bddl3/bddl/activity_definitions/hanging_up_curtains/problem0.bddl,R1Pro,--robot-type,5,"[""agent.n.01"", ""curtain.n.01"", ""curtain_rod.n.01"", ""floor.n.01"", ""wall_nail.n.01""]","[""living_room""]","[""attached"", ""draped"", ""inroom"", ""ontop""]",python /home/anuriha/BEHAVIOR-1K/OmniGibson/omnigibson/learning/eval.py log_path=./logs/hanging_up_curtains_eval policy=websocket task.name=hanging_up_curtains task.activity_definition_id=0 eval_instance_ids='[0]' model.host=localhost
hanging_up_wind_chimes,0,[0],hanging_up_wind_chimes-0,omnigibson,/home/anuriha/BEHAVIOR-1K/bddl3/bddl/activity_definitions/hanging_up_wind_chimes/problem0.bddl,R1Pro,--robot-type,5,"[""agent.n.01"", ""floor.n.01"", ""pole.n.01"", ""wall_nail.n.01"", ""wind_chime.n.01""]","[""garden""]","[""attached"", ""inroom"", ""ontop""]",python /home/anuriha/BEHAVIOR-1K/OmniGibson/omnigibson/learning/eval.py log_path=./logs/hanging_up_wind_chimes_eval policy=websocket task.name=hanging_up_wind_chimes task.activity_definition_id=0 eval_instance_ids='[0]' model.host=localhost
hard_boil_an_egg,0,[0],hard_boil_an_egg-0,omnigibson,/home/anuriha/BEHAVIOR-1K/bddl3/bddl/activity_definitions/hard_boil_an_egg/problem0.bddl,R1Pro,--robot-type,8,"[""agent.n.01"", ""egg.n.02"", ""electric_refrigerator.n.01"", ""floor.n.01"", ""saucepot.n.01"", ""sink.n.01"", ""stove.n.01"", ""water.n.06""]","[""kitchen""]","[""cooked"", ""inroom"", ""inside"", ""insource"", ""ontop""]",python /home/anuriha/BEHAVIOR-1K/OmniGibson/omnigibson/learning/eval.py log_path=./logs/hard_boil_an_egg_eval policy=websocket task.name=hard_boil_an_egg task.activity_definition_id=0 eval_instance_ids='[0]' model.host=localhost
heating_food_up,0,[0],heating_food_up-0,omnigibson,/home/anuriha/BEHAVIOR-1K/bddl3/bddl/activity_definitions/heating_food_up/problem0.bddl,R1Pro,--robot-type,7,"[""agent.n.01"", ""countertop.n.01"", ""electric_refrigerator.n.01"", ""floor.n.01"", ""hamburger.n.01"", ""microwave.n.02"", ""plate.n.04""]","[""kitchen""]","[""frozen"", ""hot"", ""inroom"", ""inside"", ""ontop""]",python /home/anuriha/BEHAVIOR-1K/OmniGibson/omnigibson/learning/eval.py log_path=./logs/heating_food_up_eval policy=websocket task.name=heating_food_up task.activity_definition_id=0 eval_instance_ids='[0]' model.host=localhost
hiding_Easter_eggs,0,[0],hiding_Easter_eggs-0,omnigibson,/home/anuriha/BEHAVIOR-1K/bddl3/bddl/activity_definitions/hiding_Easter_eggs/problem0.bddl,R1Pro,--robot-type,8,"[""agent.n.01"", ""easter_egg.n.01"", ""lawn.n.01"", ""tree.n.01"", ""wicker_basket.n.01""]","[""garden""]","[""inroom"", ""inside"", ""nextto"", ""ontop""]",python /home/anuriha/BEHAVIOR-1K/OmniGibson/omnigibson/learning/eval.py log_path=./logs/hiding_Easter_eggs_eval policy=websocket task.name=hiding_Easter_eggs task.activity_definition_id=0 eval_instance_ids='[0]' model.host=localhost
hoe_weeds,0,[0],hoe_weeds-0,omnigibson,/home/anuriha/BEHAVIOR-1K/bddl3/bddl/activity_definitions/hoe_weeds/problem0.bddl,R1Pro,--robot-type,10,"[""agent.n.01"", ""ashcan.n.01"", ""floor.n.01"", ""hoe.n.01"", ""lawn.n.01"", ""weed.n.01""]","[""garden""]","[""inroom"", ""inside"", ""ontop""]",python /home/anuriha/BEHAVIOR-1K/OmniGibson/omnigibson/learning/eval.py log_path=./logs/hoe_weeds_eval policy=websocket task.name=hoe_weeds task.activity_definition_id=0 eval_instance_ids='[0]' model.host=localhost
ice_cookies,0,[0],ice_cookies-0,omnigibson,/home/anuriha/BEHAVIOR-1K/bddl3/bddl/activity_definitions/ice_cookies/problem0.bddl,R1Pro,--robot-type,9,"[""agent.n.01"", ""countertop.n.01"", ""floor.n.01"", ""frosting.n.01"", ""frosting__jar.n.01"", ""platter.n.01"", ""sugar_cookie.n.01""]","[""kitchen""]","[""covered"", ""filled"", ""inroom"", ""ontop""]",python /home/anuriha/BEHAVIOR-1K/OmniGibson/omnigibson/learning/eval.py log_path=./logs/ice_cookies_eval policy=websocket task.name=ice_cookies task.activity_definition_id=0 eval_instance_ids='[0]' model.host=localhost
installing_a_fax_machine,0,[0],installing_a_fax_machine-0,omnigibson,/home/anuriha/BEHAVIOR-1K/bddl3/bddl/activity_definitions/installing_a_fax_machine/problem0.bddl,R1Pro,--robot-type,4,"[""agent.n.01"", ""facsimile.n.02"", ""floor.n.01"", ""table.n.02""]","[""private_office""]","[""inroom"", ""ontop"", ""toggled_on""]",python /home/anuriha/BEHAVIOR-1K/OmniGibson/omnigibson/learning/eval.py log_path=./logs/installing_a_fax_machine_eval policy=websocket task.name=installing_a_fax_machine task.activity_definition_id=0 eval_instance_ids='[0]' model.host=localhost
installing_a_fence,0,[0],installing_a_fence-0,omnigibson,/home/anuriha/BEHAVIOR-1K/bddl3/bddl/activity_definitions/installing_a_fence/problem0.bddl,R1Pro,--robot-type,7,"[""agent.n.01"", ""floor.n.01"", ""rail_fence.n.01"", ""spray_paint.n.01"", ""spray_paint__can.n.01""]","[""garden""]","[""covered"", ""inroom"", ""insource"", ""ontop""]",python /home/anuriha/BEHAVIOR-1K/OmniGibson/omnigibson/learning/eval.py log_path=./logs/installing_a_fence_eval policy=websocket task.name=installing_a_fence task.activity_definition_id=0 eval_instance_ids='[0]' model.host=localhost
installing_a_modem,0,[0],installing_a_modem-0,omnigibson,/home/anuriha/BEHAVIOR-1K/bddl3/bddl/activity_definitions/installing_a_modem/problem0.bddl,R1Pro,--robot-type,4,"[""agent.n.01"", ""floor.n.01"", ""modem.n.01"", ""table.n.02""]","[""private_office""]","[""inroom"", ""ontop"", ""toggled_on"", ""under""]",python /home/anuriha/BEHAVIOR-1K/OmniGibson/omnigibson/learning/eval.py log_path=./logs/installing_a_modem_eval policy=websocket task.name=installing_a_modem task.activity_definition_id=0 eval_instance_ids='[0]' model.host=localhost
installing_a_printer,0,[0],installing_a_printer-0,omnigibson,/home/anuriha/BEHAVIOR-1K/bddl3/bddl/activity_definitions/installing_a_printer/problem0.bddl,R1Pro,--robot-type,4,"[""agent.n.01"", ""floor.n.01"", ""printer.n.03"", ""table.n.02""]","[""private_office""]","[""inroom"", ""ontop"", ""toggled_on""]",python /home/anuriha/BEHAVIOR-1K/OmniGibson/omnigibson/learning/eval.py log_path=./logs/installing_a_printer_eval policy=websocket task.name=installing_a_printer task.activity_definition_id=0 eval_instance_ids='[0]' model.host=localhost
installing_a_scanner,0,[0],installing_a_scanner-0,omnigibson,/home/anuriha/BEHAVIOR-1K/bddl3/bddl/activity_definitions/installing_a_scanner/problem0.bddl,R1Pro,--robot-type,4,"[""agent.n.01"", ""floor.n.01"", ""scanner.n.02"", ""table.n.02""]","[""private_office""]","[""inroom"", ""ontop"", ""toggled_on"", ""under""]",python /home/anuriha/BEHAVIOR-1K/OmniGibson/omnigibson/learning/eval.py log_path=./logs/installing_a_scanner_eval policy=websocket task.name=installing_a_scanner task.activity_definition_id=0 eval_instance_ids='[0]' model.host=localhost
installing_a_trailer_hitch,0,[0],installing_a_trailer_hitch-0,omnigibson,/home/anuriha/BEHAVIOR-1K/bddl3/bddl/activity_definitions/installing_a_trailer_hitch/problem0.bddl,R1Pro,--robot-type,4,"[""agent.n.01"", ""floor.n.01"", ""hitch.n.04"", ""pickup.n.01""]","[""garage""]","[""attached"", ""inroom"", ""ontop""]",python /home/anuriha/BEHAVIOR-1K/OmniGibson/omnigibson/learning/eval.py log_path=./logs/installing_a_trailer_hitch_eval policy=websocket task.name=installing_a_trailer_hitch task.activity_definition_id=0 eval_instance_ids='[0]' model.host=localhost
installing_alarms,0,[0],installing_alarms-0,omnigibson,/home/anuriha/BEHAVIOR-1K/bddl3/bddl/activity_definitions/installing_alarms/problem0.bddl,R1Pro,--robot-type,6,"[""agent.n.01"", ""alarm.n.02"", ""floor.n.01"", ""table.n.02""]","[""dining_room"", ""living_room""]","[""inroom"", ""ontop"", ""toggled_on""]",python /home/anuriha/BEHAVIOR-1K/OmniGibson/omnigibson/learning/eval.py log_path=./logs/installing_alarms_eval policy=websocket task.name=installing_alarms task.activity_definition_id=0 eval_instance_ids='[0]' model.host=localhost
installing_carpet,0,[0],installing_carpet-0,omnigibson,/home/anuriha/BEHAVIOR-1K/bddl3/bddl/activity_definitions/installing_carpet/problem0.bddl,R1Pro,--robot-type,7,"[""agent.n.01"", ""floor.n.01"", ""rug.n.01"", ""table.n.02""]","[""living_room""]","[""inroom"", ""ontop""]",python /home/anuriha/BEHAVIOR-1K/OmniGibson/omnigibson/learning/eval.py log_path=./logs/installing_carpet_eval policy=websocket task.name=installing_carpet task.activity_definition_id=0 eval_instance_ids='[0]' model.host=localhost
installing_smoke_detectors,0,[0],installing_smoke_detectors-0,omnigibson,/home/anuriha/BEHAVIOR-1K/bddl3/bddl/activity_definitions/installing_smoke_detectors/problem0.bddl,R1Pro,--robot-type,6,"[""agent.n.01"", ""fire_alarm.n.02"", ""floor.n.01"", ""wall_nail.n.01""]","[""garage"", ""kitchen""]","[""attached"", ""inroom"", ""ontop""]",python /home/anuriha/BEHAVIOR-1K/OmniGibson/omnigibson/learning/eval.py log_path=./logs/installing_smoke_detectors_eval policy=websocket task.name=installing_smoke_detectors task.activity_definition_id=0 eval_instance_ids='[0]' model.host=localhost
iron_a_tie,0,[0],iron_a_tie-0,omnigibson,/home/anuriha/BEHAVIOR-1K/bddl3/bddl/activity_definitions/iron_a_tie/problem0.bddl,R1Pro,--robot-type,6,"[""agent.n.01"", ""floor.n.01"", ""iron.n.04"", ""ironing_board.n.01"", ""necktie.n.01"", ""wrinkle.n.01""]","[""utility_room""]","[""covered"", ""inroom"", ""ontop""]",python /home/anuriha/BEHAVIOR-1K/OmniGibson/omnigibson/learning/eval.py log_path=./logs/iron_a_tie_eval policy=websocket task.name=iron_a_tie task.activity_definition_id=0 eval_instance_ids='[0]' model.host=localhost
iron_curtains,0,[0],iron_curtains-0,omnigibson,/home/anuriha/BEHAVIOR-1K/bddl3/bddl/activity_definitions/iron_curtains/problem0.bddl,R1Pro,--robot-type,6,"[""agent.n.01"", ""curtain.n.01"", ""floor.n.01"", ""iron.n.04"", ""ironing_board.n.01"", ""wrinkle.n.01""]","[""utility_room""]","[""covered"", ""inroom"", ""ontop""]",python /home/anuriha/BEHAVIOR-1K/OmniGibson/omnigibson/learning/eval.py log_path=./logs/iron_curtains_eval policy=websocket task.name=iron_curtains task.activity_definition_id=0 eval_instance_ids='[0]' model.host=localhost
ironing_bedsheets,0,[0],ironing_bedsheets-0,omnigibson,/home/anuriha/BEHAVIOR-1K/bddl3/bddl/activity_definitions/ironing_bedsheets/problem0.bddl,R1Pro,--robot-type,6,"[""agent.n.01"", ""floor.n.01"", ""iron.n.04"", ""ironing_board.n.01"", ""sheet.n.03"", ""wrinkle.n.01""]","[""bedroom""]","[""covered"", ""folded"", ""inroom"", ""ontop""]",python /home/anuriha/BEHAVIOR-1K/OmniGibson/omnigibson/learning/eval.py log_path=./logs/ironing_bedsheets_eval policy=websocket task.name=ironing_bedsheets task.activity_definition_id=0 eval_instance_ids='[0]' model.host=localhost
ironing_clothes,0,[0],ironing_clothes-0,omnigibson,/home/anuriha/BEHAVIOR-1K/bddl3/bddl/activity_definitions/ironing_clothes/problem0.bddl,R1Pro,--robot-type,9,"[""agent.n.01"", ""bed.n.01"", ""blouse.n.01"", ""dress.n.01"", ""floor.n.01"", ""iron.n.04"", ""ironing_board.n.01"", ""jersey.n.03"", ""wrinkle.n.01""]","[""bedroom""]","[""covered"", ""folded"", ""inroom"", ""ontop""]",python /home/anuriha/BEHAVIOR-1K/OmniGibson/omnigibson/learning/eval.py log_path=./logs/ironing_clothes_eval policy=websocket task.name=ironing_clothes task.activity_definition_id=0 eval_instance_ids='[0]' model.host=localhost
ironing_curtains,0,[0],ironing_curtains-0,omnigibson,/home/anuriha/BEHAVIOR-1K/bddl3/bddl/activity_definitions/ironing_curtains/problem0.bddl,R1Pro,--robot-type,6,"[""agent.n.01"", ""curtain.n.01"", ""floor.n.01"", ""iron.n.04"", ""ironing_board.n.01"", ""wrinkle.n.01""]","[""empty_room""]","[""covered"", ""inroom"", ""ontop"", ""overlaid""]",python /home/anuriha/BEHAVIOR-1K/OmniGibson/omnigibson/learning/eval.py log_path=./logs/ironing_curtains_eval policy=websocket task.name=ironing_curtains task.activity_definition_id=0 eval_instance_ids='[0]' model.host=localhost
knock_over_chair,0,[0],knock_over_chair-0,omnigibson,/home/anuriha/BEHAVIOR-1K/bddl3/bddl/activity_definitions/knock_over_chair/problem0.bddl,R1Pro,--robot-type,3,"[""agent.n.01"", ""chair.n.01"", ""floor.n.01""]","[""living_room""]","[""inroom"", ""ontop""]",python /home/anuriha/BEHAVIOR-1K/OmniGibson/omnigibson/learning/eval.py log_path=./logs/knock_over_chair_eval policy=websocket task.name=knock_over_chair task.activity_definition_id=0 eval_instance_ids='[0]' model.host=localhost
lay_sod,0,[0],lay_sod-0,omnigibson,/home/anuriha/BEHAVIOR-1K/bddl3/bddl/activity_definitions/lay_sod/problem0.bddl,R1Pro,--robot-type,5,"[""agent.n.01"", ""bunchgrass.n.01"", ""carton.n.02"", ""floor.n.01"", ""lawn.n.01""]","[""garden""]","[""covered"", ""filled"", ""inroom"", ""ontop""]",python /home/anuriha/BEHAVIOR-1K/OmniGibson/omnigibson/learning/eval.py log_path=./logs/lay_sod_eval policy=websocket task.name=lay_sod task.activity_definition_id=0 eval_instance_ids='[0]' model.host=localhost
laying_clothes_out,0,[0],laying_clothes_out-0,omnigibson,/home/anuriha/BEHAVIOR-1K/bddl3/bddl/activity_definitions/laying_clothes_out/problem0.bddl,R1Pro,--robot-type,8,"[""agent.n.01"", ""bed.n.01"", ""floor.n.01"", ""sandal.n.01"", ""shirt.n.01"", ""trouser.n.01"", ""wardrobe.n.01""]","[""bedroom"", ""closet""]","[""inroom"", ""inside"", ""ontop"", ""unfolded""]",python /home/anuriha/BEHAVIOR-1K/OmniGibson/omnigibson/learning/eval.py log_path=./logs/laying_clothes_out_eval policy=websocket task.name=laying_clothes_out task.activity_definition_id=0 eval_instance_ids='[0]' model.host=localhost
laying_out_a_feast,0,[0],laying_out_a_feast-0,omnigibson,/home/anuriha/BEHAVIOR-1K/bddl3/bddl/activity_definitions/laying_out_a_feast/problem0.bddl,R1Pro,--robot-type,18,"[""agent.n.01"", ""bowl.n.01"", ""breakfast_table.n.01"", ""cabinet.n.01"", ""electric_refrigerator.n.01"", ""floor.n.01"", ""lamb.n.05"", ""lettuce.n.03"", ""oven.n.01"", ""platter.n.01"", ""potato.n.01"", ""tiramisu.n.01"", ""tupperware.n.01""]","[""dining_room"", ""kitchen""]","[""cooked"", ""hot"", ""inroom"", ""inside"", ""ontop""]",python /home/anuriha/BEHAVIOR-1K/OmniGibson/omnigibson/learning/eval.py log_path=./logs/laying_out_a_feast_eval policy=websocket task.name=laying_out_a_feast task.activity_definition_id=0 eval_instance_ids='[0]' model.host=localhost
laying_out_snacks_at_work,0,[0],laying_out_snacks_at_work-0,omnigibson,/home/anuriha/BEHAVIOR-1K/bddl3/bddl/activity_definitions/laying_out_snacks_at_work/problem0.bddl,R1Pro,--robot-type,8,"[""agent.n.01"", ""bowl.n.01"", ""cabinet.n.01"", ""chip.n.04"", ""conference_table.n.01"", ""floor.n.01"", ""tortilla.n.01""]","[""meeting_room""]","[""inroom"", ""inside"", ""ontop""]",python /home/anuriha/BEHAVIOR-1K/OmniGibson/omnigibson/learning/eval.py log_path=./logs/laying_out_snacks_at_work_eval policy=websocket task.name=laying_out_snacks_at_work task.activity_definition_id=0 eval_instance_ids='[0]' model.host=localhost
laying_paving_stones,0,[0],laying_paving_stones-0,omnigibson,/home/anuriha/BEHAVIOR-1K/bddl3/bddl/activity_definitions/laying_paving_stones/problem0.bddl,R1Pro,--robot-type,7,"[""agent.n.01"", ""floor.n.01"", ""paving_stone.n.01"", ""sealant.n.01"", ""sealant__atomizer.n.01""]","[""garden""]","[""covered"", ""inroom"", ""insource"", ""ontop""]",python /home/anuriha/BEHAVIOR-1K/OmniGibson/omnigibson/learning/eval.py log_path=./logs/laying_paving_stones_eval policy=websocket task.name=laying_paving_stones task.activity_definition_id=0 eval_instance_ids='[0]' model.host=localhost
laying_restaurant_table_for_dinner,0,[0],laying_restaurant_table_for_dinner-0,omnigibson,/home/anuriha/BEHAVIOR-1K/bddl3/bddl/activity_definitions/laying_restaurant_table_for_dinner/problem0.bddl,R1Pro,--robot-type,37,"[""agent.n.01"", ""cabinet.n.01"", ""chair.n.01"", ""dinner_napkin.n.01"", ""floor.n.01"", ""plate.n.04"", ""table.n.02"", ""table_knife.n.01"", ""tablefork.n.01"", ""tablespoon.n.02"", ""water_glass.n.02"", ""wineglass.n.01""]","[""dining_room"", ""kitchen""]","[""folded"", ""inroom"", ""inside"", ""nextto"", ""ontop""]",python /home/anuriha/BEHAVIOR-1K/OmniGibson/omnigibson/learning/eval.py log_path=./logs/laying_restaurant_table_for_dinner_eval policy=websocket task.name=laying_restaurant_table_for_dinner task.activity_definition_id=0 eval_instance_ids='[0]' model.host=localhost
laying_tile_floors,0,[0],laying_tile_floors-0,omnigibson,/home/anuriha/BEHAVIOR-1K/bddl3/bddl/activity_definitions/laying_tile_floors/problem0.bddl,R1Pro,--robot-type,7,"[""agent.n.01"", ""floor.n.01"", ""tile.n.01""]","[""bathroom"", ""corridor""]","[""inroom"", ""ontop""]",python /home/anuriha/BEHAVIOR-1K/OmniGibson/omnigibson/learning/eval.py log_path=./logs/laying_tile_floors_eval policy=websocket task.name=laying_tile_floors task.activity_definition_id=0 eval_instance_ids='[0]' model.host=localhost
laying_wood_floors,0,[0],laying_wood_floors-0,omnigibson,/home/anuriha/BEHAVIOR-1K/bddl3/bddl/activity_definitions/laying_wood_floors/problem0.bddl,R1Pro,--robot-type,9,"[""agent.n.01"", ""floor.n.01"", ""hammer.n.02"", ""plywood.n.01"", ""saw.n.02""]","[""kitchen"", ""living_room""]","[""inroom"", ""nextto"", ""ontop""]",python /home/anuriha/BEHAVIOR-1K/OmniGibson/omnigibson/learning/eval.py log_path=./logs/laying_wood_floors_eval policy=websocket task.name=laying_wood_floors task.activity_definition_id=0 eval_instance_ids='[0]' model.host=localhost
lighting_fireplace,0,[0],lighting_fireplace-0,omnigibson,/home/anuriha/BEHAVIOR-1K/bddl3/bddl/activity_definitions/lighting_fireplace/problem0.bddl,R1Pro,--robot-type,5,"[""agent.n.01"", ""cigar_lighter.n.01"", ""firewood.n.01"", ""floor.n.01"", ""wood_fireplace.n.01""]","[""living_room""]","[""inroom"", ""ontop""]",python /home/anuriha/BEHAVIOR-1K/OmniGibson/omnigibson/learning/eval.py log_path=./logs/lighting_fireplace_eval policy=websocket task.name=lighting_fireplace task.activity_definition_id=0 eval_instance_ids='[0]' model.host=localhost
line_kitchen_shelves,0,[0],line_kitchen_shelves-0,omnigibson,/home/anuriha/BEHAVIOR-1K/bddl3/bddl/activity_definitions/line_kitchen_shelves/problem0.bddl,R1Pro,--robot-type,6,"[""agent.n.01"", ""cabinet.n.01"", ""floor.n.01"", ""lining.n.01""]","[""kitchen""]","[""inroom"", ""inside"", ""ontop""]",python /home/anuriha/BEHAVIOR-1K/OmniGibson/omnigibson/learning/eval.py log_path=./logs/line_kitchen_shelves_eval policy=websocket task.name=line_kitchen_shelves task.activity_definition_id=0 eval_instance_ids='[0]' model.host=localhost
loading_shopping_into_car,0,[0],loading_shopping_into_car-0,omnigibson,/home/anuriha/BEHAVIOR-1K/bddl3/bddl/activity_definitions/loading_shopping_into_car/problem0.bddl,R1Pro,--robot-type,12,"[""agent.n.01"", ""bag__of__jerky.n.01"", ""car.n.01"", ""driveway.n.01"", ""egg.n.02"", ""floor.n.01"", ""pineapple.n.02"", ""sack.n.01"", ""wine_bottle.n.01""]","[""garden""]","[""inroom"", ""inside"", ""ontop""]",python /home/anuriha/BEHAVIOR-1K/OmniGibson/omnigibson/learning/eval.py log_path=./logs/loading_shopping_into_car_eval policy=websocket task.name=loading_shopping_into_car task.activity_definition_id=0 eval_instance_ids='[0]' model.host=localhost
loading_the_car,0,[0],loading_the_car-0,omnigibson,/home/anuriha/BEHAVIOR-1K/bddl3/bddl/activity_definitions/loading_the_car/problem0.bddl,R1Pro,--robot-type,8,"[""agent.n.01"", ""car.n.01"", ""container.n.01"", ""digital_camera.n.01"", ""floor.n.01"", ""table.n.02"", ""tennis_racket.n.01""]","[""garage"", ""living_room""]","[""inroom"", ""inside"", ""ontop"", ""open""]",python /home/anuriha/BEHAVIOR-1K/OmniGibson/omnigibson/learning/eval.py log_path=./logs/loading_the_car_eval policy=websocket task.name=loading_the_car task.activity_definition_id=0 eval_instance_ids='[0]' model.host=localhost
loading_the_dishwasher,0,[0],loading_the_dishwasher-0,omnigibson,/home/anuriha/BEHAVIOR-1K/bddl3/bddl/activity_definitions/loading_the_dishwasher/problem0.bddl,R1Pro,--robot-type,9,"[""agent.n.01"", ""bowl.n.01"", ""countertop.n.01"", ""dishwasher.n.01"", ""floor.n.01"", ""mug.n.04"", ""plate.n.04"", ""stain.n.01""]","[""kitchen""]","[""covered"", ""inroom"", ""inside"", ""ontop""]",python /home/anuriha/BEHAVIOR-1K/OmniGibson/omnigibson/learning/eval.py log_path=./logs/loading_the_dishwasher_eval policy=websocket task.name=loading_the_dishwasher task.activity_definition_id=0 eval_instance_ids='[0]' model.host=localhost
lube_a_bicycle_chain,0,[0],lube_a_bicycle_chain-0,omnigibson,/home/anuriha/BEHAVIOR-1K/bddl3/bddl/activity_definitions/lube_a_bicycle_chain/problem0.bddl,R1Pro,--robot-type,7,"[""agent.n.01"", ""bicycle_chain.n.01"", ""dust.n.01"", ""floor.n.01"", ""lubricant.n.01"", ""lubricant__bottle.n.01"", ""sponge.n.01""]","[""utility_room""]","[""covered"", ""filled"", ""inroom"", ""ontop""]",python /home/anuriha/BEHAVIOR-1K/OmniGibson/omnigibson/learning/eval.py log_path=./logs/lube_a_bicycle_chain_eval policy=websocket task.name=lube_a_bicycle_chain task.activity_definition_id=0 eval_instance_ids='[0]' model.host=localhost
mailing_letters,0,[0],mailing_letters-0,omnigibson,/home/anuriha/BEHAVIOR-1K/bddl3/bddl/activity_definitions/mailing_letters/problem0.bddl,R1Pro,--robot-type,8,"[""agent.n.01"", ""envelope.n.01"", ""floor.n.01"", ""mailbox.n.01"", ""sofa.n.01""]","[""garden"", ""living_room""]","[""inroom"", ""inside"", ""ontop""]",python /home/anuriha/BEHAVIOR-1K/OmniGibson/omnigibson/learning/eval.py log_path=./logs/mailing_letters_eval policy=websocket task.name=mailing_letters task.activity_definition_id=0 eval_instance_ids='[0]' model.host=localhost
make_a_bake_sale_stand_stall,0,[0],make_a_bake_sale_stand_stall-0,omnigibson,/home/anuriha/BEHAVIOR-1K/bddl3/bddl/activity_definitions/make_a_bake_sale_stand_stall/problem0.bddl,R1Pro,--robot-type,24,"[""agent.n.01"", ""booth.n.01"", ""brownie.n.03"", ""carton.n.02"", ""cookie_sheet.n.01"", ""cupcake.n.01"", ""floor.n.01"", ""lemonade.n.01"", ""mason_jar.n.01"", ""muffin.n.01"", ""pitcher.n.02"", ""plastic_wrap.n.01"", ""plate.n.04"", ""tupperware.n.01""]","[""empty_room""]","[""filled"", ""inroom"", ""inside"", ""ontop"", ""overlaid""]",python /home/anuriha/BEHAVIOR-1K/OmniGibson/omnigibson/learning/eval.py log_path=./logs/make_a_bake_sale_stand_stall_eval policy=websocket task.name=make_a_bake_sale_stand_stall task.activity_definition_id=0 eval_instance_ids='[0]' model.host=localhost
make_a_basic_brine,0,[0],make_a_basic_brine-0,omnigibson,/home/anuriha/BEHAVIOR-1K/bddl3/bddl/activity_definitions/make_a_basic_brine/problem0.bddl,R1Pro,--robot-type,10,"[""agent.n.01"", ""countertop.n.01"", ""floor.n.01"", ""salt.n.02"", ""salt__shaker.n.01"", ""seawater.n.01"", ""sink.n.01"", ""stockpot.n.01"", ""stove.n.01"", ""water.n.06""]","[""kitchen""]","[""contains"", ""future"", ""inroom"", ""insource"", ""ontop"", ""real""]",python /home/anuriha/BEHAVIOR-1K/OmniGibson/omnigibson/learning/eval.py log_path=./logs/make_a_basic_brine_eval policy=websocket task.name=make_a_basic_brine task.activity_definition_id=0 eval_instance_ids='[0]' model.host=localhost
make_a_blended_iced_cappuccino,0,[0],make_a_blended_iced_cappuccino-0,omnigibson,/home/anuriha/BEHAVIOR-1K/bddl3/bddl/activity_definitions/make_a_blended_iced_cappuccino/problem0.bddl,R1Pro,--robot-type,22,"[""agent.n.01"", ""blender.n.01"", ""bowl.n.01"", ""cabinet.n.01"", ""cane_sugar.n.02"", ""chocolate_milk.n.01"", ""coffee_maker.n.01"", ""countertop.n.01"", ""cup.n.01"", ""electric_refrigerator.n.01"", ""floor.n.01"", ""ice_cube.n.01"", ""iced_cappuccino.n.01"", ""instant_coffee.n.01"", ""instant_coffee__jar.n.01"", ""milk__carton.n.01"", ""sink.n.01"", ""sugar__sack.n.01"", ""tablespoon.n.02"", ""water.n.06""]","[""kitchen""]","[""contains"", ""filled"", ""future"", ""inroom"", ""inside"", ""insource"", ""ontop"", ""real""]",python /home/anuriha/BEHAVIOR-1K/OmniGibson/omnigibson/learning/eval.py log_path=./logs/make_a_blended_iced_cappuccino_eval policy=websocket task.name=make_a_blended_iced_cappuccino task.activity_definition_id=0 eval_instance_ids='[0]' model.host=localhost
make_a_candy_centerpiece,0,[0],make_a_candy_centerpiece-0,omnigibson,/home/anuriha/BEHAVIOR-1K/bddl3/bddl/activity_definitions/make_a_candy_centerpiece/problem0.bddl,R1Pro,--robot-type,10,"[""agent.n.01"", ""cabinet.n.01"", ""candy_cane.n.01"", ""floor.n.01"", ""lollipop.n.02"", ""ribbon.n.01"", ""vase.n.01""]","[""kitchen""]","[""inroom"", ""inside"", ""ontop"", ""overlaid""]",python /home/anuriha/BEHAVIOR-1K/OmniGibson/omnigibson/learning/eval.py log_path=./logs/make_a_candy_centerpiece_eval policy=websocket task.name=make_a_candy_centerpiece task.activity_definition_id=0 eval_instance_ids='[0]' model.host=localhost
make_a_cappuccino,0,[0],make_a_cappuccino-0,omnigibson,/home/anuriha/BEHAVIOR-1K/bddl3/bddl/activity_definitions/make_a_cappuccino/problem0.bddl,R1Pro,--robot-type,21,"[""agent.n.01"", ""cane_sugar.n.02"", ""cappuccino.n.01"", ""carafe.n.01"", ""carboy.n.01"", ""coffee_maker.n.01"", ""countertop.n.01"", ""electric_refrigerator.n.01"", ""floor.n.01"", ""foam.n.01"", ""instant_coffee.n.01"", ""instant_coffee__jar.n.01"", ""mason_jar.n.01"", ""sink.n.01"", ""stirrer.n.02"", ""tablespoon.n.02"", ""teacup.n.02"", ""water.n.06"", ""whole_milk.n.01""]","[""kitchen""]","[""contains"", ""filled"", ""future"", ""inroom"", ""inside"", ""insource"", ""ontop"", ""real""]",python /home/anuriha/BEHAVIOR-1K/OmniGibson/omnigibson/learning/eval.py log_path=./logs/make_a_cappuccino_eval policy=websocket task.name=make_a_cappuccino task.activity_definition_id=0 eval_instance_ids='[0]' model.host=localhost
make_a_car_emergency_kit,0,[0],make_a_car_emergency_kit-0,omnigibson,/home/anuriha/BEHAVIOR-1K/bddl3/bddl/activity_definitions/make_a_car_emergency_kit/problem0.bddl,R1Pro,--robot-type,8,"[""agent.n.01"", ""backpack.n.01"", ""coffee_table.n.01"", ""floor.n.01"", ""inhaler.n.01"", ""insectifuge__atomizer.n.01"", ""shears.n.01"", ""water_bottle.n.01""]","[""living_room""]","[""inroom"", ""ontop""]",python /home/anuriha/BEHAVIOR-1K/OmniGibson/omnigibson/learning/eval.py log_path=./logs/make_a_car_emergency_kit_eval policy=websocket task.name=make_a_car_emergency_kit task.activity_definition_id=0 eval_instance_ids='[0]' model.host=localhost
make_a_cheese_pastry,0,[0],make_a_cheese_pastry-0,omnigibson,/home/anuriha/BEHAVIOR-1K/bddl3/bddl/activity_definitions/make_a_cheese_pastry/problem0.bddl,R1Pro,--robot-type,34,"[""agent.n.01"", ""bowl.n.01"", ""butter.n.01"", ""butter__package.n.01"", ""cabinet.n.01"", ""cane_sugar.n.02"", ""cheese_tart.n.01"", ""cookie_sheet.n.01"", ""countertop.n.01"", ""cream_cheese.n.01"", ""electric_mixer.n.01"", ""electric_refrigerator.n.01"", ""floor.n.01"", ""flour.n.01"", ""flour__sack.n.01"", ""food_processor.n.01"", ""lemon_juice.n.01"", ""lemon_juice__bottle.n.01"", ""oven.n.01"", ""raw_egg.n.01"", ""salt.n.02"", ""salt__shaker.n.01"", ""sink.n.01"", ""sugar__sack.n.01"", ""tupperware.n.01"", ""vanilla.n.02"", ""vanilla__bottle.n.01"", ""water.n.06""]","[""kitchen""]","[""cooked"", ""filled"", ""future"", ""inroom"", ""inside"", ""insource"", ""ontop"", ""real""]",python /home/anuriha/BEHAVIOR-1K/OmniGibson/omnigibson/learning/eval.py log_path=./logs/make_a_cheese_pastry_eval policy=websocket task.name=make_a_cheese_pastry task.activity_definition_id=0 eval_instance_ids='[0]' model.host=localhost
make_a_chia_breakfast_bowl,0,[0],make_a_chia_breakfast_bowl-0,omnigibson,/home/anuriha/BEHAVIOR-1K/bddl3/bddl/activity_definitions/make_a_chia_breakfast_bowl/problem0.bddl,R1Pro,--robot-type,17,"[""agent.n.01"", ""blackberry.n.01"", ""blueberry.n.02"", ""bowl.n.01"", ""breakfast_table.n.01"", ""chia_seed.n.01"", ""chia_seed__bag.n.01"", ""floor.n.01"", ""granola.n.01"", ""granola__box.n.01"", ""plate.n.04"", ""raspberry.n.02"", ""yogurt.n.01"", ""yogurt__carton.n.01""]","[""kitchen""]","[""contains"", ""filled"", ""inroom"", ""inside"", ""ontop""]",python /home/anuriha/BEHAVIOR-1K/OmniGibson/omnigibson/learning/eval.py log_path=./logs/make_a_chia_breakfast_bowl_eval policy=websocket task.name=make_a_chia_breakfast_bowl task.activity_definition_id=0 eval_instance_ids='[0]' model.host=localhost
make_a_christmas_gift_box,0,[0],make_a_christmas_gift_box-0,omnigibson,/home/anuriha/BEHAVIOR-1K/bddl3/bddl/activity_definitions/make_a_christmas_gift_box/problem0.bddl,R1Pro,--robot-type,6,"[""agent.n.01"", ""bell.n.01"", ""console_table.n.01"", ""floor.n.01"", ""packing_box.n.02"", ""wrapping_paper.n.01""]","[""living_room""]","[""inroom"", ""inside"", ""ontop"", ""overlaid""]",python /home/anuriha/BEHAVIOR-1K/OmniGibson/omnigibson/learning/eval.py log_path=./logs/make_a_christmas_gift_box_eval policy=websocket task.name=make_a_christmas_gift_box task.activity_definition_id=0 eval_instance_ids='[0]' model.host=localhost
make_a_clothes_line,0,[0],make_a_clothes_line-0,omnigibson,/home/anuriha/BEHAVIOR-1K/bddl3/bddl/activity_definitions/make_a_clothes_line/problem0.bddl,R1Pro,--robot-type,5,"[""agent.n.01"", ""clothesline_pole.n.01"", ""clothesline_rope.n.01"", ""floor.n.01""]","[""garden"", ""utility_room""]","[""attached"", ""inroom"", ""ontop""]",python /home/anuriha/BEHAVIOR-1K/OmniGibson/omnigibson/learning/eval.py log_path=./logs/make_a_clothes_line_eval policy=websocket task.name=make_a_clothes_line task.activity_definition_id=0 eval_instance_ids='[0]' model.host=localhost
make_a_frappe,0,[0],make_a_frappe-0,omnigibson,/home/anuriha/BEHAVIOR-1K/bddl3/bddl/activity_definitions/make_a_frappe/problem0.bddl,R1Pro,--robot-type,22,"[""agent.n.01"", ""blender.n.01"", ""bowl.n.01"", ""cane_sugar.n.02"", ""countertop.n.01"", ""cup.n.01"", ""electric_refrigerator.n.01"", ""floor.n.01"", ""ice_cream__carton.n.01"", ""ice_cube.n.01"", ""instant_coffee.n.01"", ""instant_coffee__jar.n.01"", ""milkshake.n.01"", ""scoop_of_ice_cream.n.01"", ""sink.n.01"", ""sugar__sack.n.01"", ""tablespoon.n.02"", ""water.n.06""]","[""kitchen""]","[""contains"", ""filled"", ""future"", ""inroom"", ""inside"", ""insource"", ""ontop"", ""real""]",python /home/anuriha/BEHAVIOR-1K/OmniGibson/omnigibson/learning/eval.py log_path=./logs/make_a_frappe_eval policy=websocket task.name=make_a_frappe task.activity_definition_id=0 eval_instance_ids='[0]' model.host=localhost
make_a_lunch_box,0,[0],make_a_lunch_box-0,omnigibson,/home/anuriha/BEHAVIOR-1K/bddl3/bddl/activity_definitions/make_a_lunch_box/problem0.bddl,R1Pro,--robot-type,7,"[""agent.n.01"", ""bottle__of__apple_juice.n.01"", ""club_sandwich.n.01"", ""countertop.n.01"", ""floor.n.01"", ""plastic_wrap.n.01"", ""sack.n.01""]","[""kitchen""]","[""inroom"", ""ontop"", ""overlaid""]",python /home/anuriha/BEHAVIOR-1K/OmniGibson/omnigibson/learning/eval.py log_path=./logs/make_a_lunch_box_eval policy=websocket task.name=make_a_lunch_box task.activity_definition_id=0 eval_instance_ids='[0]' model.host=localhost
make_a_military_care_package,0,[0],make_a_military_care_package-0,omnigibson,/home/anuriha/BEHAVIOR-1K/bddl3/bddl/activity_definitions/make_a_military_care_package/problem0.bddl,R1Pro,--robot-type,13,"[""agent.n.01"", ""bottle__of__liquid_soap.n.01"", ""bottle__of__lotion.n.01"", ""bottle__of__medicine.n.01"", ""bottle__of__shampoo.n.01"", ""bottle__of__vodka.n.01"", ""box__of__chocolates.n.01"", ""carton.n.02"", ""coffee_table.n.01"", ""flashlight.n.01"", ""floor.n.01"", ""sugar_cookie.n.01"", ""toothbrush.n.01""]","[""living_room""]","[""inroom"", ""inside"", ""ontop""]",python /home/anuriha/BEHAVIOR-1K/OmniGibson/omnigibson/learning/eval.py log_path=./logs/make_a_military_care_package_eval policy=websocket task.name=make_a_military_care_package task.activity_definition_id=0 eval_instance_ids='[0]' model.host=localhost
make_a_milkshake,0,[0],make_a_milkshake-0,omnigibson,/home/anuriha/BEHAVIOR-1K/bddl3/bddl/activity_definitions/make_a_milkshake/problem0.bddl,R1Pro,--robot-type,14,"[""agent.n.01"", ""blender.n.01"", ""chocolate_sauce.n.01"", ""chocolate_sauce__bottle.n.01"", ""countertop.n.01"", ""cup.n.01"", ""electric_refrigerator.n.01"", ""floor.n.01"", ""ice_cream__carton.n.01"", ""milk__carton.n.01"", ""milkshake.n.01"", ""scoop_of_ice_cream.n.01"", ""tablespoon.n.02"", ""whole_milk.n.01""]","[""kitchen""]","[""contains"", ""filled"", ""future"", ""inroom"", ""inside"", ""insource"", ""ontop"", ""real""]",python /home/anuriha/BEHAVIOR-1K/OmniGibson/omnigibson/learning/eval.py log_path=./logs/make_a_milkshake_eval policy=websocket task.name=make_a_milkshake task.activity_definition_id=0 eval_instance_ids='[0]' model.host=localhost
make_a_mojito,0,[0],make_a_mojito-0,omnigibson,/home/anuriha/BEHAVIOR-1K/bddl3/bddl/activity_definitions/make_a_mojito/problem0.bddl,R1Pro,--robot-type,18,"[""agent.n.01"", ""carving_knife.n.01"", ""countertop.n.01"", ""electric_refrigerator.n.01"", ""floor.n.01"", ""goblet.n.01"", ""granulated_sugar.n.01"", ""granulated_sugar__sack.n.01"", ""half__lime.n.01"", ""ice_cube.n.01"", ""lime.n.06"", ""mint.n.04"", ""rum.n.01"", ""rum__bottle.n.01"", ""soda_water.n.03"", ""soda_water__bottle.n.01""]","[""kitchen""]","[""contains"", ""filled"", ""future"", ""inroom"", ""inside"", ""ontop"", ""real""]",python /home/anuriha/BEHAVIOR-1K/OmniGibson/omnigibson/learning/eval.py log_path=./logs/make_a_mojito_eval policy=websocket task.name=make_a_mojito task.activity_definition_id=0 eval_instance_ids='[0]' model.host=localhost
make_a_red_meat_sauce,0,[0],make_a_red_meat_sauce-0,omnigibson,/home/anuriha/BEHAVIOR-1K/bddl3/bddl/activity_definitions/make_a_red_meat_sauce/problem0.bddl,R1Pro,--robot-type,24,"[""agent.n.01"", ""basil.n.03"", ""basil__jar.n.01"", ""chopping_board.n.01"", ""clove.n.03"", ""cooked__red_meat_sauce.n.01"", ""countertop.n.01"", ""electric_refrigerator.n.01"", ""floor.n.01"", ""ground_beef.n.01"", ""ground_beef__package.n.01"", ""olive_oil.n.01"", ""olive_oil__bottle.n.01"", ""rosemary.n.02"", ""rosemary__shaker.n.01"", ""saucepan.n.01"", ""stove.n.01"", ""tomato_sauce.n.01"", ""tomato_sauce__jar.n.01""]","[""kitchen""]","[""contains"", ""filled"", ""future"", ""inroom"", ""inside"", ""insource"", ""ontop"", ""real""]",python /home/anuriha/BEHAVIOR-1K/OmniGibson/omnigibson/learning/eval.py log_path=./logs/make_a_red_meat_sauce_eval policy=websocket task.name=make_a_red_meat_sauce task.activity_definition_id=0 eval_instance_ids='[0]' model.host=localhost
make_a_salad,0,[0],make_a_salad-0,omnigibson,/home/anuriha/BEHAVIOR-1K/bddl3/bddl/activity_definitions/make_a_salad/problem0.bddl,R1Pro,--robot-type,23,"[""agent.n.01"", ""avocado.n.01"", ""bowl.n.01"", ""carving_knife.n.01"", ""chickpea.n.03"", ""chickpea__can.n.01"", ""chopping_board.n.01"", ""countertop.n.01"", ""crouton.n.01"", ""cucumber.n.02"", ""diced__avocado.n.01"", ""diced__cucumber.n.01"", ""diced__lettuce.n.01"", ""diced__spinach.n.01"", ""electric_refrigerator.n.01"", ""floor.n.01"", ""lettuce.n.03"", ""salt.n.02"", ""salt__shaker.n.01"", ""spinach.n.02"", ""tupperware.n.01"", ""vinegar.n.01"", ""vinegar__bottle.n.01""]","[""kitchen""]","[""contains"", ""filled"", ""future"", ""inroom"", ""inside"", ""insource"", ""ontop"", ""real""]",python /home/anuriha/BEHAVIOR-1K/OmniGibson/omnigibson/learning/eval.py log_path=./logs/make_a_salad_eval policy=websocket task.name=make_a_salad task.activity_definition_id=0 eval_instance_ids='[0]' model.host=localhost
make_a_sandwich,0,[0],make_a_sandwich-0,omnigibson,/home/anuriha/BEHAVIOR-1K/bddl3/bddl/activity_definitions/make_a_sandwich/problem0.bddl,R1Pro,--robot-type,14,"[""agent.n.01"", ""bread_slice.n.01"", ""cabinet.n.01"", ""countertop.n.01"", ""electric_refrigerator.n.01"", ""floor.n.01"", ""jelly.n.02"", ""jelly__jar.n.01"", ""peanut_butter.n.01"", ""peanut_butter__jar.n.01"", ""plate.n.04"", ""sack.n.01"", ""table_knife.n.01""]","[""kitchen""]","[""covered"", ""filled"", ""inroom"", ""inside"", ""ontop""]",python /home/anuriha/BEHAVIOR-1K/OmniGibson/omnigibson/learning/eval.py log_path=./logs/make_a_sandwich_eval policy=websocket task.name=make_a_sandwich task.activity_definition_id=0 eval_instance_ids='[0]' model.host=localhost
make_a_small_vegetable_garden,0,[0],make_a_small_vegetable_garden-0,omnigibson,/home/anuriha/BEHAVIOR-1K/bddl3/bddl/activity_definitions/make_a_small_vegetable_garden/problem0.bddl,R1Pro,--robot-type,15,"[""agent.n.01"", ""coffee_table.n.01"", ""fertilizer.n.01"", ""fertilizer__atomizer.n.01"", ""floor.n.01"", ""pot.n.04"", ""pottable__beefsteak_tomato.n.01"", ""pottable__chili.n.01"", ""pumpkin_seed.n.01"", ""pumpkin_seed__bag.n.01"", ""soil.n.02"", ""soil__bag.n.01""]","[""garden""]","[""contains"", ""filled"", ""inroom"", ""inside"", ""insource"", ""ontop""]",python /home/anuriha/BEHAVIOR-1K/OmniGibson/omnigibson/learning/eval.py log_path=./logs/make_a_small_vegetable_garden_eval policy=websocket task.name=make_a_small_vegetable_garden task.activity_definition_id=0 eval_instance_ids='[0]' model.host=localhost
make_a_steak,0,[0],make_a_steak-0,omnigibson,/home/anuriha/BEHAVIOR-1K/bddl3/bddl/activity_definitions/make_a_steak/problem0.bddl,R1Pro,--robot-type,18,"[""agent.n.01"", ""black_pepper.n.02"", ""chopping_board.n.01"", ""clove.n.03"", ""countertop.n.01"", ""floor.n.01"", ""frying_pan.n.01"", ""olive_oil.n.01"", ""olive_oil__bottle.n.01"", ""pepper_mill.n.01"", ""salt.n.02"", ""salt__shaker.n.01"", ""steak.n.01"", ""stove.n.01""]","[""kitchen""]","[""cooked"", ""covered"", ""filled"", ""inroom"", ""insource"", ""ontop""]",python /home/anuriha/BEHAVIOR-1K/OmniGibson/omnigibson/learning/eval.py log_path=./logs/make_a_steak_eval policy=websocket task.name=make_a_steak task.activity_definition_id=0 eval_instance_ids='[0]' model.host=localhost
make_a_strawberry_slushie,0,[0],make_a_strawberry_slushie-0,omnigibson,/home/anuriha/BEHAVIOR-1K/bddl3/bddl/activity_definitions/make_a_strawberry_slushie/problem0.bddl,R1Pro,--robot-type,20,"[""agent.n.01"", ""blender.n.01"", ""bowl.n.01"", ""countertop.n.01"", ""cup.n.01"", ""electric_refrigerator.n.01"", ""floor.n.01"", ""ice_cube.n.01"", ""lemon_juice.n.01"", ""lemon_juice__bottle.n.01"", ""smoothie.n.02"", ""strawberry.n.01"", ""tablespoon.n.02"", ""water_glass.n.02""]","[""kitchen""]","[""contains"", ""filled"", ""future"", ""inroom"", ""inside"", ""ontop"", ""real""]",python /home/anuriha/BEHAVIOR-1K/OmniGibson/omnigibson/learning/eval.py log_path=./logs/make_a_strawberry_slushie_eval policy=websocket task.name=make_a_strawberry_slushie task.activity_definition_id=0 eval_instance_ids='[0]' model.host=localhost
make_a_sugar_and_coffee_scrub,0,[0],make_a_sugar_and_coffee_scrub-0,omnigibson,/home/anuriha/BEHAVIOR-1K/bddl3/bddl/activity_definitions/make_a_sugar_and_coffee_scrub/problem0.bddl,R1Pro,--robot-type,12,"[""agent.n.01"", ""brown_sugar.n.01"", ""brown_sugar__sack.n.01"", ""coconut_oil.n.01"", ""coconut_oil__jar.n.01"", ""countertop.n.01"", ""electric_mixer.n.01"", ""floor.n.01"", ""ground_coffee.n.01"", ""mason_jar.n.01"", ""sugar_coffee_scrub.n.01"", ""tablespoon.n.02""]","[""kitchen""]","[""contains"", ""filled"", ""future"", ""inroom"", ""ontop"", ""real""]",python /home/anuriha/BEHAVIOR-1K/OmniGibson/omnigibson/learning/eval.py log_path=./logs/make_a_sugar_and_coffee_scrub_eval policy=websocket task.name=make_a_sugar_and_coffee_scrub task.activity_definition_id=0 eval_instance_ids='[0]' model.host=localhost
make_a_tropical_breakfast,0,[0],make_a_tropical_breakfast-0,omnigibson,/home/anuriha/BEHAVIOR-1K/bddl3/bddl/activity_definitions/make_a_tropical_breakfast/problem0.bddl,R1Pro,--robot-type,20,"[""agent.n.01"", ""cabinet.n.01"", ""carving_knife.n.01"", ""chia_seed.n.01"", ""chia_seed__bag.n.01"", ""chopping_board.n.01"", ""countertop.n.01"", ""diced__kiwi.n.01"", ""diced__mango.n.01"", ""electric_mixer.n.01"", ""electric_refrigerator.n.01"", ""floor.n.01"", ""kiwi.n.03"", ""mango.n.02"", ""maple_syrup.n.01"", ""maple_syrup__jar.n.01"", ""raspberry.n.02"", ""yogurt.n.01"", ""yogurt__carton.n.01""]","[""kitchen""]","[""contains"", ""filled"", ""future"", ""inroom"", ""inside"", ""ontop"", ""real""]",python /home/anuriha/BEHAVIOR-1K/OmniGibson/omnigibson/learning/eval.py log_path=./logs/make_a_tropical_breakfast_eval policy=websocket task.name=make_a_tropical_breakfast task.activity_definition_id=0 eval_instance_ids='[0]' model.host=localhost
make_a_vinegar_cleaning_solution,0,[0],make_a_vinegar_cleaning_solution-0,omnigibson,/home/anuriha/BEHAVIOR-1K/bddl3/bddl/activity_definitions/make_a_vinegar_cleaning_solution/problem0.bddl,R1Pro,--robot-type,12,"[""agent.n.01"", ""countertop.n.01"", ""erlenmeyer_flask.n.01"", ""floor.n.01"", ""lemon_juice.n.01"", ""lemon_juice__bottle.n.01"", ""sink.n.01"", ""tablespoon.n.02"", ""vinegar.n.01"", ""vinegar__bottle.n.01"", ""vinegar_cleaning_solution.n.01"", ""water.n.06""]","[""kitchen""]","[""contains"", ""filled"", ""future"", ""inroom"", ""insource"", ""ontop"", ""real""]",python /home/anuriha/BEHAVIOR-1K/OmniGibson/omnigibson/learning/eval.py log_path=./logs/make_a_vinegar_cleaning_solution_eval policy=websocket task.name=make_a_vinegar_cleaning_solution task.activity_definition_id=0 eval_instance_ids='[0]' model.host=localhost
make_a_wiener_schnitzle,0,[0],make_a_wiener_schnitzle-0,omnigibson,/home/anuriha/BEHAVIOR-1K/bddl3/bddl/activity_definitions/make_a_wiener_schnitzle/problem0.bddl,R1Pro,--robot-type,18,"[""agent.n.01"", ""bowl.n.01"", ""breadcrumb.n.01"", ""chopping_board.n.01"", ""cooking_oil.n.01"", ""cooking_oil__bottle.n.01"", ""countertop.n.01"", ""cup.n.01"", ""floor.n.01"", ""flour.n.01"", ""flour__sack.n.01"", ""frying_pan.n.01"", ""raw_egg.n.01"", ""salt.n.02"", ""salt__shaker.n.01"", ""schnitzel.n.01"", ""stove.n.01"", ""veal.n.01""]","[""kitchen""]","[""cooked"", ""filled"", ""future"", ""inroom"", ""inside"", ""insource"", ""ontop"", ""real""]",python /home/anuriha/BEHAVIOR-1K/OmniGibson/omnigibson/learning/eval.py log_path=./logs/make_a_wiener_schnitzle_eval policy=websocket task.name=make_a_wiener_schnitzle task.activity_definition_id=0 eval_instance_ids='[0]' model.host=localhost
make_an_egg_tomato_and_toast_breakfast,0,[0],make_an_egg_tomato_and_toast_breakfast-0,omnigibson,/home/anuriha/BEHAVIOR-1K/bddl3/bddl/activity_definitions/make_an_egg_tomato_and_toast_breakfast/problem0.bddl,R1Pro,--robot-type,10,"[""agent.n.01"", ""avocado.n.01"", ""bowl.n.01"", ""countertop.n.01"", ""electric_refrigerator.n.01"", ""floor.n.01"", ""plate.n.04"", ""raw_egg.n.01"", ""stove.n.01"", ""toast.n.01""]","[""kitchen""]","[""cooked"", ""inroom"", ""inside"", ""ontop""]",python /home/anuriha/BEHAVIOR-1K/OmniGibson/omnigibson/learning/eval.py log_path=./logs/make_an_egg_tomato_and_toast_breakfast_eval policy=websocket task.name=make_an_egg_tomato_and_toast_breakfast task.activity_definition_id=0 eval_instance_ids='[0]' model.host=localhost
make_an_iced_espresso,0,[0],make_an_iced_espresso-0,omnigibson,/home/anuriha/BEHAVIOR-1K/bddl3/bddl/activity_definitions/make_an_iced_espresso/problem0.bddl,R1Pro,--robot-type,15,"[""agent.n.01"", ""cafe_au_lait.n.01"", ""countertop.n.01"", ""cup.n.01"", ""espresso.n.01"", ""floor.n.01"", ""ice_cube.n.01"", ""low-fat_milk.n.01"", ""milk__carton.n.01"", ""mug.n.04"", ""sugar_syrup.n.01"", ""sugar_syrup__bottle.n.01"", ""teaspoon.n.02""]","[""kitchen""]","[""contains"", ""filled"", ""future"", ""inroom"", ""inside"", ""insource"", ""ontop"", ""real""]",python /home/anuriha/BEHAVIOR-1K/OmniGibson/omnigibson/learning/eval.py log_path=./logs/make_an_iced_espresso_eval policy=websocket task.name=make_an_iced_espresso task.activity_definition_id=0 eval_instance_ids='[0]' model.host=localhost
make_applesauce,0,[0],make_applesauce-0,omnigibson,/home/anuriha/BEHAVIOR-1K/bddl3/bddl/activity_definitions/make_applesauce/problem0.bddl,R1Pro,--robot-type,19,"[""agent.n.01"", ""apple.n.01"", ""applesauce.n.01"", ""cinnamon.n.03"", ""cinnamon__shaker.n.01"", ""countertop.n.01"", ""floor.n.01"", ""granulated_sugar.n.01"", ""lemon_juice.n.01"", ""lemon_juice__bottle.n.01"", ""saucepan.n.01"", ""sink.n.01"", ""stove.n.01"", ""sugar__sack.n.01"", ""tablespoon.n.02"", ""water.n.06""]","[""kitchen""]","[""contains"", ""filled"", ""future"", ""inroom"", ""insource"", ""ontop"", ""real""]",python /home/anuriha/BEHAVIOR-1K/OmniGibson/omnigibson/learning/eval.py log_path=./logs/make_applesauce_eval policy=websocket task.name=make_applesauce task.activity_definition_id=0 eval_instance_ids='[0]' model.host=localhost
make_bagels,0,[0],make_bagels-0,omnigibson,/home/anuriha/BEHAVIOR-1K/bddl3/bddl/activity_definitions/make_bagels/problem0.bddl,R1Pro,--robot-type,28,"[""agent.n.01"", ""bagel.n.01"", ""bowl.n.01"", ""cookie_sheet.n.01"", ""countertop.n.01"", ""electric_mixer.n.01"", ""electric_refrigerator.n.01"", ""floor.n.01"", ""flour.n.01"", ""flour__sack.n.01"", ""honey.n.01"", ""honey__jar.n.01"", ""oven.n.01"", ""raw_egg.n.01"", ""salt.n.02"", ""salt__shaker.n.01"", ""sesame_seed.n.01"", ""sesame_seed__shaker.n.01"", ""sink.n.01"", ""tablespoon.n.02"", ""water.n.06"", ""yeast.n.01"", ""yeast__jar.n.01""]","[""kitchen""]","[""cooked"", ""filled"", ""future"", ""inroom"", ""inside"", ""insource"", ""ontop"", ""real""]",python /home/anuriha/BEHAVIOR-1K/OmniGibson/omnigibson/learning/eval.py log_path=./logs/make_bagels_eval policy=websocket task.name=make_bagels task.activity_definition_id=0 eval_instance_ids='[0]' model.host=localhost
make_baked_pears,0,[0],make_baked_pears-0,omnigibson,/home/anuriha/BEHAVIOR-1K/bddl3/bddl/activity_definitions/make_baked_pears/problem0.bddl,R1Pro,--robot-type,17,"[""agent.n.01"", ""breakfast_table.n.01"", ""cabinet.n.01"", ""cooked__red_wine.n.01"", ""electric_refrigerator.n.01"", ""floor.n.01"", ""granulated_sugar.n.01"", ""granulated_sugar__sack.n.01"", ""oven.n.01"", ""pear.n.01"", ""red_wine.n.01"", ""stockpot.n.01"", ""wine_bottle.n.01"", ""wooden_spoon.n.02""]","[""kitchen""]","[""cooked"", ""covered"", ""filled"", ""future"", ""inroom"", ""inside"", ""ontop"", ""real""]",python /home/anuriha/BEHAVIOR-1K/OmniGibson/omnigibson/learning/eval.py log_path=./logs/make_baked_pears_eval policy=websocket task.name=make_baked_pears task.activity_definition_id=0 eval_instance_ids='[0]' model.host=localhost
make_batter,0,[0],make_batter-0,omnigibson,/home/anuriha/BEHAVIOR-1K/bddl3/bddl/activity_definitions/make_batter/problem0.bddl,R1Pro,--robot-type,19,"[""agent.n.01"", ""baking_powder.n.01"", ""baking_powder__jar.n.01"", ""countertop.n.01"", ""electric_mixer.n.01"", ""electric_refrigerator.n.01"", ""floor.n.01"", ""flour.n.01"", ""flour__sack.n.01"", ""milk__carton.n.01"", ""mixing_bowl.n.01"", ""pancake_batter.n.01"", ""salt.n.02"", ""salt__shaker.n.01"", ""sink.n.01"", ""tablespoon.n.02"", ""water.n.06"", ""whole_milk.n.01""]","[""kitchen""]","[""contains"", ""filled"", ""future"", ""inroom"", ""inside"", ""insource"", ""ontop"", ""real""]",python /home/anuriha/BEHAVIOR-1K/OmniGibson/omnigibson/learning/eval.py log_path=./logs/make_batter_eval policy=websocket task.name=make_batter task.activity_definition_id=0 eval_instance_ids='[0]' model.host=localhost
make_beef_and_broccoli,0,[0],make_beef_and_broccoli-0,omnigibson,/home/anuriha/BEHAVIOR-1K/bddl3/bddl/activity_definitions/make_beef_and_broccoli/problem0.bddl,R1Pro,--robot-type,16,"[""agent.n.01"", ""broccoli.n.02"", ""clove.n.03"", ""cooked__diced__broccoli.n.01"", ""cooked__diced__clove.n.01"", ""cooked__diced__steak.n.01"", ""electric_refrigerator.n.01"", ""floor.n.01"", ""oven.n.01"", ""soy_sauce.n.01"", ""soy_sauce__bottle.n.01"", ""steak.n.01"", ""wok.n.01""]","[""kitchen""]","[""contains"", ""cooked"", ""future"", ""inroom"", ""inside"", ""insource"", ""ontop"", ""real""]",python /home/anuriha/BEHAVIOR-1K/OmniGibson/omnigibson/learning/eval.py log_path=./logs/make_beef_and_broccoli_eval policy=websocket task.name=make_beef_and_broccoli task.activity_definition_id=0 eval_instance_ids='[0]' model.host=localhost
make_bento,0,[0],make_bento-0,omnigibson,/home/anuriha/BEHAVIOR-1K/bddl3/bddl/activity_definitions/make_bento/problem0.bddl,R1Pro,--robot-type,13,"[""agent.n.01"", ""bowl.n.01"", ""countertop.n.01"", ""electric_refrigerator.n.01"", ""floor.n.01"", ""pickle.n.01"", ""sushi.n.01"", ""tupperware.n.01"", ""white_rice.n.01""]","[""kitchen""]","[""contains"", ""filled"", ""inroom"", ""inside"", ""ontop""]",python /home/anuriha/BEHAVIOR-1K/OmniGibson/omnigibson/learning/eval.py log_path=./logs/make_bento_eval policy=websocket task.name=make_bento task.activity_definition_id=0 eval_instance_ids='[0]' model.host=localhost
make_biscuits,0,[0],make_biscuits-0,omnigibson,/home/anuriha/BEHAVIOR-1K/bddl3/bddl/activity_definitions/make_biscuits/problem0.bddl,R1Pro,--robot-type,25,"[""agent.n.01"", ""baking_powder.n.01"", ""baking_powder__jar.n.01"", ""biscuit.n.01"", ""cabinet.n.01"", ""cookie_sheet.n.01"", ""countertop.n.01"", ""electric_mixer.n.01"", ""electric_refrigerator.n.01"", ""floor.n.01"", ""flour.n.01"", ""flour__sack.n.01"", ""milk__carton.n.01"", ""oven.n.01"", ""salt.n.02"", ""salt__shaker.n.01"", ""shortening.n.01"", ""shortening__carton.n.01"", ""tablespoon.n.02"", ""whole_milk.n.01""]","[""kitchen""]","[""cooked"", ""filled"", ""future"", ""inroom"", ""inside"", ""insource"", ""ontop"", ""real""]",python /home/anuriha/BEHAVIOR-1K/OmniGibson/omnigibson/learning/eval.py log_path=./logs/make_biscuits_eval policy=websocket task.name=make_biscuits task.activity_definition_id=0 eval_instance_ids='[0]' model.host=localhost
make_blueberry_mousse,0,[0],make_blueberry_mousse-0,omnigibson,/home/anuriha/BEHAVIOR-1K/bddl3/bddl/activity_definitions/make_blueberry_mousse/problem0.bddl,R1Pro,--robot-type,24,"[""agent.n.01"", ""blueberry.n.02"", ""blueberry_mousse.n.01"", ""bowl.n.01"", ""countertop.n.01"", ""cream_of_tartar.n.01"", ""cream_of_tartar__shaker.n.01"", ""electric_mixer.n.01"", ""electric_refrigerator.n.01"", ""floor.n.01"", ""gelatin.n.02"", ""gelatin__box.n.01"", ""granulated_sugar.n.01"", ""lemon_juice.n.01"", ""lemon_juice__bottle.n.01"", ""raw_egg.n.01"", ""saucepan.n.01"", ""stove.n.01"", ""sugar__sack.n.01"", ""teaspoon.n.02"", ""tupperware.n.01"", ""whipped_cream.n.01"", ""whipped_cream__atomizer.n.01""]","[""kitchen""]","[""contains"", ""filled"", ""future"", ""inroom"", ""inside"", ""insource"", ""ontop"", ""real""]",python /home/anuriha/BEHAVIOR-1K/OmniGibson/omnigibson/learning/eval.py log_path=./logs/make_blueberry_mousse_eval policy=websocket task.name=make_blueberry_mousse task.activity_definition_id=0 eval_instance_ids='[0]' model.host=localhost
make_brownies,0,[0],make_brownies-0,omnigibson,/home/anuriha/BEHAVIOR-1K/bddl3/bddl/activity_definitions/make_brownies/problem0.bddl,R1Pro,--robot-type,40,"[""agent.n.01"", ""brownie.n.03"", ""butter.n.01"", ""cocoa_powder.n.01"", ""cocoa_powder__jar.n.01"", ""cookie_sheet.n.01"", ""countertop.n.01"", ""electric_mixer.n.01"", ""electric_refrigerator.n.01"", ""floor.n.01"", ""flour.n.01"", ""flour__sack.n.01"", ""granulated_sugar.n.01"", ""microwave.n.02"", ""mixing_bowl.n.01"", ""oven.n.01"", ""plate.n.04"", ""raw_egg.n.01"", ""salt.n.02"", ""salt__shaker.n.01"", ""sugar__sack.n.01"", ""tablespoon.n.02"", ""tupperware.n.01"", ""vanilla.n.02"", ""vanilla__bottle.n.01"", ""walnut.n.01""]","[""kitchen""]","[""cooked"", ""filled"", ""future"", ""inroom"", ""inside"", ""insource"", ""ontop"", ""real""]",python /home/anuriha/BEHAVIOR-1K/OmniGibson/omnigibson/learning/eval.py log_path=./logs/make_brownies_eval policy=websocket task.name=make_brownies task.activity_definition_id=0 eval_instance_ids='[0]' model.host=localhost
make_burrito_bowls,0,[0],make_burrito_bowls-0,omnigibson,/home/anuriha/BEHAVIOR-1K/bddl3/bddl/activity_definitions/make_burrito_bowls/problem0.bddl,R1Pro,--robot-type,22,"[""agent.n.01"", ""bowl.n.01"", ""cabinet.n.01"", ""cooked__diced__beefsteak_tomato.n.01"", ""cooked__diced__bell_pepper.n.01"", ""cooked__diced__carne_asada.n.01"", ""cooked__white_rice.n.01"", ""diced__beefsteak_tomato.n.01"", ""electric_refrigerator.n.01"", ""floor.n.01"", ""grated_cheese.n.01"", ""grated_cheese__sack.n.01"", ""microwave.n.02"", ""refried_beans.n.01"", ""refried_beans__can.n.01"", ""tupperware.n.01""]","[""kitchen""]","[""contains"", ""filled"", ""future"", ""inroom"", ""inside"", ""ontop"", ""real""]",python /home/anuriha/BEHAVIOR-1K/OmniGibson/omnigibson/learning/eval.py log_path=./logs/make_burrito_bowls_eval policy=websocket task.name=make_burrito_bowls task.activity_definition_id=0 eval_instance_ids='[0]' model.host=localhost
make_cabinet_doors,0,[0],make_cabinet_doors-0,omnigibson,/home/anuriha/BEHAVIOR-1K/bddl3/bddl/activity_definitions/make_cabinet_doors/problem0.bddl,R1Pro,--robot-type,4,"[""agent.n.01"", ""cabinet_base.n.01"", ""cabinet_door.n.01"", ""floor.n.01""]","[""living_room""]","[""attached"", ""inroom"", ""ontop""]",python /home/anuriha/BEHAVIOR-1K/OmniGibson/omnigibson/learning/eval.py log_path=./logs/make_cabinet_doors_eval policy=websocket task.name=make_cabinet_doors task.activity_definition_id=0 eval_instance_ids='[0]' model.host=localhost
make_cake_filling,0,[0],make_cake_filling-0,omnigibson,/home/anuriha/BEHAVIOR-1K/bddl3/bddl/activity_definitions/make_cake_filling/problem0.bddl,R1Pro,--robot-type,34,"[""agent.n.01"", ""bowl.n.01"", ""cherry.n.03"", ""cherry_filling.n.01"", ""cornstarch.n.01"", ""cornstarch__jar.n.01"", ""countertop.n.01"", ""electric_mixer.n.01"", ""electric_refrigerator.n.01"", ""floor.n.01"", ""granulated_sugar.n.01"", ""lemon_juice.n.01"", ""lemon_juice__bottle.n.01"", ""mixing_bowl.n.01"", ""sink.n.01"", ""sugar__sack.n.01"", ""tablespoon.n.02"", ""water.n.06""]","[""kitchen""]","[""contains"", ""filled"", ""future"", ""inroom"", ""inside"", ""insource"", ""ontop"", ""real""]",python /home/anuriha/BEHAVIOR-1K/OmniGibson/omnigibson/learning/eval.py log_path=./logs/make_cake_filling_eval policy=websocket task.name=make_cake_filling task.activity_definition_id=0 eval_instance_ids='[0]' model.host=localhost
make_cake_mix,0,[0],make_cake_mix-0,omnigibson,/home/anuriha/BEHAVIOR-1K/bddl3/bddl/activity_definitions/make_cake_mix/problem0.bddl,R1Pro,--robot-type,18,"[""agent.n.01"", ""baking_powder.n.01"", ""baking_powder__jar.n.01"", ""cake_mix.n.01"", ""countertop.n.01"", ""floor.n.01"", ""flour.n.01"", ""flour__sack.n.01"", ""granulated_sugar.n.01"", ""mixing_bowl.n.01"", ""salt.n.02"", ""salt__shaker.n.01"", ""sodium_carbonate.n.01"", ""sodium_carbonate__jar.n.01"", ""spatula.n.01"", ""sugar__sack.n.01"", ""tablespoon.n.02""]","[""kitchen""]","[""contains"", ""filled"", ""future"", ""inroom"", ""insource"", ""ontop"", ""real""]",python /home/anuriha/BEHAVIOR-1K/OmniGibson/omnigibson/learning/eval.py log_path=./logs/make_cake_mix_eval policy=websocket task.name=make_cake_mix task.activity_definition_id=0 eval_instance_ids='[0]' model.host=localhost
make_chicken_and_waffles,0,[0],make_chicken_and_waffles-0,omnigibson,/home/anuriha/BEHAVIOR-1K/bddl3/bddl/activity_definitions/make_chicken_and_waffles/problem0.bddl,R1Pro,--robot-type,26,"[""agent.n.01"", ""bowl.n.01"", ""breadcrumb.n.01"", ""butter.n.01"", ""chicken.n.01"", ""cooked__breadcrumb.n.01"", ""cooked__cooking_oil.n.01"", ""cooked__fritter_batter.n.01"", ""cooking_oil.n.01"", ""cooking_oil__bottle.n.01"", ""countertop.n.01"", ""electric_refrigerator.n.01"", ""floor.n.01"", ""fritter_batter.n.01"", ""frying_pan.n.01"", ""hot_sauce.n.01"", ""hot_sauce__bottle.n.01"", ""maple_syrup.n.01"", ""maple_syrup__jar.n.01"", ""melted__butter.n.01"", ""plate.n.04"", ""stove.n.01"", ""toaster_oven.n.01"", ""tupperware.n.01"", ""waffle.n.01""]","[""kitchen""]","[""cooked"", ""covered"", ""filled"", ""frozen"", ""future"", ""inroom"", ""inside"", ""insource"", ""ontop"", ""real""]",python /home/anuriha/BEHAVIOR-1K/OmniGibson/omnigibson/learning/eval.py log_path=./logs/make_chicken_and_waffles_eval policy=websocket task.name=make_chicken_and_waffles task.activity_definition_id=0 eval_instance_ids='[0]' model.host=localhost
make_chicken_curry,0,[0],make_chicken_curry-0,omnigibson,/home/anuriha/BEHAVIOR-1K/bddl3/bddl/activity_definitions/make_chicken_curry/problem0.bddl,R1Pro,--robot-type,21,"[""agent.n.01"", ""beefsteak_tomato.n.01"", ""cabinet.n.01"", ""carving_knife.n.01"", ""chicken_breast.n.02"", ""chicken_curry.n.01"", ""chopping_board.n.01"", ""cooking_oil.n.01"", ""cooking_oil__bottle.n.01"", ""countertop.n.01"", ""curry_powder.n.01"", ""curry_powder__shaker.n.01"", ""electric_refrigerator.n.01"", ""floor.n.01"", ""stockpot.n.01"", ""stove.n.01"", ""vidalia_onion.n.01""]","[""kitchen""]","[""contains"", ""filled"", ""future"", ""inroom"", ""inside"", ""insource"", ""ontop"", ""real""]",python /home/anuriha/BEHAVIOR-1K/OmniGibson/omnigibson/learning/eval.py log_path=./logs/make_chicken_curry_eval policy=websocket task.name=make_chicken_curry task.activity_definition_id=0 eval_instance_ids='[0]' model.host=localhost
make_chicken_fajitas,0,[0],make_chicken_fajitas-0,omnigibson,/home/anuriha/BEHAVIOR-1K/bddl3/bddl/activity_definitions/make_chicken_fajitas/problem0.bddl,R1Pro,--robot-type,41,"[""agent.n.01"", ""beefsteak_tomato.n.01"", ""bell_pepper.n.02"", ""black_pepper.n.02"", ""cabinet.n.01"", ""carving_knife.n.01"", ""chicken.n.01"", ""chopping_board.n.01"", ""cooked__black_pepper.n.01"", ""cooked__cumin.n.01"", ""cooked__diced__beefsteak_tomato.n.01"", ""cooked__diced__bell_pepper.n.01"", ""cooked__diced__chicken.n.01"", ""cooked__diced__vidalia_onion.n.01"", ""cooked__marjoram.n.01"", ""cooked__olive_oil.n.01"", ""cooked__paprika.n.01"", ""cooked__salsa.n.01"", ""cooked__salt.n.01"", ""countertop.n.01"", ""cumin.n.02"", ""cumin__shaker.n.01"", ""electric_refrigerator.n.01"", ""floor.n.01"", ""frying_pan.n.01"", ""half__lime.n.01"", ""lime.n.06"", ""marjoram.n.02"", ""marjoram__shaker.n.01"", ""olive_oil.n.01"", ""olive_oil__bottle.n.01"", ""paprika.n.02"", ""paprika__shaker.n.01"", ""pepper__shaker.n.01"", ""salsa.n.01"", ""salsa__bottle.n.01"", ""salt.n.02"", ""salt__shaker.n.01"", ""stove.n.01"", ""vidalia_onion.n.01""]","[""kitchen""]","[""contains"", ""cooked"", ""filled"", ""future"", ""inroom"", ""inside"", ""insource"", ""ontop"", ""real""]",python /home/anuriha/BEHAVIOR-1K/OmniGibson/omnigibson/learning/eval.py log_path=./logs/make_chicken_fajitas_eval policy=websocket task.name=make_chicken_fajitas task.activity_definition_id=0 eval_instance_ids='[0]' model.host=localhost
make_chocolate_biscuits,0,[0],make_chocolate_biscuits-0,omnigibson,/home/anuriha/BEHAVIOR-1K/bddl3/bddl/activity_definitions/make_chocolate_biscuits/problem0.bddl,R1Pro,--robot-type,27,"[""agent.n.01"", ""bowl.n.01"", ""chocolate_bar.n.01"", ""chocolate_biscuit.n.01"", ""cocoa_powder.n.01"", ""cocoa_powder__jar.n.01"", ""cookie_sheet.n.01"", ""countertop.n.01"", ""electric_mixer.n.01"", ""electric_refrigerator.n.01"", ""floor.n.01"", ""flour.n.01"", ""flour__sack.n.01"", ""granulated_sugar.n.01"", ""melted__butter.n.01"", ""oven.n.01"", ""raw_egg.n.01"", ""sugar__sack.n.01"", ""tablespoon.n.02"", ""tupperware.n.01""]","[""kitchen""]","[""cooked"", ""filled"", ""future"", ""inroom"", ""inside"", ""ontop"", ""real""]",python /home/anuriha/BEHAVIOR-1K/OmniGibson/omnigibson/learning/eval.py log_path=./logs/make_chocolate_biscuits_eval policy=websocket task.name=make_chocolate_biscuits task.activity_definition_id=0 eval_instance_ids='[0]' model.host=localhost
make_chocolate_milk,0,[0],make_chocolate_milk-0,omnigibson,/home/anuriha/BEHAVIOR-1K/bddl3/bddl/activity_definitions/make_chocolate_milk/problem0.bddl,R1Pro,--robot-type,14,"[""agent.n.01"", ""blender.n.01"", ""chocolate_milk.n.01"", ""cocoa_powder.n.01"", ""cocoa_powder__jar.n.01"", ""countertop.n.01"", ""electric_refrigerator.n.01"", ""floor.n.01"", ""granulated_sugar.n.01"", ""low-fat_milk.n.01"", ""milk__carton.n.01"", ""sugar__sack.n.01"", ""tablespoon.n.02"", ""water_glass.n.02""]","[""kitchen""]","[""contains"", ""filled"", ""future"", ""inroom"", ""inside"", ""ontop"", ""real""]",python /home/anuriha/BEHAVIOR-1K/OmniGibson/omnigibson/learning/eval.py log_path=./logs/make_chocolate_milk_eval policy=websocket task.name=make_chocolate_milk task.activity_definition_id=0 eval_instance_ids='[0]' model.host=localhost
make_chocolate_spread,0,[0],make_chocolate_spread-0,omnigibson,/home/anuriha/BEHAVIOR-1K/bddl3/bddl/activity_definitions/make_chocolate_spread/problem0.bddl,R1Pro,--robot-type,15,"[""agent.n.01"", ""butter.n.01"", ""butter__package.n.01"", ""chocolate_sauce.n.01"", ""cocoa_powder.n.01"", ""cocoa_powder__jar.n.01"", ""countertop.n.01"", ""electric_refrigerator.n.01"", ""floor.n.01"", ""food_processor.n.01"", ""honey.n.01"", ""honey__jar.n.01"", ""mixing_bowl.n.01"", ""tablespoon.n.02""]","[""kitchen""]","[""contains"", ""filled"", ""future"", ""inroom"", ""inside"", ""ontop"", ""real""]",python /home/anuriha/BEHAVIOR-1K/OmniGibson/omnigibson/learning/eval.py log_path=./logs/make_chocolate_spread_eval policy=websocket task.name=make_chocolate_spread task.activity_definition_id=0 eval_instance_ids='[0]' model.host=localhost
make_chocolate_syrup,0,[0],make_chocolate_syrup-0,omnigibson,/home/anuriha/BEHAVIOR-1K/bddl3/bddl/activity_definitions/make_chocolate_syrup/problem0.bddl,R1Pro,--robot-type,18,"[""agent.n.01"", ""chocolate_sauce.n.01"", ""cocoa_powder.n.01"", ""cocoa_powder__jar.n.01"", ""countertop.n.01"", ""floor.n.01"", ""granulated_sugar.n.01"", ""salt.n.02"", ""salt__shaker.n.01"", ""saucepan.n.01"", ""sink.n.01"", ""stove.n.01"", ""sugar__sack.n.01"", ""tablespoon.n.02"", ""vanilla.n.02"", ""vanilla__bottle.n.01"", ""water.n.06""]","[""kitchen""]","[""contains"", ""filled"", ""future"", ""inroom"", ""insource"", ""ontop"", ""real""]",python /home/anuriha/BEHAVIOR-1K/OmniGibson/omnigibson/learning/eval.py log_path=./logs/make_chocolate_syrup_eval policy=websocket task.name=make_chocolate_syrup task.activity_definition_id=0 eval_instance_ids='[0]' model.host=localhost
make_cinnamon_sugar,0,[0],make_cinnamon_sugar-0,omnigibson,/home/anuriha/BEHAVIOR-1K/bddl3/bddl/activity_definitions/make_cinnamon_sugar/problem0.bddl,R1Pro,--robot-type,10,"[""agent.n.01"", ""cinnamon.n.03"", ""cinnamon__shaker.n.01"", ""cinnamon_sugar.n.01"", ""countertop.n.01"", ""floor.n.01"", ""granulated_sugar.n.01"", ""mixing_bowl.n.01"", ""sugar__sack.n.01"", ""tablespoon.n.02""]","[""kitchen""]","[""contains"", ""filled"", ""future"", ""inroom"", ""insource"", ""ontop"", ""real""]",python /home/anuriha/BEHAVIOR-1K/OmniGibson/omnigibson/learning/eval.py log_path=./logs/make_cinnamon_sugar_eval policy=websocket task.name=make_cinnamon_sugar task.activity_definition_id=0 eval_instance_ids='[0]' model.host=localhost
make_cinnamon_toast,0,[0],make_cinnamon_toast-0,omnigibson,/home/anuriha/BEHAVIOR-1K/bddl3/bddl/activity_definitions/make_cinnamon_toast/problem0.bddl,R1Pro,--robot-type,10,"[""agent.n.01"", ""breakfast_table.n.01"", ""cinnamon.n.03"", ""cinnamon__shaker.n.01"", ""floor.n.01"", ""french_toast.n.01"", ""maple_syrup.n.01"", ""maple_syrup__jar.n.01"", ""oven.n.01"", ""plate.n.04""]","[""kitchen""]","[""cooked"", ""covered"", ""filled"", ""inroom"", ""inside"", ""insource"", ""ontop""]",python /home/anuriha/BEHAVIOR-1K/OmniGibson/omnigibson/learning/eval.py log_path=./logs/make_cinnamon_toast_eval policy=websocket task.name=make_cinnamon_toast task.activity_definition_id=0 eval_instance_ids='[0]' model.host=localhost
make_citrus_punch,0,[0],make_citrus_punch-0,omnigibson,/home/anuriha/BEHAVIOR-1K/bddl3/bddl/activity_definitions/make_citrus_punch/problem0.bddl,R1Pro,--robot-type,16,"[""agent.n.01"", ""beer_bottle.n.01"", ""countertop.n.01"", ""electric_refrigerator.n.01"", ""floor.n.01"", ""fruit_punch.n.01"", ""ginger_beer.n.01"", ""lemonade.n.01"", ""lemonade__bottle.n.01"", ""orange_juice.n.01"", ""orange_juice__carton.n.01"", ""pineapple_juice.n.01"", ""pineapple_juice__carton.n.01"", ""pitcher.n.02"", ""wooden_spoon.n.02""]","[""kitchen""]","[""contains"", ""filled"", ""future"", ""inroom"", ""ontop"", ""real""]",python /home/anuriha/BEHAVIOR-1K/OmniGibson/omnigibson/learning/eval.py log_path=./logs/make_citrus_punch_eval policy=websocket task.name=make_citrus_punch task.activity_definition_id=0 eval_instance_ids='[0]' model.host=localhost
make_coffee,0,[0],make_coffee-0,omnigibson,/home/anuriha/BEHAVIOR-1K/bddl3/bddl/activity_definitions/make_coffee/problem0.bddl,R1Pro,--robot-type,11,"[""agent.n.01"", ""cabinet.n.01"", ""coffee_bean.n.01"", ""coffee_bean__jar.n.01"", ""coffee_maker.n.01"", ""countertop.n.01"", ""drip_coffee.n.01"", ""floor.n.01"", ""mug.n.04"", ""sink.n.01"", ""water.n.06""]","[""kitchen""]","[""contains"", ""filled"", ""future"", ""inroom"", ""inside"", ""insource"", ""ontop"", ""real""]",python /home/anuriha/BEHAVIOR-1K/OmniGibson/omnigibson/learning/eval.py log_path=./logs/make_coffee_eval policy=websocket task.name=make_coffee task.activity_definition_id=0 eval_instance_ids='[0]' model.host=localhost
make_cookie_dough,0,[0],make_cookie_dough-0,omnigibson,/home/anuriha/BEHAVIOR-1K/bddl3/bddl/activity_definitions/make_cookie_dough/problem0.bddl,R1Pro,--robot-type,24,"[""agent.n.01"", ""baking_powder.n.01"", ""baking_powder__jar.n.01"", ""bowl.n.01"", ""butter.n.01"", ""cabinet.n.01"", ""countertop.n.01"", ""electric_mixer.n.01"", ""electric_refrigerator.n.01"", ""floor.n.01"", ""flour.n.01"", ""flour__sack.n.01"", ""granulated_sugar.n.01"", ""microwave.n.02"", ""raw_egg.n.01"", ""salt.n.02"", ""salt__shaker.n.01"", ""sugar__sack.n.01"", ""sugar_cookie_dough.n.01"", ""vanilla.n.02"", ""vanilla__bottle.n.01""]","[""kitchen""]","[""cooked"", ""filled"", ""future"", ""inroom"", ""inside"", ""insource"", ""ontop"", ""real""]",python /home/anuriha/BEHAVIOR-1K/OmniGibson/omnigibson/learning/eval.py log_path=./logs/make_cookie_dough_eval policy=websocket task.name=make_cookie_dough task.activity_definition_id=0 eval_instance_ids='[0]' model.host=localhost
make_cookies,0,[0],make_cookies-0,omnigibson,/home/anuriha/BEHAVIOR-1K/bddl3/bddl/activity_definitions/make_cookies/problem0.bddl,R1Pro,--robot-type,34,"[""agent.n.01"", ""baking_powder.n.01"", ""baking_powder__jar.n.01"", ""butter.n.01"", ""butter__package.n.01"", ""cabinet.n.01"", ""cinnamon.n.03"", ""cinnamon__shaker.n.01"", ""cookie_sheet.n.01"", ""countertop.n.01"", ""electric_mixer.n.01"", ""electric_refrigerator.n.01"", ""floor.n.01"", ""flour.n.01"", ""flour__sack.n.01"", ""granulated_sugar.n.01"", ""nutmeg.n.02"", ""nutmeg__shaker.n.01"", ""oven.n.01"", ""raw_egg.n.01"", ""salt.n.02"", ""salt__shaker.n.01"", ""spice_cookie.n.01"", ""sugar__sack.n.01"", ""tupperware.n.01"", ""vanilla.n.02"", ""vanilla__bottle.n.01""]","[""kitchen""]","[""cooked"", ""filled"", ""future"", ""inroom"", ""inside"", ""insource"", ""ontop"", ""real""]",python /home/anuriha/BEHAVIOR-1K/OmniGibson/omnigibson/learning/eval.py log_path=./logs/make_cookies_eval policy=websocket task.name=make_cookies task.activity_definition_id=0 eval_instance_ids='[0]' model.host=localhost
make_cream_from_milk,0,[0],make_cream_from_milk-0,omnigibson,/home/anuriha/BEHAVIOR-1K/bddl3/bddl/activity_definitions/make_cream_from_milk/problem0.bddl,R1Pro,--robot-type,10,"[""agent.n.01"", ""bowl.n.01"", ""cabinet.n.01"", ""electric_mixer.n.01"", ""electric_refrigerator.n.01"", ""floor.n.01"", ""heavy_cream.n.01"", ""melted__butter.n.01"", ""milk__carton.n.01"", ""whole_milk.n.01""]","[""kitchen""]","[""contains"", ""filled"", ""future"", ""inroom"", ""inside"", ""ontop"", ""real""]",python /home/anuriha/BEHAVIOR-1K/OmniGibson/omnigibson/learning/eval.py log_path=./logs/make_cream_from_milk_eval policy=websocket task.name=make_cream_from_milk task.activity_definition_id=0 eval_instance_ids='[0]' model.host=localhost
make_cream_soda,0,[0],make_cream_soda-0,omnigibson,/home/anuriha/BEHAVIOR-1K/bddl3/bddl/activity_definitions/make_cream_soda/problem0.bddl,R1Pro,--robot-type,16,"[""agent.n.01"", ""cabinet.n.01"", ""carafe.n.01"", ""cream__carton.n.01"", ""cream_soda.n.01"", ""cup.n.01"", ""electric_refrigerator.n.01"", ""floor.n.01"", ""heavy_cream.n.01"", ""ice_cube.n.01"", ""soda_water.n.03"", ""sugar_syrup.n.01"", ""sugar_syrup__bottle.n.01"", ""teaspoon.n.02"", ""water_glass.n.02""]","[""kitchen""]","[""contains"", ""filled"", ""future"", ""inroom"", ""inside"", ""insource"", ""ontop"", ""real""]",python /home/anuriha/BEHAVIOR-1K/OmniGibson/omnigibson/learning/eval.py log_path=./logs/make_cream_soda_eval policy=websocket task.name=make_cream_soda task.activity_definition_id=0 eval_instance_ids='[0]' model.host=localhost
make_curry_rice,0,[0],make_curry_rice-0,omnigibson,/home/anuriha/BEHAVIOR-1K/bddl3/bddl/activity_definitions/make_curry_rice/problem0.bddl,R1Pro,--robot-type,13,"[""agent.n.01"", ""cooked__curry_powder.n.01"", ""cooked__white_rice.n.01"", ""countertop.n.01"", ""curry_powder.n.01"", ""curry_powder__shaker.n.01"", ""floor.n.01"", ""sink.n.01"", ""stockpot.n.01"", ""stove.n.01"", ""water.n.06"", ""white_rice.n.01"", ""white_rice__sack.n.01""]","[""kitchen""]","[""contains"", ""filled"", ""future"", ""inroom"", ""insource"", ""ontop"", ""real""]",python /home/anuriha/BEHAVIOR-1K/OmniGibson/omnigibson/learning/eval.py log_path=./logs/make_curry_rice_eval policy=websocket task.name=make_curry_rice task.activity_definition_id=0 eval_instance_ids='[0]' model.host=localhost
make_dessert_watermelons,0,[0],make_dessert_watermelons-0,omnigibson,/home/anuriha/BEHAVIOR-1K/bddl3/bddl/activity_definitions/make_dessert_watermelons/problem0.bddl,R1Pro,--robot-type,21,"[""agent.n.01"", ""bowl.n.01"", ""cabinet.n.01"", ""carving_knife.n.01"", ""chopping_board.n.01"", ""countertop.n.01"", ""electric_refrigerator.n.01"", ""floor.n.01"", ""granulated_sugar.n.01"", ""granulated_sugar__sack.n.01"", ""half__watermelon.n.01"", ""mint.n.04"", ""platter.n.01"", ""watermelon.n.02"", ""wooden_spoon.n.02""]","[""kitchen""]","[""covered"", ""filled"", ""future"", ""inroom"", ""inside"", ""ontop"", ""real"", ""touching""]",python /home/anuriha/BEHAVIOR-1K/OmniGibson/omnigibson/learning/eval.py log_path=./logs/make_dessert_watermelons_eval policy=websocket task.name=make_dessert_watermelons task.activity_definition_id=0 eval_instance_ids='[0]' model.host=localhost
make_dinner_rolls,0,[0],make_dinner_rolls-0,omnigibson,/home/anuriha/BEHAVIOR-1K/bddl3/bddl/activity_definitions/make_dinner_rolls/problem0.bddl,R1Pro,--robot-type,24,"[""agent.n.01"", ""bap.n.01"", ""butter.n.01"", ""butter__package.n.01"", ""cabinet.n.01"", ""cookie_sheet.n.01"", ""countertop.n.01"", ""electric_mixer.n.01"", ""electric_refrigerator.n.01"", ""floor.n.01"", ""flour.n.01"", ""flour__sack.n.01"", ""granulated_sugar.n.01"", ""milk__carton.n.01"", ""oven.n.01"", ""salt.n.02"", ""salt__shaker.n.01"", ""sugar__sack.n.01"", ""whole_milk.n.01"", ""yeast.n.01"", ""yeast__shaker.n.01""]","[""kitchen""]","[""cooked"", ""filled"", ""future"", ""inroom"", ""inside"", ""insource"", ""ontop"", ""real""]",python /home/anuriha/BEHAVIOR-1K/OmniGibson/omnigibson/learning/eval.py log_path=./logs/make_dinner_rolls_eval policy=websocket task.name=make_dinner_rolls task.activity_definition_id=0 eval_instance_ids='[0]' model.host=localhost
make_dinosaur_goody_bags,0,[0],make_dinosaur_goody_bags-0,omnigibson,/home/anuriha/BEHAVIOR-1K/bddl3/bddl/activity_definitions/make_dinosaur_goody_bags/problem0.bddl,R1Pro,--robot-type,13,"[""agent.n.01"", ""box__of__chocolates.n.01"", ""countertop.n.01"", ""doll.n.01"", ""floor.n.01"", ""sack.n.01"", ""teddy.n.01""]","[""kitchen""]","[""inroom"", ""inside"", ""ontop""]",python /home/anuriha/BEHAVIOR-1K/OmniGibson/omnigibson/learning/eval.py log_path=./logs/make_dinosaur_goody_bags_eval policy=websocket task.name=make_dinosaur_goody_bags task.activity_definition_id=0 eval_instance_ids='[0]' model.host=localhost
make_edible_chocolate_chip_cookie_dough,0,[0],make_edible_chocolate_chip_cookie_dough-0,omnigibson,/home/anuriha/BEHAVIOR-1K/bddl3/bddl/activity_definitions/make_edible_chocolate_chip_cookie_dough/problem0.bddl,R1Pro,--robot-type,26,"[""agent.n.01"", ""bowl.n.01"", ""brown_sugar.n.01"", ""brown_sugar__sack.n.01"", ""cabinet.n.01"", ""chocolate_kiss.n.01"", ""cookie_sheet.n.01"", ""countertop.n.01"", ""edible_cookie_dough.n.01"", ""electric_mixer.n.01"", ""electric_refrigerator.n.01"", ""floor.n.01"", ""flour.n.01"", ""flour__sack.n.01"", ""granulated_sugar.n.01"", ""jimmies.n.01"", ""mason_jar.n.01"", ""melted__butter.n.01"", ""oven.n.01"", ""sack.n.01"", ""salt.n.02"", ""salt__shaker.n.01"", ""sugar__sack.n.01"", ""vanilla.n.02"", ""vanilla__bottle.n.01""]","[""kitchen""]","[""cooked"", ""filled"", ""future"", ""inroom"", ""inside"", ""insource"", ""ontop"", ""real""]",python /home/anuriha/BEHAVIOR-1K/OmniGibson/omnigibson/learning/eval.py log_path=./logs/make_edible_chocolate_chip_cookie_dough_eval policy=websocket task.name=make_edible_chocolate_chip_cookie_dough task.activity_definition_id=0 eval_instance_ids='[0]' model.host=localhost
make_eggnog,0,[0],make_eggnog-0,omnigibson,/home/anuriha/BEHAVIOR-1K/bddl3/bddl/activity_definitions/make_eggnog/problem0.bddl,R1Pro,--robot-type,22,"[""agent.n.01"", ""blender.n.01"", ""bowl.n.01"", ""cabinet.n.01"", ""cinnamon.n.03"", ""cinnamon__shaker.n.01"", ""countertop.n.01"", ""eggnog.n.01"", ""electric_refrigerator.n.01"", ""floor.n.01"", ""granulated_sugar.n.01"", ""milk__carton.n.01"", ""nutmeg.n.02"", ""nutmeg__shaker.n.01"", ""raw_egg.n.01"", ""rum.n.01"", ""rum__bottle.n.01"", ""sugar__sack.n.01"", ""vanilla.n.02"", ""vanilla__bottle.n.01"", ""water_glass.n.02"", ""whole_milk.n.01""]","[""kitchen""]","[""contains"", ""filled"", ""future"", ""inroom"", ""inside"", ""insource"", ""ontop"", ""real""]",python /home/anuriha/BEHAVIOR-1K/OmniGibson/omnigibson/learning/eval.py log_path=./logs/make_eggnog_eval policy=websocket task.name=make_eggnog task.activity_definition_id=0 eval_instance_ids='[0]' model.host=localhost
make_fish_and_chips,0,[0],make_fish_and_chips-0,omnigibson,/home/anuriha/BEHAVIOR-1K/bddl3/bddl/activity_definitions/make_fish_and_chips/problem0.bddl,R1Pro,--robot-type,25,"[""agent.n.01"", ""cooked__cooking_oil.n.01"", ""cooking_oil.n.01"", ""cooking_oil__bottle.n.01"", ""countertop.n.01"", ""electric_refrigerator.n.01"", ""floor.n.01"", ""french_fries.n.02"", ""frying_pan.n.01"", ""stove.n.01"", ""trout.n.01"", ""tupperware.n.01""]","[""kitchen""]","[""cooked"", ""covered"", ""filled"", ""frozen"", ""future"", ""inroom"", ""inside"", ""ontop"", ""real""]",python /home/anuriha/BEHAVIOR-1K/OmniGibson/omnigibson/learning/eval.py log_path=./logs/make_fish_and_chips_eval policy=websocket task.name=make_fish_and_chips task.activity_definition_id=0 eval_instance_ids='[0]' model.host=localhost
make_fried_rice,0,[0],make_fried_rice-0,omnigibson,/home/anuriha/BEHAVIOR-1K/bddl3/bddl/activity_definitions/make_fried_rice/problem0.bddl,R1Pro,--robot-type,21,"[""agent.n.01"", ""bowl.n.01"", ""cabinet.n.01"", ""chili.n.02"", ""chinese_anise.n.02"", ""cooked__white_rice.n.01"", ""countertop.n.01"", ""diced__chili.n.01"", ""electric_refrigerator.n.01"", ""floor.n.01"", ""mason_jar.n.01"", ""salt.n.02"", ""salt__shaker.n.01"", ""sesame_oil.n.01"", ""sesame_oil__bottle.n.01"", ""soy_sauce.n.01"", ""soy_sauce__bottle.n.01"", ""spatula.n.01"", ""stove.n.01"", ""white_rice.n.01"", ""wok.n.01""]","[""kitchen""]","[""contains"", ""cooked"", ""filled"", ""future"", ""inroom"", ""inside"", ""insource"", ""ontop"", ""real""]",python /home/anuriha/BEHAVIOR-1K/OmniGibson/omnigibson/learning/eval.py log_path=./logs/make_fried_rice_eval policy=websocket task.name=make_fried_rice task.activity_definition_id=0 eval_instance_ids='[0]' model.host=localhost
make_fruit_punch,0,[0],make_fruit_punch-0,omnigibson,/home/anuriha/BEHAVIOR-1K/bddl3/bddl/activity_definitions/make_fruit_punch/problem0.bddl,R1Pro,--robot-type,13,"[""agent.n.01"", ""apple.n.01"", ""blender.n.01"", ""carving_knife.n.01"", ""chopping_board.n.01"", ""countertop.n.01"", ""electric_refrigerator.n.01"", ""floor.n.01"", ""fruit_punch.n.01"", ""lemon.n.01"", ""orange.n.01"", ""strawberry.n.01"", ""water_glass.n.02""]","[""kitchen""]","[""contains"", ""future"", ""inroom"", ""inside"", ""ontop"", ""real""]",python /home/anuriha/BEHAVIOR-1K/OmniGibson/omnigibson/learning/eval.py log_path=./logs/make_fruit_punch_eval policy=websocket task.name=make_fruit_punch task.activity_definition_id=0 eval_instance_ids='[0]' model.host=localhost
make_garlic_mushrooms,0,[0],make_garlic_mushrooms-0,omnigibson,/home/anuriha/BEHAVIOR-1K/bddl3/bddl/activity_definitions/make_garlic_mushrooms/problem0.bddl,R1Pro,--robot-type,66,"[""agent.n.01"", ""breakfast_table.n.01"", ""cabinet.n.01"", ""carving_knife.n.01"", ""chopping_board.n.01"", ""clove.n.03"", ""cooked__diced__clove.n.01"", ""cooked__diced__green_onion.n.01"", ""cooked__olive_oil.n.01"", ""cooked__salt.n.01"", ""electric_refrigerator.n.01"", ""floor.n.01"", ""frying_pan.n.01"", ""green_onion.n.01"", ""half__mushroom.n.01"", ""mushroom.n.05"", ""olive_oil.n.01"", ""olive_oil__bottle.n.01"", ""salt.n.02"", ""salt__shaker.n.01"", ""stove.n.01"", ""tupperware.n.01""]","[""kitchen""]","[""contains"", ""cooked"", ""filled"", ""future"", ""inroom"", ""inside"", ""insource"", ""ontop"", ""real""]",python /home/anuriha/BEHAVIOR-1K/OmniGibson/omnigibson/learning/eval.py log_path=./logs/make_garlic_mushrooms_eval policy=websocket task.name=make_garlic_mushrooms task.activity_definition_id=0 eval_instance_ids='[0]' model.host=localhost
make_gift_bags_for_baby_showers,0,[0],make_gift_bags_for_baby_showers-0,omnigibson,/home/anuriha/BEHAVIOR-1K/bddl3/bddl/activity_definitions/make_gift_bags_for_baby_showers/problem0.bddl,R1Pro,--robot-type,13,"[""agent.n.01"", ""bookcase.n.01"", ""cabinet.n.01"", ""doll.n.01"", ""floor.n.01"", ""sack.n.01"", ""wafer.n.02""]","[""living_room""]","[""inroom"", ""inside"", ""ontop""]",python /home/anuriha/BEHAVIOR-1K/OmniGibson/omnigibson/learning/eval.py log_path=./logs/make_gift_bags_for_baby_showers_eval policy=websocket task.name=make_gift_bags_for_baby_showers task.activity_definition_id=0 eval_instance_ids='[0]' model.host=localhost
make_granola,0,[0],make_granola-0,omnigibson,/home/anuriha/BEHAVIOR-1K/bddl3/bddl/activity_definitions/make_granola/problem0.bddl,R1Pro,--robot-type,18,"[""agent.n.01"", ""cabinet.n.01"", ""cinnamon.n.03"", ""cinnamon__shaker.n.01"", ""cookie_sheet.n.01"", ""countertop.n.01"", ""floor.n.01"", ""granola.n.01"", ""honey.n.01"", ""honey__jar.n.01"", ""oat.n.02"", ""oat__box.n.01"", ""oven.n.01"", ""pecan.n.03"", ""raisin.n.01"", ""sack.n.01"", ""tupperware.n.01""]","[""kitchen""]","[""contains"", ""filled"", ""future"", ""inroom"", ""inside"", ""insource"", ""ontop"", ""real""]",python /home/anuriha/BEHAVIOR-1K/OmniGibson/omnigibson/learning/eval.py log_path=./logs/make_granola_eval policy=websocket task.name=make_granola task.activity_definition_id=0 eval_instance_ids='[0]' model.host=localhost
make_green_tea_latte,0,[0],make_green_tea_latte-0,omnigibson,/home/anuriha/BEHAVIOR-1K/bddl3/bddl/activity_definitions/make_green_tea_latte/problem0.bddl,R1Pro,--robot-type,14,"[""agent.n.01"", ""carafe.n.01"", ""countertop.n.01"", ""cup.n.01"", ""floor.n.01"", ""green_tea.n.01"", ""green_tea_latte.n.01"", ""low-fat_milk.n.01"", ""mason_jar.n.01"", ""mug.n.04"", ""water.n.06"", ""whisk.n.01""]","[""kitchen""]","[""contains"", ""filled"", ""future"", ""inroom"", ""ontop"", ""real""]",python /home/anuriha/BEHAVIOR-1K/OmniGibson/omnigibson/learning/eval.py log_path=./logs/make_green_tea_latte_eval policy=websocket task.name=make_green_tea_latte task.activity_definition_id=0 eval_instance_ids='[0]' model.host=localhost
make_homemade_bird_food,0,[0],make_homemade_bird_food-0,omnigibson,/home/anuriha/BEHAVIOR-1K/bddl3/bddl/activity_definitions/make_homemade_bird_food/problem0.bddl,R1Pro,--robot-type,19,"[""agent.n.01"", ""almond.n.02"", ""apple.n.01"", ""carving_knife.n.01"", ""countertop.n.01"", ""diced__apple.n.01"", ""electric_refrigerator.n.01"", ""floor.n.01"", ""mixing_bowl.n.01"", ""peanut_butter.n.01"", ""peanut_butter__jar.n.01"", ""pinecone.n.01"", ""raisin.n.01"", ""raisin__box.n.01"", ""sack.n.01"", ""sunflower_seed.n.01"", ""sunflower_seed__bag.n.01"", ""table_knife.n.01""]","[""kitchen""]","[""covered"", ""filled"", ""future"", ""inroom"", ""inside"", ""ontop"", ""real""]",python /home/anuriha/BEHAVIOR-1K/OmniGibson/omnigibson/learning/eval.py log_path=./logs/make_homemade_bird_food_eval policy=websocket task.name=make_homemade_bird_food task.activity_definition_id=0 eval_instance_ids='[0]' model.host=localhost
make_hot_cocoa,0,[0],make_hot_cocoa-0,omnigibson,/home/anuriha/BEHAVIOR-1K/bddl3/bddl/activity_definitions/make_hot_cocoa/problem0.bddl,R1Pro,--robot-type,22,"[""agent.n.01"", ""cocoa.n.01"", ""cocoa_powder.n.01"", ""cocoa_powder__jar.n.01"", ""countertop.n.01"", ""electric_refrigerator.n.01"", ""floor.n.01"", ""granulated_sugar.n.01"", ""marshmallow.n.01"", ""milk__carton.n.01"", ""mug.n.04"", ""sack.n.01"", ""saucepan.n.01"", ""stove.n.01"", ""sugar__sack.n.01"", ""teaspoon.n.02"", ""vanilla.n.02"", ""vanilla__bottle.n.01"", ""whole_milk.n.01""]","[""kitchen""]","[""contains"", ""filled"", ""future"", ""inroom"", ""inside"", ""insource"", ""ontop"", ""real""]",python /home/anuriha/BEHAVIOR-1K/OmniGibson/omnigibson/learning/eval.py log_path=./logs/make_hot_cocoa_eval policy=websocket task.name=make_hot_cocoa task.activity_definition_id=0 eval_instance_ids='[0]' model.host=localhost
make_ice,0,[0],make_ice-0,omnigibson,/home/anuriha/BEHAVIOR-1K/bddl3/bddl/activity_definitions/make_ice/problem0.bddl,R1Pro,--robot-type,13,"[""agent.n.01"", ""countertop.n.01"", ""deep-freeze.n.02"", ""floor.n.01"", ""ice_cube.n.01"", ""icetray.n.02"", ""sink.n.01"", ""water.n.06""]","[""kitchen""]","[""future"", ""inroom"", ""insource"", ""ontop"", ""real""]",python /home/anuriha/BEHAVIOR-1K/OmniGibson/omnigibson/learning/eval.py log_path=./logs/make_ice_eval policy=websocket task.name=make_ice task.activity_definition_id=0 eval_instance_ids='[0]' model.host=localhost
make_iced_chocolate,0,[0],make_iced_chocolate-0,omnigibson,/home/anuriha/BEHAVIOR-1K/bddl3/bddl/activity_definitions/make_iced_chocolate/problem0.bddl,R1Pro,--robot-type,21,"[""agent.n.01"", ""blender.n.01"", ""cabinet.n.01"", ""cocoa_powder.n.01"", ""cocoa_powder__jar.n.01"", ""countertop.n.01"", ""cup.n.01"", ""electric_refrigerator.n.01"", ""floor.n.01"", ""granulated_sugar.n.01"", ""ice_cube.n.01"", ""iced_chocolate.n.01"", ""milk__carton.n.01"", ""sugar__sack.n.01"", ""teaspoon.n.02"", ""vanilla.n.02"", ""vanilla__bottle.n.01"", ""water_glass.n.02"", ""whole_milk.n.01""]","[""kitchen""]","[""contains"", ""filled"", ""future"", ""inroom"", ""inside"", ""insource"", ""ontop"", ""real""]",python /home/anuriha/BEHAVIOR-1K/OmniGibson/omnigibson/learning/eval.py log_path=./logs/make_iced_chocolate_eval policy=websocket task.name=make_iced_chocolate task.activity_definition_id=0 eval_instance_ids='[0]' model.host=localhost
make_iced_tea,0,[0],make_iced_tea-0,omnigibson,/home/anuriha/BEHAVIOR-1K/bddl3/bddl/activity_definitions/make_iced_tea/problem0.bddl,R1Pro,--robot-type,16,"[""agent.n.01"", ""cabinet.n.01"", ""countertop.n.01"", ""cup.n.01"", ""electric_kettle.n.01"", ""electric_refrigerator.n.01"", ""floor.n.01"", ""ice_cube.n.01"", ""mug.n.04"", ""sink.n.01"", ""stove.n.01"", ""tablespoon.n.02"", ""tea_bag.n.01"", ""water.n.06"", ""water_glass.n.02""]","[""kitchen""]","[""contains"", ""inroom"", ""inside"", ""insource"", ""ontop""]",python /home/anuriha/BEHAVIOR-1K/OmniGibson/omnigibson/learning/eval.py log_path=./logs/make_iced_tea_eval policy=websocket task.name=make_iced_tea task.activity_definition_id=0 eval_instance_ids='[0]' model.host=localhost
make_instant_coffee,0,[0],make_instant_coffee-0,omnigibson,/home/anuriha/BEHAVIOR-1K/bddl3/bddl/activity_definitions/make_instant_coffee/problem0.bddl,R1Pro,--robot-type,11,"[""agent.n.01"", ""cabinet.n.01"", ""countertop.n.01"", ""drip_coffee.n.01"", ""floor.n.01"", ""instant_coffee.n.01"", ""instant_coffee__jar.n.01"", ""mug.n.04"", ""sink.n.01"", ""tablespoon.n.02"", ""water.n.06""]","[""kitchen""]","[""contains"", ""filled"", ""future"", ""inroom"", ""inside"", ""insource"", ""ontop"", ""real""]",python /home/anuriha/BEHAVIOR-1K/OmniGibson/omnigibson/learning/eval.py log_path=./logs/make_instant_coffee_eval policy=websocket task.name=make_instant_coffee task.activity_definition_id=0 eval_instance_ids='[0]' model.host=localhost
make_jamaican_jerk_seasoning,0,[0],make_jamaican_jerk_seasoning-0,omnigibson,/home/anuriha/BEHAVIOR-1K/bddl3/bddl/activity_definitions/make_jamaican_jerk_seasoning/problem0.bddl,R1Pro,--robot-type,16,"[""agent.n.01"", ""blender.n.01"", ""bowl.n.01"", ""brown_sugar.n.01"", ""brown_sugar__sack.n.01"", ""cayenne.n.02"", ""cayenne__shaker.n.01"", ""chili.n.02"", ""chopping_board.n.01"", ""clove.n.03"", ""countertop.n.01"", ""electric_refrigerator.n.01"", ""floor.n.01"", ""jerk_seasoning.n.01"", ""teaspoon.n.02""]","[""kitchen""]","[""contains"", ""filled"", ""future"", ""inroom"", ""inside"", ""insource"", ""ontop"", ""real""]",python /home/anuriha/BEHAVIOR-1K/OmniGibson/omnigibson/learning/eval.py log_path=./logs/make_jamaican_jerk_seasoning_eval policy=websocket task.name=make_jamaican_jerk_seasoning task.activity_definition_id=0 eval_instance_ids='[0]' model.host=localhost
make_king_prawns_with_garlic,0,[0],make_king_prawns_with_garlic-0,omnigibson,/home/anuriha/BEHAVIOR-1K/bddl3/bddl/activity_definitions/make_king_prawns_with_garlic/problem0.bddl,R1Pro,--robot-type,24,"[""agent.n.01"", ""bowl.n.01"", ""carving_knife.n.01"", ""chopping_board.n.01"", ""clove.n.03"", ""cooked__diced__clove.n.01"", ""countertop.n.01"", ""electric_refrigerator.n.01"", ""floor.n.01"", ""frying_pan.n.01"", ""olive_oil.n.01"", ""olive_oil__bottle.n.01"", ""prawn.n.01"", ""sack.n.01"", ""salt.n.02"", ""salt__shaker.n.01"", ""stove.n.01""]","[""kitchen""]","[""contains"", ""cooked"", ""filled"", ""frozen"", ""future"", ""inroom"", ""inside"", ""insource"", ""ontop"", ""real""]",python /home/anuriha/BEHAVIOR-1K/OmniGibson/omnigibson/learning/eval.py log_path=./logs/make_king_prawns_with_garlic_eval policy=websocket task.name=make_king_prawns_with_garlic task.activity_definition_id=0 eval_instance_ids='[0]' model.host=localhost
make_lemon_or_lime_water,0,[0],make_lemon_or_lime_water-0,omnigibson,/home/anuriha/BEHAVIOR-1K/bddl3/bddl/activity_definitions/make_lemon_or_lime_water/problem0.bddl,R1Pro,--robot-type,14,"[""agent.n.01"", ""carving_knife.n.01"", ""chopping_board.n.01"", ""countertop.n.01"", ""cup.n.01"", ""electric_refrigerator.n.01"", ""floor.n.01"", ""ice_cube.n.01"", ""lemon.n.01"", ""sink.n.01"", ""tablespoon.n.02"", ""water.n.06"", ""water_glass.n.02""]","[""kitchen""]","[""filled"", ""inroom"", ""inside"", ""insource"", ""ontop""]",python /home/anuriha/BEHAVIOR-1K/OmniGibson/omnigibson/learning/eval.py log_path=./logs/make_lemon_or_lime_water_eval policy=websocket task.name=make_lemon_or_lime_water task.activity_definition_id=0 eval_instance_ids='[0]' model.host=localhost
make_lemon_pepper_seasoning,0,[0],make_lemon_pepper_seasoning-0,omnigibson,/home/anuriha/BEHAVIOR-1K/bddl3/bddl/activity_definitions/make_lemon_pepper_seasoning/problem0.bddl,R1Pro,--robot-type,15,"[""agent.n.01"", ""black_pepper.n.02"", ""blender.n.01"", ""chopping_board.n.01"", ""countertop.n.01"", ""electric_refrigerator.n.01"", ""floor.n.01"", ""lemon-pepper_seasoning.n.01"", ""lemon_juice.n.01"", ""lemon_juice__bottle.n.01"", ""lemon_peel.n.01"", ""pepper__shaker.n.01"", ""salt.n.02"", ""salt__shaker.n.01""]","[""kitchen""]","[""filled"", ""future"", ""inroom"", ""inside"", ""insource"", ""ontop"", ""real""]",python /home/anuriha/BEHAVIOR-1K/OmniGibson/omnigibson/learning/eval.py log_path=./logs/make_lemon_pepper_seasoning_eval policy=websocket task.name=make_lemon_pepper_seasoning task.activity_definition_id=0 eval_instance_ids='[0]' model.host=localhost
make_lemon_pepper_wings,0,[0],make_lemon_pepper_wings-0,omnigibson,/home/anuriha/BEHAVIOR-1K/bddl3/bddl/activity_definitions/make_lemon_pepper_wings/problem0.bddl,R1Pro,--robot-type,30,"[""agent.n.01"", ""bowl.n.01"", ""cabinet.n.01"", ""chicken_wing.n.01"", ""cooked__lemon-pepper_seasoning.n.01"", ""cooked__olive_oil.n.01"", ""cooked__salt.n.01"", ""countertop.n.01"", ""electric_refrigerator.n.01"", ""floor.n.01"", ""frying_pan.n.01"", ""lemon-pepper_seasoning.n.01"", ""lemon-pepper_seasoning__shaker.n.01"", ""melted__butter.n.01"", ""olive_oil.n.01"", ""olive_oil__bottle.n.01"", ""salt.n.02"", ""salt__shaker.n.01"", ""stove.n.01"", ""tongs.n.01"", ""tray.n.01""]","[""kitchen""]","[""cooked"", ""covered"", ""filled"", ""future"", ""inroom"", ""inside"", ""insource"", ""ontop"", ""real""]",python /home/anuriha/BEHAVIOR-1K/OmniGibson/omnigibson/learning/eval.py log_path=./logs/make_lemon_pepper_wings_eval policy=websocket task.name=make_lemon_pepper_wings task.activity_definition_id=0 eval_instance_ids='[0]' model.host=localhost
make_lemon_stain_remover,0,[0],make_lemon_stain_remover-0,omnigibson,/home/anuriha/BEHAVIOR-1K/bddl3/bddl/activity_definitions/make_lemon_stain_remover/problem0.bddl,R1Pro,--robot-type,14,"[""agent.n.01"", ""cabinet.n.01"", ""carboy.n.01"", ""countertop.n.01"", ""electric_refrigerator.n.01"", ""floor.n.01"", ""lemon_juice.n.01"", ""lemon_juice__bottle.n.01"", ""lemon_stain_remover.n.01"", ""sodium_carbonate.n.01"", ""sodium_carbonate__jar.n.01"", ""vinegar.n.01"", ""vinegar__bottle.n.01"", ""wooden_spoon.n.02""]","[""kitchen""]","[""contains"", ""filled"", ""future"", ""inroom"", ""inside"", ""ontop"", ""real""]",python /home/anuriha/BEHAVIOR-1K/OmniGibson/omnigibson/learning/eval.py log_path=./logs/make_lemon_stain_remover_eval policy=websocket task.name=make_lemon_stain_remover task.activity_definition_id=0 eval_instance_ids='[0]' model.host=localhost
make_lemonade,0,[0],make_lemonade-0,omnigibson,/home/anuriha/BEHAVIOR-1K/bddl3/bddl/activity_definitions/make_lemonade/problem0.bddl,R1Pro,--robot-type,14,"[""agent.n.01"", ""cabinet.n.01"", ""countertop.n.01"", ""electric_refrigerator.n.01"", ""floor.n.01"", ""granulated_sugar.n.01"", ""lemon_juice.n.01"", ""lemon_juice__bottle.n.01"", ""lemonade.n.01"", ""pitcher.n.02"", ""sink.n.01"", ""sugar__sack.n.01"", ""water.n.06"", ""wooden_spoon.n.02""]","[""kitchen""]","[""contains"", ""filled"", ""future"", ""inroom"", ""inside"", ""insource"", ""ontop"", ""real""]",python /home/anuriha/BEHAVIOR-1K/OmniGibson/omnigibson/learning/eval.py log_path=./logs/make_lemonade_eval policy=websocket task.name=make_lemonade task.activity_definition_id=0 eval_instance_ids='[0]' model.host=localhost
make_limeade,0,[0],make_limeade-0,omnigibson,/home/anuriha/BEHAVIOR-1K/bddl3/bddl/activity_definitions/make_limeade/problem0.bddl,R1Pro,--robot-type,19,"[""agent.n.01"", ""bowl.n.01"", ""cabinet.n.01"", ""countertop.n.01"", ""electric_refrigerator.n.01"", ""floor.n.01"", ""granulated_sugar.n.01"", ""ice_cube.n.01"", ""lime_juice.n.01"", ""lime_juice__bottle.n.01"", ""limeade.n.01"", ""pitcher.n.02"", ""sink.n.01"", ""sugar__sack.n.01"", ""water.n.06"", ""wooden_spoon.n.02""]","[""kitchen""]","[""contains"", ""filled"", ""future"", ""inroom"", ""inside"", ""insource"", ""ontop"", ""real""]",python /home/anuriha/BEHAVIOR-1K/OmniGibson/omnigibson/learning/eval.py log_path=./logs/make_limeade_eval policy=websocket task.name=make_limeade task.activity_definition_id=0 eval_instance_ids='[0]' model.host=localhost
make_macaroni_and_cheese,0,[0],make_macaroni_and_cheese-0,omnigibson,/home/anuriha/BEHAVIOR-1K/bddl3/bddl/activity_definitions/make_macaroni_and_cheese/problem0.bddl,R1Pro,--robot-type,30,"[""agent.n.01"", ""bowl.n.01"", ""breadcrumb.n.01"", ""butter.n.01"", ""casserole.n.02"", ""countertop.n.01"", ""cream_cheese.n.01"", ""cream_cheese__box.n.01"", ""cup.n.01"", ""electric_refrigerator.n.01"", ""floor.n.01"", ""grated_cheese.n.01"", ""macaroni_and_cheese.n.01"", ""milk__carton.n.01"", ""noodle.n.01"", ""noodle__jar.n.01"", ""oven.n.01"", ""parmesan.n.01"", ""salt.n.02"", ""salt__shaker.n.01"", ""saucepan.n.01"", ""sink.n.01"", ""stockpot.n.01"", ""stove.n.01"", ""water.n.06"", ""whole_milk.n.01"", ""wooden_spoon.n.02""]","[""kitchen""]","[""cooked"", ""filled"", ""future"", ""inroom"", ""inside"", ""insource"", ""ontop"", ""real""]",python /home/anuriha/BEHAVIOR-1K/OmniGibson/omnigibson/learning/eval.py log_path=./logs/make_macaroni_and_cheese_eval policy=websocket task.name=make_macaroni_and_cheese task.activity_definition_id=0 eval_instance_ids='[0]' model.host=localhost
make_meatloaf,0,[0],make_meatloaf-0,omnigibson,/home/anuriha/BEHAVIOR-1K/bddl3/bddl/activity_definitions/make_meatloaf/problem0.bddl,R1Pro,--robot-type,21,"[""agent.n.01"", ""bowl.n.01"", ""breadcrumb.n.01"", ""brown_sugar.n.01"", ""brown_sugar__sack.n.01"", ""cabinet.n.01"", ""carving_knife.n.01"", ""casserole.n.02"", ""catsup.n.01"", ""catsup__bottle.n.01"", ""chopping_board.n.01"", ""countertop.n.01"", ""electric_refrigerator.n.01"", ""floor.n.01"", ""ground_beef.n.01"", ""ground_beef__package.n.01"", ""meat_loaf.n.01"", ""milk__carton.n.01"", ""oven.n.01"", ""vidalia_onion.n.01"", ""whole_milk.n.01""]","[""kitchen""]","[""cooked"", ""covered"", ""filled"", ""future"", ""inroom"", ""inside"", ""insource"", ""ontop"", ""real""]",python /home/anuriha/BEHAVIOR-1K/OmniGibson/omnigibson/learning/eval.py log_path=./logs/make_meatloaf_eval policy=websocket task.name=make_meatloaf task.activity_definition_id=0 eval_instance_ids='[0]' model.host=localhost
make_microwave_popcorn,0,[0],make_microwave_popcorn-0,omnigibson,/home/anuriha/BEHAVIOR-1K/bddl3/bddl/activity_definitions/make_microwave_popcorn/problem0.bddl,R1Pro,--robot-type,7,"[""agent.n.01"", ""cooked__popcorn.n.01"", ""countertop.n.01"", ""floor.n.01"", ""microwave.n.02"", ""popcorn.n.02"", ""popcorn__bag.n.01""]","[""kitchen""]","[""contains"", ""filled"", ""future"", ""inroom"", ""ontop"", ""real""]",python /home/anuriha/BEHAVIOR-1K/OmniGibson/omnigibson/learning/eval.py log_path=./logs/make_microwave_popcorn_eval policy=websocket task.name=make_microwave_popcorn task.activity_definition_id=0 eval_instance_ids='[0]' model.host=localhost
make_muffins,0,[0],make_muffins-0,omnigibson,/home/anuriha/BEHAVIOR-1K/bddl3/bddl/activity_definitions/make_muffins/problem0.bddl,R1Pro,--robot-type,29,"[""agent.n.01"", ""baking_powder.n.01"", ""baking_powder__jar.n.01"", ""bowl.n.01"", ""cabinet.n.01"", ""cookie_sheet.n.01"", ""cooking_oil.n.01"", ""cooking_oil__bottle.n.01"", ""countertop.n.01"", ""electric_mixer.n.01"", ""electric_refrigerator.n.01"", ""floor.n.01"", ""flour.n.01"", ""flour__sack.n.01"", ""granulated_sugar.n.01"", ""milk__carton.n.01"", ""muffin.n.01"", ""oven.n.01"", ""raw_egg.n.01"", ""salt.n.02"", ""salt__shaker.n.01"", ""sugar__sack.n.01"", ""whole_milk.n.01""]","[""kitchen""]","[""cooked"", ""filled"", ""future"", ""inroom"", ""inside"", ""insource"", ""ontop"", ""real""]",python /home/anuriha/BEHAVIOR-1K/OmniGibson/omnigibson/learning/eval.py log_path=./logs/make_muffins_eval policy=websocket task.name=make_muffins task.activity_definition_id=0 eval_instance_ids='[0]' model.host=localhost
make_mustard_herb_and_spice_seasoning,0,[0],make_mustard_herb_and_spice_seasoning-0,omnigibson,/home/anuriha/BEHAVIOR-1K/bddl3/bddl/activity_definitions/make_mustard_herb_and_spice_seasoning/problem0.bddl,R1Pro,--robot-type,21,"[""agent.n.01"", ""blender.n.01"", ""bowl.n.01"", ""cabinet.n.01"", ""chopping_board.n.01"", ""clove.n.03"", ""countertop.n.01"", ""cumin.n.02"", ""cumin__shaker.n.01"", ""floor.n.01"", ""mustard_seasoning.n.01"", ""mustard_seed.n.01"", ""mustard_seed__shaker.n.01"", ""rosemary.n.02"", ""rosemary__shaker.n.01"", ""sage.n.02"", ""sage__shaker.n.01"", ""salt.n.02"", ""salt__shaker.n.01""]","[""kitchen""]","[""contains"", ""future"", ""inroom"", ""inside"", ""insource"", ""ontop"", ""real""]",python /home/anuriha/BEHAVIOR-1K/OmniGibson/omnigibson/learning/eval.py log_path=./logs/make_mustard_herb_and_spice_seasoning_eval policy=websocket task.name=make_mustard_herb_and_spice_seasoning task.activity_definition_id=0 eval_instance_ids='[0]' model.host=localhost
make_nachos,0,[0],make_nachos-0,omnigibson,/home/anuriha/BEHAVIOR-1K/bddl3/bddl/activity_definitions/make_nachos/problem0.bddl,R1Pro,--robot-type,37,"[""agent.n.01"", ""avocado.n.01"", ""beefsteak_tomato.n.01"", ""cabinet.n.01"", ""carving_knife.n.01"", ""chopping_board.n.01"", ""cooked__diced__beefsteak_tomato.n.01"", ""cooked__diced__green_onion.n.01"", ""cooked__ground_beef.n.01"", ""cooked__paprika.n.01"", ""cooked__salsa.n.01"", ""cookie_sheet.n.01"", ""countertop.n.01"", ""diced__avocado.n.01"", ""diced__beefsteak_tomato.n.01"", ""diced__green_onion.n.01"", ""electric_refrigerator.n.01"", ""floor.n.01"", ""grated_cheese.n.01"", ""green_onion.n.01"", ""melted__grated_cheese.n.01"", ""oven.n.01"", ""paprika.n.02"", ""paprika__shaker.n.01"", ""sack.n.01"", ""salsa.n.01"", ""salsa__bottle.n.01"", ""tortilla_chip.n.01"", ""tupperware.n.01""]","[""kitchen""]","[""covered"", ""filled"", ""future"", ""inroom"", ""inside"", ""insource"", ""ontop"", ""real""]",python /home/anuriha/BEHAVIOR-1K/OmniGibson/omnigibson/learning/eval.py log_path=./logs/make_nachos_eval policy=websocket task.name=make_nachos task.activity_definition_id=0 eval_instance_ids='[0]' model.host=localhost
make_oatmeal,0,[0],make_oatmeal-0,omnigibson,/home/anuriha/BEHAVIOR-1K/bddl3/bddl/activity_definitions/make_oatmeal/problem0.bddl,R1Pro,--robot-type,21,"[""agent.n.01"", ""cabinet.n.01"", ""cinnamon.n.03"", ""cinnamon__shaker.n.01"", ""countertop.n.01"", ""electric_refrigerator.n.01"", ""floor.n.01"", ""honey.n.01"", ""honey__jar.n.01"", ""low-fat_milk.n.01"", ""milk__carton.n.01"", ""oat.n.02"", ""oat__box.n.01"", ""oatmeal.n.01"", ""salt.n.02"", ""salt__shaker.n.01"", ""saucepot.n.01"", ""sink.n.01"", ""stove.n.01"", ""water.n.06""]","[""kitchen""]","[""contains"", ""filled"", ""future"", ""inroom"", ""inside"", ""insource"", ""ontop"", ""real""]",python /home/anuriha/BEHAVIOR-1K/OmniGibson/omnigibson/learning/eval.py log_path=./logs/make_oatmeal_eval policy=websocket task.name=make_oatmeal task.activity_definition_id=0 eval_instance_ids='[0]' model.host=localhost
make_onion_ring_batter,0,[0],make_onion_ring_batter-0,omnigibson,/home/anuriha/BEHAVIOR-1K/bddl3/bddl/activity_definitions/make_onion_ring_batter/problem0.bddl,R1Pro,--robot-type,19,"[""agent.n.01"", ""bowl.n.01"", ""cabinet.n.01"", ""cooking_oil.n.01"", ""cooking_oil__bottle.n.01"", ""countertop.n.01"", ""electric_mixer.n.01"", ""electric_refrigerator.n.01"", ""floor.n.01"", ""flour.n.01"", ""flour__sack.n.01"", ""milk__carton.n.01"", ""onion_powder.n.01"", ""onion_powder__shaker.n.01"", ""onion_ring_batter.n.01"", ""raw_egg.n.01"", ""salt.n.02"", ""salt__shaker.n.01"", ""whole_milk.n.01""]","[""kitchen""]","[""contains"", ""filled"", ""future"", ""inroom"", ""inside"", ""insource"", ""ontop"", ""real""]",python /home/anuriha/BEHAVIOR-1K/OmniGibson/omnigibson/learning/eval.py log_path=./logs/make_onion_ring_batter_eval policy=websocket task.name=make_onion_ring_batter task.activity_definition_id=0 eval_instance_ids='[0]' model.host=localhost
make_party_favors_from_candy,0,[0],make_party_favors_from_candy-0,omnigibson,/home/anuriha/BEHAVIOR-1K/bddl3/bddl/activity_definitions/make_party_favors_from_candy/problem0.bddl,R1Pro,--robot-type,13,"[""agent.n.01"", ""chocolate_chip_cookie.n.01"", ""countertop.n.01"", ""cup.n.01"", ""floor.n.01"", ""jelly_bean.n.01"", ""jelly_bean__jar.n.01"", ""jimmies.n.01"", ""jimmies__jar.n.01"", ""marshmallow.n.01""]","[""kitchen""]","[""contains"", ""filled"", ""inroom"", ""inside"", ""ontop""]",python /home/anuriha/BEHAVIOR-1K/OmniGibson/omnigibson/learning/eval.py log_path=./logs/make_party_favors_from_candy_eval policy=websocket task.name=make_party_favors_from_candy task.activity_definition_id=0 eval_instance_ids='[0]' model.host=localhost
make_pasta_sauce,0,[0],make_pasta_sauce-0,omnigibson,/home/anuriha/BEHAVIOR-1K/bddl3/bddl/activity_definitions/make_pasta_sauce/problem0.bddl,R1Pro,--robot-type,33,"[""agent.n.01"", ""basil.n.03"", ""beefsteak_tomato.n.01"", ""bowl.n.01"", ""cabinet.n.01"", ""carving_knife.n.01"", ""chopping_board.n.01"", ""clove.n.03"", ""cooked__marinara.n.01"", ""countertop.n.01"", ""electric_refrigerator.n.01"", ""floor.n.01"", ""granulated_sugar.n.01"", ""marjoram.n.02"", ""marjoram__shaker.n.01"", ""mason_jar.n.01"", ""oven.n.01"", ""salt.n.02"", ""salt__shaker.n.01"", ""stockpot.n.01"", ""sugar__sack.n.01"", ""tupperware.n.01"", ""vidalia_onion.n.01""]","[""kitchen""]","[""contains"", ""filled"", ""future"", ""inroom"", ""inside"", ""insource"", ""ontop"", ""real""]",python /home/anuriha/BEHAVIOR-1K/OmniGibson/omnigibson/learning/eval.py log_path=./logs/make_pasta_sauce_eval policy=websocket task.name=make_pasta_sauce task.activity_definition_id=0 eval_instance_ids='[0]' model.host=localhost
make_pastry,0,[0],make_pastry-0,omnigibson,/home/anuriha/BEHAVIOR-1K/bddl3/bddl/activity_definitions/make_pastry/problem0.bddl,R1Pro,--robot-type,17,"[""agent.n.01"", ""butter.n.01"", ""butter__package.n.01"", ""cabinet.n.01"", ""countertop.n.01"", ""electric_refrigerator.n.01"", ""floor.n.01"", ""flour.n.01"", ""flour__sack.n.01"", ""food_processor.n.01"", ""pastry.n.01"", ""salt.n.02"", ""salt__shaker.n.01"", ""sink.n.01"", ""water.n.06"", ""wooden_spoon.n.02""]","[""kitchen""]","[""filled"", ""future"", ""inroom"", ""inside"", ""insource"", ""ontop"", ""real""]",python /home/anuriha/BEHAVIOR-1K/OmniGibson/omnigibson/learning/eval.py log_path=./logs/make_pastry_eval policy=websocket task.name=make_pastry task.activity_definition_id=0 eval_instance_ids='[0]' model.host=localhost
make_pizza,0,[0],make_pizza-0,omnigibson,/home/anuriha/BEHAVIOR-1K/bddl3/bddl/activity_definitions/make_pizza/problem0.bddl,R1Pro,--robot-type,23,"[""agent.n.01"", ""bowl.n.01"", ""cabinet.n.01"", ""carving_knife.n.01"", ""chopping_board.n.01"", ""cookie_sheet.n.01"", ""countertop.n.01"", ""electric_refrigerator.n.01"", ""floor.n.01"", ""grated_cheese.n.01"", ""mushroom.n.05"", ""oven.n.01"", ""pepperoni.n.01"", ""pizza.n.01"", ""pizza_dough.n.01"", ""tupperware.n.01"", ""vidalia_onion.n.01""]","[""kitchen""]","[""filled"", ""future"", ""inroom"", ""inside"", ""ontop"", ""real""]",python /home/anuriha/BEHAVIOR-1K/OmniGibson/omnigibson/learning/eval.py log_path=./logs/make_pizza_eval policy=websocket task.name=make_pizza task.activity_definition_id=0 eval_instance_ids='[0]' model.host=localhost
make_pizza_dough,0,[0],make_pizza_dough-0,omnigibson,/home/anuriha/BEHAVIOR-1K/bddl3/bddl/activity_definitions/make_pizza_dough/problem0.bddl,R1Pro,--robot-type,18,"[""agent.n.01"", ""cabinet.n.01"", ""countertop.n.01"", ""electric_mixer.n.01"", ""floor.n.01"", ""flour.n.01"", ""flour__sack.n.01"", ""granulated_sugar.n.01"", ""olive_oil.n.01"", ""olive_oil__bottle.n.01"", ""pizza_dough.n.01"", ""salt.n.02"", ""salt__shaker.n.01"", ""sink.n.01"", ""sugar__sack.n.01"", ""water.n.06"", ""yeast.n.01"", ""yeast__shaker.n.01""]","[""kitchen""]","[""cooked"", ""filled"", ""future"", ""inroom"", ""inside"", ""insource"", ""ontop"", ""real""]",python /home/anuriha/BEHAVIOR-1K/OmniGibson/omnigibson/learning/eval.py log_path=./logs/make_pizza_dough_eval policy=websocket task.name=make_pizza_dough task.activity_definition_id=0 eval_instance_ids='[0]' model.host=localhost
make_pizza_sauce,0,[0],make_pizza_sauce-0,omnigibson,/home/anuriha/BEHAVIOR-1K/bddl3/bddl/activity_definitions/make_pizza_sauce/problem0.bddl,R1Pro,--robot-type,20,"[""agent.n.01"", ""basil.n.03"", ""beefsteak_tomato.n.01"", ""bowl.n.01"", ""cabinet.n.01"", ""clove.n.03"", ""countertop.n.01"", ""electric_refrigerator.n.01"", ""floor.n.01"", ""marjoram.n.02"", ""marjoram__shaker.n.01"", ""salt.n.02"", ""salt__shaker.n.01"", ""stockpot.n.01"", ""stove.n.01"", ""tomato_paste.n.01"", ""tomato_paste__can.n.01"", ""tomato_sauce.n.01""]","[""kitchen""]","[""contains"", ""filled"", ""future"", ""inroom"", ""inside"", ""insource"", ""ontop"", ""real""]",python /home/anuriha/BEHAVIOR-1K/OmniGibson/omnigibson/learning/eval.py log_path=./logs/make_pizza_sauce_eval policy=websocket task.name=make_pizza_sauce task.activity_definition_id=0 eval_instance_ids='[0]' model.host=localhost
make_popsicles,0,[0],make_popsicles-0,omnigibson,/home/anuriha/BEHAVIOR-1K/bddl3/bddl/activity_definitions/make_popsicles/problem0.bddl,R1Pro,--robot-type,20,"[""agent.n.01"", ""blender.n.01"", ""cabinet.n.01"", ""countertop.n.01"", ""deep-freeze.n.02"", ""electric_refrigerator.n.01"", ""floor.n.01"", ""honey.n.01"", ""honey__jar.n.01"", ""ice_lolly.n.01"", ""lemon_juice.n.01"", ""lemon_juice__bottle.n.01"", ""mold.n.02"", ""raspberry.n.02"", ""strawberry.n.01"", ""yogurt.n.01"", ""yogurt__carton.n.01""]","[""kitchen""]","[""filled"", ""future"", ""inroom"", ""inside"", ""ontop"", ""real""]",python /home/anuriha/BEHAVIOR-1K/OmniGibson/omnigibson/learning/eval.py log_path=./logs/make_popsicles_eval policy=websocket task.name=make_popsicles task.activity_definition_id=0 eval_instance_ids='[0]' model.host=localhost
make_pumpkin_pie_spice,0,[0],make_pumpkin_pie_spice-0,omnigibson,/home/anuriha/BEHAVIOR-1K/bddl3/bddl/activity_definitions/make_pumpkin_pie_spice/problem0.bddl,R1Pro,--robot-type,17,"[""agent.n.01"", ""allspice.n.03"", ""allspice__shaker.n.01"", ""cabinet.n.01"", ""cinnamon.n.03"", ""cinnamon__shaker.n.01"", ""clove.n.04"", ""clove__jar.n.01"", ""countertop.n.01"", ""floor.n.01"", ""ginger.n.02"", ""ginger__shaker.n.01"", ""mixing_bowl.n.01"", ""nutmeg.n.02"", ""nutmeg__shaker.n.01"", ""pumpkin_pie_spice.n.01"", ""whisk.n.01""]","[""kitchen""]","[""contains"", ""filled"", ""future"", ""inroom"", ""inside"", ""insource"", ""ontop"", ""real""]",python /home/anuriha/BEHAVIOR-1K/OmniGibson/omnigibson/learning/eval.py log_path=./logs/make_pumpkin_pie_spice_eval policy=websocket task.name=make_pumpkin_pie_spice task.activity_definition_id=0 eval_instance_ids='[0]' model.host=localhost
make_red_beans_and_rice,0,[0],make_red_beans_and_rice-0,omnigibson,/home/anuriha/BEHAVIOR-1K/bddl3/bddl/activity_definitions/make_red_beans_and_rice/problem0.bddl,R1Pro,--robot-type,38,"[""agent.n.01"", ""beefsteak_tomato.n.01"", ""bell_pepper.n.02"", ""black_pepper.n.02"", ""carving_knife.n.01"", ""chopping_board.n.01"", ""clove.n.03"", ""cooked__black_pepper.n.01"", ""cooked__diced__beefsteak_tomato.n.01"", ""cooked__diced__bell_pepper.n.01"", ""cooked__diced__clove.n.01"", ""cooked__diced__turkey.n.01"", ""cooked__diced__vidalia_onion.n.01"", ""cooked__kidney_bean.n.01"", ""cooked__marjoram.n.01"", ""cooked__salt.n.01"", ""cooked__white_rice.n.01"", ""countertop.n.01"", ""floor.n.01"", ""kidney_bean.n.02"", ""marjoram.n.02"", ""marjoram__shaker.n.01"", ""mason_jar.n.01"", ""pepper__shaker.n.01"", ""salt.n.02"", ""salt__shaker.n.01"", ""sink.n.01"", ""stockpot.n.01"", ""stove.n.01"", ""turkey.n.04"", ""vidalia_onion.n.01"", ""water.n.06"", ""white_rice.n.01"", ""white_rice__sack.n.01""]","[""kitchen""]","[""contains"", ""filled"", ""future"", ""inroom"", ""insource"", ""ontop"", ""real""]",python /home/anuriha/BEHAVIOR-1K/OmniGibson/omnigibson/learning/eval.py log_path=./logs/make_red_beans_and_rice_eval policy=websocket task.name=make_red_beans_and_rice task.activity_definition_id=0 eval_instance_ids='[0]' model.host=localhost
make_rose_centerpieces,0,[0],make_rose_centerpieces-0,omnigibson,/home/anuriha/BEHAVIOR-1K/bddl3/bddl/activity_definitions/make_rose_centerpieces/problem0.bddl,R1Pro,--robot-type,8,"[""agent.n.01"", ""coffee_table.n.01"", ""floor.n.01"", ""rose.n.01"", ""vase.n.01""]","[""living_room""]","[""inroom"", ""inside"", ""ontop""]",python /home/anuriha/BEHAVIOR-1K/OmniGibson/omnigibson/learning/eval.py log_path=./logs/make_rose_centerpieces_eval policy=websocket task.name=make_rose_centerpieces task.activity_definition_id=0 eval_instance_ids='[0]' model.host=localhost
make_seafood_stew,0,[0],make_seafood_stew-0,omnigibson,/home/anuriha/BEHAVIOR-1K/bddl3/bddl/activity_definitions/make_seafood_stew/problem0.bddl,R1Pro,--robot-type,45,"[""agent.n.01"", ""beefsteak_tomato.n.01"", ""bell_pepper.n.02"", ""cabinet.n.01"", ""carving_knife.n.01"", ""chicken_broth.n.01"", ""chopping_board.n.01"", ""clam.n.03"", ""clove.n.03"", ""countertop.n.01"", ""cup.n.01"", ""electric_refrigerator.n.01"", ""fish_stew.n.01"", ""floor.n.01"", ""marjoram.n.02"", ""marjoram__shaker.n.01"", ""mason_jar.n.01"", ""olive_oil.n.01"", ""olive_oil__bottle.n.01"", ""parsley.n.02"", ""prawn.n.01"", ""scallop.n.02"", ""stockpot.n.01"", ""stove.n.01"", ""tomato_sauce.n.01"", ""tomato_sauce__jar.n.01"", ""tupperware.n.01""]","[""kitchen""]","[""contains"", ""cooked"", ""filled"", ""future"", ""inroom"", ""inside"", ""insource"", ""ontop"", ""real""]",python /home/anuriha/BEHAVIOR-1K/OmniGibson/omnigibson/learning/eval.py log_path=./logs/make_seafood_stew_eval policy=websocket task.name=make_seafood_stew task.activity_definition_id=0 eval_instance_ids='[0]' model.host=localhost
make_soup,0,[0],make_soup-0,omnigibson,/home/anuriha/BEHAVIOR-1K/bddl3/bddl/activity_definitions/make_soup/problem0.bddl,R1Pro,--robot-type,19,"[""agent.n.01"", ""cabinet.n.01"", ""carrot.n.03"", ""carving_knife.n.01"", ""celery.n.02"", ""chicken.n.01"", ""chicken_broth.n.01"", ""chicken_broth__carton.n.01"", ""chopping_board.n.01"", ""cooked__chicken_soup.n.01"", ""countertop.n.01"", ""electric_refrigerator.n.01"", ""floor.n.01"", ""rosemary.n.02"", ""rosemary__shaker.n.01"", ""salt.n.02"", ""salt__shaker.n.01"", ""stockpot.n.01"", ""stove.n.01""]","[""kitchen""]","[""contains"", ""cooked"", ""filled"", ""future"", ""inroom"", ""inside"", ""insource"", ""ontop"", ""real""]",python /home/anuriha/BEHAVIOR-1K/OmniGibson/omnigibson/learning/eval.py log_path=./logs/make_soup_eval policy=websocket task.name=make_soup task.activity_definition_id=0 eval_instance_ids='[0]' model.host=localhost
make_spa_water,0,[0],make_spa_water-0,omnigibson,/home/anuriha/BEHAVIOR-1K/bddl3/bddl/activity_definitions/make_spa_water/problem0.bddl,R1Pro,--robot-type,15,"[""agent.n.01"", ""carving_knife.n.01"", ""chopping_board.n.01"", ""countertop.n.01"", ""cucumber.n.02"", ""cup.n.01"", ""diced__cucumber.n.01"", ""electric_refrigerator.n.01"", ""floor.n.01"", ""ice_cube.n.01"", ""pitcher.n.02"", ""sink.n.01"", ""water.n.06""]","[""kitchen""]","[""contains"", ""filled"", ""future"", ""inroom"", ""inside"", ""insource"", ""ontop"", ""real""]",python /home/anuriha/BEHAVIOR-1K/OmniGibson/omnigibson/learning/eval.py log_path=./logs/make_spa_water_eval policy=websocket task.name=make_spa_water task.activity_definition_id=0 eval_instance_ids='[0]' model.host=localhost
make_stew,0,[0],make_stew-0,omnigibson,/home/anuriha/BEHAVIOR-1K/bddl3/bddl/activity_definitions/make_stew/problem0.bddl,R1Pro,--robot-type,22,"[""agent.n.01"", ""beef_broth.n.01"", ""beef_broth__carton.n.01"", ""beef_stew.n.01"", ""cabinet.n.01"", ""carrot.n.03"", ""carving_knife.n.01"", ""chopping_board.n.01"", ""countertop.n.01"", ""electric_refrigerator.n.01"", ""floor.n.01"", ""ground_beef.n.01"", ""pea.n.01"", ""stockpot.n.01"", ""stove.n.01"", ""tupperware.n.01"", ""vidalia_onion.n.01"", ""wicker_basket.n.01""]","[""kitchen""]","[""contains"", ""filled"", ""future"", ""inroom"", ""inside"", ""ontop"", ""real""]",python /home/anuriha/BEHAVIOR-1K/OmniGibson/omnigibson/learning/eval.py log_path=./logs/make_stew_eval policy=websocket task.name=make_stew task.activity_definition_id=0 eval_instance_ids='[0]' model.host=localhost
make_stewed_fruit,0,[0],make_stewed_fruit-0,omnigibson,/home/anuriha/BEHAVIOR-1K/bddl3/bddl/activity_definitions/make_stewed_fruit/problem0.bddl,R1Pro,--robot-type,8,"[""agent.n.01"", ""apple.n.01"", ""bowl.n.01"", ""countertop.n.01"", ""floor.n.01"", ""pear.n.01"", ""plum.n.02"", ""tablespoon.n.02""]","[""kitchen""]","[""cooked"", ""inroom"", ""ontop""]",python /home/anuriha/BEHAVIOR-1K/OmniGibson/omnigibson/learning/eval.py log_path=./logs/make_stewed_fruit_eval policy=websocket task.name=make_stewed_fruit task.activity_definition_id=0 eval_instance_ids='[0]' model.host=localhost
make_strawberries_and_cream,0,[0],make_strawberries_and_cream-0,omnigibson,/home/anuriha/BEHAVIOR-1K/bddl3/bddl/activity_definitions/make_strawberries_and_cream/problem0.bddl,R1Pro,--robot-type,17,"[""agent.n.01"", ""bowl.n.01"", ""countertop.n.01"", ""electric_refrigerator.n.01"", ""floor.n.01"", ""granulated_sugar.n.01"", ""granulated_sugar__jar.n.01"", ""strawberry.n.01"", ""teaspoon.n.02"", ""tupperware.n.01"", ""whipped_cream.n.01"", ""whipped_cream__atomizer.n.01""]","[""kitchen""]","[""contains"", ""filled"", ""inroom"", ""inside"", ""insource"", ""ontop""]",python /home/anuriha/BEHAVIOR-1K/OmniGibson/omnigibson/learning/eval.py log_path=./logs/make_strawberries_and_cream_eval policy=websocket task.name=make_strawberries_and_cream task.activity_definition_id=0 eval_instance_ids='[0]' model.host=localhost
make_tacos,0,[0],make_tacos-0,omnigibson,/home/anuriha/BEHAVIOR-1K/bddl3/bddl/activity_definitions/make_tacos/problem0.bddl,R1Pro,--robot-type,22,"[""agent.n.01"", ""carving_knife.n.01"", ""chili.n.02"", ""chopping_board.n.01"", ""cooked__ground_beef.n.01"", ""countertop.n.01"", ""diced__chili.n.01"", ""diced__vidalia_onion.n.01"", ""electric_refrigerator.n.01"", ""floor.n.01"", ""grated_cheese.n.01"", ""plate.n.04"", ""platter.n.01"", ""sack.n.01"", ""salsa.n.01"", ""salsa__bottle.n.01"", ""tablespoon.n.02"", ""tortilla.n.01"", ""tupperware.n.01"", ""vidalia_onion.n.01""]","[""kitchen""]","[""covered"", ""filled"", ""future"", ""inroom"", ""inside"", ""insource"", ""ontop"", ""real""]",python /home/anuriha/BEHAVIOR-1K/OmniGibson/omnigibson/learning/eval.py log_path=./logs/make_tacos_eval policy=websocket task.name=make_tacos task.activity_definition_id=0 eval_instance_ids='[0]' model.host=localhost
make_the_ultimate_spa_basket,0,[0],make_the_ultimate_spa_basket-0,omnigibson,/home/anuriha/BEHAVIOR-1K/bddl3/bddl/activity_definitions/make_the_ultimate_spa_basket/problem0.bddl,R1Pro,--robot-type,7,"[""agent.n.01"", ""bottle__of__essential_oil.n.01"", ""bottle__of__lotion.n.01"", ""bottle__of__perfume.n.01"", ""console_table.n.01"", ""floor.n.01"", ""wicker_basket.n.01""]","[""spa""]","[""inroom"", ""inside"", ""ontop""]",python /home/anuriha/BEHAVIOR-1K/OmniGibson/omnigibson/learning/eval.py log_path=./logs/make_the_ultimate_spa_basket_eval policy=websocket task.name=make_the_ultimate_spa_basket task.activity_definition_id=0 eval_instance_ids='[0]' model.host=localhost
make_the_workplace_exciting,0,[0],make_the_workplace_exciting-0,omnigibson,/home/anuriha/BEHAVIOR-1K/bddl3/bddl/activity_definitions/make_the_workplace_exciting/problem0.bddl,R1Pro,--robot-type,9,"[""agent.n.01"", ""board_game.n.01"", ""carton.n.02"", ""coffee_maker.n.01"", ""conference_table.n.01"", ""floor.n.01"", ""poster.n.01"", ""wall_nail.n.01""]","[""meeting_room""]","[""attached"", ""inroom"", ""inside"", ""ontop""]",python /home/anuriha/BEHAVIOR-1K/OmniGibson/omnigibson/learning/eval.py log_path=./logs/make_the_workplace_exciting_eval policy=websocket task.name=make_the_workplace_exciting task.activity_definition_id=0 eval_instance_ids='[0]' model.host=localhost
make_toast,0,[0],make_toast-0,omnigibson,/home/anuriha/BEHAVIOR-1K/bddl3/bddl/activity_definitions/make_toast/problem0.bddl,R1Pro,--robot-type,7,"[""agent.n.01"", ""bread_slice.n.01"", ""cabinet.n.01"", ""countertop.n.01"", ""floor.n.01"", ""toaster.n.02""]","[""kitchen""]","[""cooked"", ""inroom"", ""inside"", ""ontop""]",python /home/anuriha/BEHAVIOR-1K/OmniGibson/omnigibson/learning/eval.py log_path=./logs/make_toast_eval policy=websocket task.name=make_toast task.activity_definition_id=0 eval_instance_ids='[0]' model.host=localhost
make_tomato_rice,0,[0],make_tomato_rice-0,omnigibson,/home/anuriha/BEHAVIOR-1K/bddl3/bddl/activity_definitions/make_tomato_rice/problem0.bddl,R1Pro,--robot-type,19,"[""agent.n.01"", ""beefsteak_tomato.n.01"", ""cabinet.n.01"", ""carving_knife.n.01"", ""chicken_broth.n.01"", ""chicken_broth__carton.n.01"", ""chopping_board.n.01"", ""countertop.n.01"", ""crock_pot.n.01"", ""electric_refrigerator.n.01"", ""floor.n.01"", ""olive_oil.n.01"", ""olive_oil__bottle.n.01"", ""stove.n.01"", ""tomato_rice.n.01"", ""vidalia_onion.n.01"", ""white_rice.n.01"", ""white_rice__sack.n.01"", ""wicker_basket.n.01""]","[""kitchen""]","[""contains"", ""filled"", ""future"", ""inroom"", ""inside"", ""ontop"", ""real""]",python /home/anuriha/BEHAVIOR-1K/OmniGibson/omnigibson/learning/eval.py log_path=./logs/make_tomato_rice_eval policy=websocket task.name=make_tomato_rice task.activity_definition_id=0 eval_instance_ids='[0]' model.host=localhost
make_waffles,0,[0],make_waffles-0,omnigibson,/home/anuriha/BEHAVIOR-1K/bddl3/bddl/activity_definitions/make_waffles/problem0.bddl,R1Pro,--robot-type,29,"[""agent.n.01"", ""bowl.n.01"", ""butter.n.01"", ""cabinet.n.01"", ""countertop.n.01"", ""electric_mixer.n.01"", ""electric_refrigerator.n.01"", ""floor.n.01"", ""flour.n.01"", ""flour__sack.n.01"", ""granulated_sugar.n.01"", ""milk__carton.n.01"", ""plate.n.04"", ""raw_egg.n.01"", ""salt.n.02"", ""salt__shaker.n.01"", ""sugar__sack.n.01"", ""vanilla.n.02"", ""vanilla__bottle.n.01"", ""waffle.n.01"", ""waffle_iron.n.01"", ""whole_milk.n.01"", ""yogurt.n.01"", ""yogurt__carton.n.01""]","[""kitchen""]","[""cooked"", ""filled"", ""future"", ""inroom"", ""inside"", ""insource"", ""ontop"", ""real""]",python /home/anuriha/BEHAVIOR-1K/OmniGibson/omnigibson/learning/eval.py log_path=./logs/make_waffles_eval policy=websocket task.name=make_waffles task.activity_definition_id=0 eval_instance_ids='[0]' model.host=localhost
make_watermelon_punch,0,[0],make_watermelon_punch-0,omnigibson,/home/anuriha/BEHAVIOR-1K/bddl3/bddl/activity_definitions/make_watermelon_punch/problem0.bddl,R1Pro,--robot-type,25,"[""agent.n.01"", ""blender.n.01"", ""bowl.n.01"", ""cabinet.n.01"", ""carving_knife.n.01"", ""chopping_board.n.01"", ""countertop.n.01"", ""electric_refrigerator.n.01"", ""floor.n.01"", ""fruit_punch.n.01"", ""ice_cube.n.01"", ""lemon_juice.n.01"", ""lemon_juice__bottle.n.01"", ""lemonade.n.01"", ""lemonade__bottle.n.01"", ""pitcher.n.02"", ""soda_water__bottle.n.01"", ""tonic.n.01"", ""watermelon.n.02""]","[""kitchen""]","[""contains"", ""filled"", ""future"", ""inroom"", ""inside"", ""ontop"", ""real""]",python /home/anuriha/BEHAVIOR-1K/OmniGibson/omnigibson/learning/eval.py log_path=./logs/make_watermelon_punch_eval policy=websocket task.name=make_watermelon_punch task.activity_definition_id=0 eval_instance_ids='[0]' model.host=localhost
make_white_wine_sauce,0,[0],make_white_wine_sauce-0,omnigibson,/home/anuriha/BEHAVIOR-1K/bddl3/bddl/activity_definitions/make_white_wine_sauce/problem0.bddl,R1Pro,--robot-type,16,"[""agent.n.01"", ""cabinet.n.01"", ""cooked__wine_sauce.n.01"", ""countertop.n.01"", ""cream__carton.n.01"", ""electric_refrigerator.n.01"", ""floor.n.01"", ""flour.n.01"", ""flour__sack.n.01"", ""heavy_cream.n.01"", ""mason_jar.n.01"", ""parsley.n.02"", ""saucepan.n.01"", ""stove.n.01"", ""white_wine.n.01"", ""wine_bottle.n.01""]","[""kitchen""]","[""contains"", ""filled"", ""future"", ""inroom"", ""inside"", ""ontop"", ""real""]",python /home/anuriha/BEHAVIOR-1K/OmniGibson/omnigibson/learning/eval.py log_path=./logs/make_white_wine_sauce_eval policy=websocket task.name=make_white_wine_sauce task.activity_definition_id=0 eval_instance_ids='[0]' model.host=localhost
make_yams,0,[0],make_yams-0,omnigibson,/home/anuriha/BEHAVIOR-1K/bddl3/bddl/activity_definitions/make_yams/problem0.bddl,R1Pro,--robot-type,9,"[""agent.n.01"", ""countertop.n.01"", ""floor.n.01"", ""sink.n.01"", ""stockpot.n.01"", ""stove.n.01"", ""water.n.06"", ""yam.n.03""]","[""kitchen""]","[""cooked"", ""inroom"", ""insource"", ""ontop""]",python /home/anuriha/BEHAVIOR-1K/OmniGibson/omnigibson/learning/eval.py log_path=./logs/make_yams_eval policy=websocket task.name=make_yams task.activity_definition_id=0 eval_instance_ids='[0]' model.host=localhost
making_a_drink,0,[0],making_a_drink-0,omnigibson,/home/anuriha/BEHAVIOR-1K/bddl3/bddl/activity_definitions/making_a_drink/problem0.bddl,R1Pro,--robot-type,13,"[""agent.n.01"", ""carving_knife.n.01"", ""countertop.n.01"", ""electric_refrigerator.n.01"", ""floor.n.01"", ""granulated_sugar.n.01"", ""granulated_sugar__sack.n.01"", ""half__lemon.n.01"", ""lemon.n.01"", ""sink.n.01"", ""water.n.06"", ""water_glass.n.02""]","[""kitchen""]","[""contains"", ""filled"", ""future"", ""inroom"", ""inside"", ""insource"", ""ontop"", ""real""]",python /home/anuriha/BEHAVIOR-1K/OmniGibson/omnigibson/learning/eval.py log_path=./logs/making_a_drink_eval policy=websocket task.name=making_a_drink task.activity_definition_id=0 eval_instance_ids='[0]' model.host=localhost
making_a_meal,0,[0],making_a_meal-0,omnigibson,/home/anuriha/BEHAVIOR-1K/bddl3/bddl/activity_definitions/making_a_meal/problem0.bddl,R1Pro,--robot-type,22,"[""agent.n.01"", ""bowl.n.01"", ""cabinet.n.01"", ""cooked__marinara.n.01"", ""cooked__penne.n.01"", ""countertop.n.01"", ""electric_refrigerator.n.01"", ""floor.n.01"", ""marinara.n.01"", ""marinara__jar.n.01"", ""meatball.n.01"", ""microwave.n.02"", ""pasta__box.n.01"", ""penne.n.01"", ""sink.n.01"", ""stockpot.n.01"", ""stove.n.01"", ""tupperware.n.01"", ""water.n.06""]","[""kitchen""]","[""contains"", ""cooked"", ""filled"", ""future"", ""inroom"", ""inside"", ""insource"", ""ontop"", ""real""]",python /home/anuriha/BEHAVIOR-1K/OmniGibson/omnigibson/learning/eval.py log_path=./logs/making_a_meal_eval policy=websocket task.name=making_a_meal task.activity_definition_id=0 eval_instance_ids='[0]' model.host=localhost
making_a_snack,0,[0],making_a_snack-0,omnigibson,/home/anuriha/BEHAVIOR-1K/bddl3/bddl/activity_definitions/making_a_snack/problem0.bddl,R1Pro,--robot-type,27,"[""agent.n.01"", ""cooked__black_bean.n.01"", ""cooked__diced__beefsteak_tomato.n.01"", ""countertop.n.01"", ""diced__beefsteak_tomato.n.01"", ""electric_refrigerator.n.01"", ""floor.n.01"", ""grated_cheese.n.01"", ""melted__grated_cheese.n.01"", ""microwave.n.02"", ""platter.n.01"", ""sack.n.01"", ""tortilla_chip.n.01"", ""tupperware.n.01""]","[""kitchen""]","[""covered"", ""filled"", ""future"", ""inroom"", ""inside"", ""ontop"", ""real""]",python /home/anuriha/BEHAVIOR-1K/OmniGibson/omnigibson/learning/eval.py log_path=./logs/making_a_snack_eval policy=websocket task.name=making_a_snack task.activity_definition_id=0 eval_instance_ids='[0]' model.host=localhost
making_coffee,0,[0],making_coffee-0,omnigibson,/home/anuriha/BEHAVIOR-1K/bddl3/bddl/activity_definitions/making_coffee/problem0.bddl,R1Pro,--robot-type,10,"[""agent.n.01"", ""coffee_bean.n.01"", ""coffee_bean__jar.n.01"", ""coffee_maker.n.01"", ""countertop.n.01"", ""drip_coffee.n.01"", ""floor.n.01"", ""mug.n.04"", ""sink.n.01"", ""water.n.06""]","[""kitchen""]","[""contains"", ""filled"", ""future"", ""inroom"", ""insource"", ""ontop"", ""real""]",python /home/anuriha/BEHAVIOR-1K/OmniGibson/omnigibson/learning/eval.py log_path=./logs/making_coffee_eval policy=websocket task.name=making_coffee task.activity_definition_id=0 eval_instance_ids='[0]' model.host=localhost
making_the_bed,0,[0],making_the_bed-0,omnigibson,/home/anuriha/BEHAVIOR-1K/bddl3/bddl/activity_definitions/making_the_bed/problem0.bddl,R1Pro,--robot-type,5,"[""agent.n.01"", ""bed.n.01"", ""blanket.n.01"", ""floor.n.01"", ""pillow.n.01""]","[""bedroom""]","[""inroom"", ""ontop"", ""overlaid""]",python /home/anuriha/BEHAVIOR-1K/OmniGibson/omnigibson/learning/eval.py log_path=./logs/making_the_bed_eval policy=websocket task.name=making_the_bed task.activity_definition_id=0 eval_instance_ids='[0]' model.host=localhost
melt_white_chocolate,0,[0],melt_white_chocolate-0,omnigibson,/home/anuriha/BEHAVIOR-1K/bddl3/bddl/activity_definitions/melt_white_chocolate/problem0.bddl,R1Pro,--robot-type,8,"[""agent.n.01"", ""bowl.n.01"", ""countertop.n.01"", ""floor.n.01"", ""melted__white_chocolate.n.01"", ""saucepot.n.01"", ""stove.n.01"", ""white_chocolate.n.01""]","[""kitchen""]","[""contains"", ""future"", ""inroom"", ""ontop"", ""real"", ""toggled_on""]",python /home/anuriha/BEHAVIOR-1K/OmniGibson/omnigibson/learning/eval.py log_path=./logs/melt_white_chocolate_eval policy=websocket task.name=melt_white_chocolate task.activity_definition_id=0 eval_instance_ids='[0]' model.host=localhost
mixing_drinks,0,[0],mixing_drinks-0,omnigibson,/home/anuriha/BEHAVIOR-1K/bddl3/bddl/activity_definitions/mixing_drinks/problem0.bddl,R1Pro,--robot-type,12,"[""agent.n.01"", ""cola.n.02"", ""cola__bottle.n.01"", ""countertop.n.01"", ""electric_refrigerator.n.01"", ""floor.n.01"", ""lime_juice.n.01"", ""lime_juice__bottle.n.01"", ""vodka.n.01"", ""vodka__bottle.n.01"", ""water_glass.n.02""]","[""kitchen""]","[""contains"", ""filled"", ""inroom"", ""ontop""]",python /home/anuriha/BEHAVIOR-1K/OmniGibson/omnigibson/learning/eval.py log_path=./logs/mixing_drinks_eval policy=websocket task.name=mixing_drinks task.activity_definition_id=0 eval_instance_ids='[0]' model.host=localhost
mopping_floors,0,[0],mopping_floors-0,omnigibson,/home/anuriha/BEHAVIOR-1K/bddl3/bddl/activity_definitions/mopping_floors/problem0.bddl,R1Pro,--robot-type,10,"[""agent.n.01"", ""bucket.n.01"", ""floor.n.01"", ""liquid_soap.n.01"", ""sink.n.01"", ""soap__bottle.n.01"", ""stain.n.01"", ""swab.n.02"", ""water.n.06""]","[""bathroom"", ""corridor""]","[""covered"", ""filled"", ""inroom"", ""insource"", ""ontop""]",python /home/anuriha/BEHAVIOR-1K/OmniGibson/omnigibson/learning/eval.py log_path=./logs/mopping_floors_eval policy=websocket task.name=mopping_floors task.activity_definition_id=0 eval_instance_ids='[0]' model.host=localhost
mopping_the_kitchen_floor,0,[0],mopping_the_kitchen_floor-0,omnigibson,/home/anuriha/BEHAVIOR-1K/bddl3/bddl/activity_definitions/mopping_the_kitchen_floor/problem0.bddl,R1Pro,--robot-type,10,"[""agent.n.01"", ""bucket.n.01"", ""crumb.n.03"", ""dirt.n.02"", ""door.n.01"", ""dust.n.01"", ""floor.n.01"", ""sink.n.01"", ""swab.n.02"", ""water.n.06""]","[""kitchen""]","[""covered"", ""inroom"", ""insource"", ""ontop""]",python /home/anuriha/BEHAVIOR-1K/OmniGibson/omnigibson/learning/eval.py log_path=./logs/mopping_the_kitchen_floor_eval policy=websocket task.name=mopping_the_kitchen_floor task.activity_definition_id=0 eval_instance_ids='[0]' model.host=localhost
moving_boxes_to_storage,0,[0],moving_boxes_to_storage-0,omnigibson,/home/anuriha/BEHAVIOR-1K/bddl3/bddl/activity_definitions/moving_boxes_to_storage/problem0.bddl,R1Pro,--robot-type,5,"[""agent.n.01"", ""floor.n.01"", ""storage_container.n.01""]","[""garage"", ""living_room""]","[""inroom"", ""ontop""]",python /home/anuriha/BEHAVIOR-1K/OmniGibson/omnigibson/learning/eval.py log_path=./logs/moving_boxes_to_storage_eval policy=websocket task.name=moving_boxes_to_storage task.activity_definition_id=0 eval_instance_ids='[0]' model.host=localhost
moving_stuff_to_storage,0,[0],moving_stuff_to_storage-0,omnigibson,/home/anuriha/BEHAVIOR-1K/bddl3/bddl/activity_definitions/moving_stuff_to_storage/problem0.bddl,R1Pro,--robot-type,12,"[""agent.n.01"", ""bookcase.n.01"", ""bowling_ball.n.01"", ""carton.n.02"", ""floor.n.01"", ""ice_skate.n.01"", ""painting.n.01"", ""textbook.n.01""]","[""living_room"", ""storage_room""]","[""inroom"", ""inside"", ""ontop""]",python /home/anuriha/BEHAVIOR-1K/OmniGibson/omnigibson/learning/eval.py log_path=./logs/moving_stuff_to_storage_eval policy=websocket task.name=moving_stuff_to_storage task.activity_definition_id=0 eval_instance_ids='[0]' model.host=localhost
mowing_the_lawn,0,[0],mowing_the_lawn-0,omnigibson,/home/anuriha/BEHAVIOR-1K/bddl3/bddl/activity_definitions/mowing_the_lawn/problem0.bddl,R1Pro,--robot-type,5,"[""agent.n.01"", ""bunchgrass.n.01"", ""floor.n.01"", ""lawn.n.01"", ""lawn_mower.n.01""]","[""garage"", ""garden""]","[""covered"", ""inroom"", ""ontop"", ""toggled_on""]",python /home/anuriha/BEHAVIOR-1K/OmniGibson/omnigibson/learning/eval.py log_path=./logs/mowing_the_lawn_eval policy=websocket task.name=mowing_the_lawn task.activity_definition_id=0 eval_instance_ids='[0]' model.host=localhost
mulching,0,[0],mulching-0,omnigibson,/home/anuriha/BEHAVIOR-1K/bddl3/bddl/activity_definitions/mulching/problem0.bddl,R1Pro,--robot-type,11,"[""agent.n.01"", ""floor.n.01"", ""lawn.n.01"", ""mulch.n.01"", ""mulch__bag.n.01"", ""tree.n.01"", ""trowel.n.01""]","[""garden""]","[""covered"", ""filled"", ""inroom"", ""ontop""]",python /home/anuriha/BEHAVIOR-1K/OmniGibson/omnigibson/learning/eval.py log_path=./logs/mulching_eval policy=websocket task.name=mulching task.activity_definition_id=0 eval_instance_ids='[0]' model.host=localhost
opening_doors,0,[0],opening_doors-0,omnigibson,/home/anuriha/BEHAVIOR-1K/bddl3/bddl/activity_definitions/opening_doors/problem0.bddl,R1Pro,--robot-type,4,"[""agent.n.01"", ""door.n.01"", ""floor.n.01""]","[""bathroom"", ""living_room""]","[""inroom"", ""ontop"", ""open""]",python /home/anuriha/BEHAVIOR-1K/OmniGibson/omnigibson/learning/eval.py log_path=./logs/opening_doors_eval policy=websocket task.name=opening_doors task.activity_definition_id=0 eval_instance_ids='[0]' model.host=localhost
opening_windows,0,[0],opening_windows-0,omnigibson,/home/anuriha/BEHAVIOR-1K/bddl3/bddl/activity_definitions/opening_windows/problem0.bddl,R1Pro,--robot-type,4,"[""agent.n.01"", ""floor.n.01"", ""openable_window.n.01""]","[""living_room""]","[""inroom"", ""ontop"", ""open""]",python /home/anuriha/BEHAVIOR-1K/OmniGibson/omnigibson/learning/eval.py log_path=./logs/opening_windows_eval policy=websocket task.name=opening_windows task.activity_definition_id=0 eval_instance_ids='[0]' model.host=localhost
organise_a_linen_closet,0,[0],organise_a_linen_closet-0,omnigibson,/home/anuriha/BEHAVIOR-1K/bddl3/bddl/activity_definitions/organise_a_linen_closet/problem0.bddl,R1Pro,--robot-type,9,"[""agent.n.01"", ""bath_towel.n.01"", ""cedar_chest.n.01"", ""floor.n.01"", ""sheet.n.03""]","[""closet""]","[""folded"", ""inroom"", ""inside"", ""ontop"", ""unfolded""]",python /home/anuriha/BEHAVIOR-1K/OmniGibson/omnigibson/learning/eval.py log_path=./logs/organise_a_linen_closet_eval policy=websocket task.name=organise_a_linen_closet task.activity_definition_id=0 eval_instance_ids='[0]' model.host=localhost
organizing_art_supplies,0,[0],organizing_art_supplies-0,omnigibson,/home/anuriha/BEHAVIOR-1K/bddl3/bddl/activity_definitions/organizing_art_supplies/problem0.bddl,R1Pro,--robot-type,9,"[""agent.n.01"", ""carryall.n.01"", ""floor.n.01"", ""marker.n.03"", ""paintbrush.n.01"", ""pen.n.01"", ""pencil.n.01"", ""sofa.n.01""]","[""living_room""]","[""inroom"", ""inside"", ""ontop""]",python /home/anuriha/BEHAVIOR-1K/OmniGibson/omnigibson/learning/eval.py log_path=./logs/organizing_art_supplies_eval policy=websocket task.name=organizing_art_supplies task.activity_definition_id=0 eval_instance_ids='[0]' model.host=localhost
organizing_boxes_in_garage,0,[0],organizing_boxes_in_garage-0,omnigibson,/home/anuriha/BEHAVIOR-1K/bddl3/bddl/activity_definitions/organizing_boxes_in_garage/problem0.bddl,R1Pro,--robot-type,12,"[""agent.n.01"", ""ball.n.01"", ""bookcase.n.01"", ""cabinet.n.01"", ""carton.n.02"", ""floor.n.01"", ""plate.n.04"", ""saucepan.n.01""]","[""garage""]","[""inroom"", ""inside"", ""ontop""]",python /home/anuriha/BEHAVIOR-1K/OmniGibson/omnigibson/learning/eval.py log_path=./logs/organizing_boxes_in_garage_eval policy=websocket task.name=organizing_boxes_in_garage task.activity_definition_id=0 eval_instance_ids='[0]' model.host=localhost
organizing_file_cabinet,0,[0],organizing_file_cabinet-0,omnigibson,/home/anuriha/BEHAVIOR-1K/bddl3/bddl/activity_definitions/organizing_file_cabinet/problem0.bddl,R1Pro,--robot-type,12,"[""agent.n.01"", ""cabinet.n.01"", ""chair.n.01"", ""document.n.01"", ""floor.n.01"", ""folder.n.02"", ""marker.n.03"", ""table.n.02""]","[""private_office""]","[""inroom"", ""inside"", ""ontop""]",python /home/anuriha/BEHAVIOR-1K/OmniGibson/omnigibson/learning/eval.py log_path=./logs/organizing_file_cabinet_eval policy=websocket task.name=organizing_file_cabinet task.activity_definition_id=0 eval_instance_ids='[0]' model.host=localhost
organizing_items_for_yard_sale,0,[0],organizing_items_for_yard_sale-0,omnigibson,/home/anuriha/BEHAVIOR-1K/bddl3/bddl/activity_definitions/organizing_items_for_yard_sale/problem0.bddl,R1Pro,--robot-type,15,"[""agent.n.01"", ""book.n.02"", ""coatrack.n.01"", ""coffee_table.n.01"", ""floor.n.01"", ""hanger.n.02"", ""sofa.n.01"", ""sweater.n.01"", ""vase.n.01""]","[""garden"", ""living_room""]","[""attached"", ""draped"", ""inroom"", ""nextto"", ""ontop""]",python /home/anuriha/BEHAVIOR-1K/OmniGibson/omnigibson/learning/eval.py log_path=./logs/organizing_items_for_yard_sale_eval policy=websocket task.name=organizing_items_for_yard_sale task.activity_definition_id=0 eval_instance_ids='[0]' model.host=localhost
organizing_office_documents,0,[0],organizing_office_documents-0,omnigibson,/home/anuriha/BEHAVIOR-1K/bddl3/bddl/activity_definitions/organizing_office_documents/problem0.bddl,R1Pro,--robot-type,7,"[""agent.n.01"", ""cabinet.n.01"", ""floor.n.01"", ""legal_document.n.01"", ""magazine_rack.n.01"", ""post-it.n.01""]","[""private_office""]","[""inroom"", ""inside"", ""ontop""]",python /home/anuriha/BEHAVIOR-1K/OmniGibson/omnigibson/learning/eval.py log_path=./logs/organizing_office_documents_eval policy=websocket task.name=organizing_office_documents task.activity_definition_id=0 eval_instance_ids='[0]' model.host=localhost
organizing_school_stuff,0,[0],organizing_school_stuff-0,omnigibson,/home/anuriha/BEHAVIOR-1K/bddl3/bddl/activity_definitions/organizing_school_stuff/problem0.bddl,R1Pro,--robot-type,11,"[""agent.n.01"", ""backpack.n.01"", ""bed.n.01"", ""book.n.02"", ""calculator.n.02"", ""floor.n.01"", ""folder.n.02"", ""marker.n.03"", ""pen.n.01"", ""pencil.n.01"", ""table.n.02""]","[""bedroom""]","[""inroom"", ""inside"", ""nextto"", ""ontop""]",python /home/anuriha/BEHAVIOR-1K/OmniGibson/omnigibson/learning/eval.py log_path=./logs/organizing_school_stuff_eval policy=websocket task.name=organizing_school_stuff task.activity_definition_id=0 eval_instance_ids='[0]' model.host=localhost
organizing_skating_stuff,0,[0],organizing_skating_stuff-0,omnigibson,/home/anuriha/BEHAVIOR-1K/bddl3/bddl/activity_definitions/organizing_skating_stuff/problem0.bddl,R1Pro,--robot-type,11,"[""agent.n.01"", ""bed.n.01"", ""floor.n.01"", ""helmet.n.01"", ""hockey_stick.n.01"", ""ice_skate.n.01"", ""lace.n.01"", ""puck.n.02"", ""toy_box.n.01""]","[""bedroom""]","[""inroom"", ""inside"", ""nextto"", ""ontop""]",python /home/anuriha/BEHAVIOR-1K/OmniGibson/omnigibson/learning/eval.py log_path=./logs/organizing_skating_stuff_eval policy=websocket task.name=organizing_skating_stuff task.activity_definition_id=0 eval_instance_ids='[0]' model.host=localhost
organizing_volunteer_materials,0,[0],organizing_volunteer_materials-0,omnigibson,/home/anuriha/BEHAVIOR-1K/bddl3/bddl/activity_definitions/organizing_volunteer_materials/problem0.bddl,R1Pro,--robot-type,8,"[""agent.n.01"", ""dress.n.01"", ""floor.n.01"", ""packing_box.n.02"", ""walker.n.04""]","[""empty_room""]","[""folded"", ""inroom"", ""inside"", ""ontop"", ""unfolded""]",python /home/anuriha/BEHAVIOR-1K/OmniGibson/omnigibson/learning/eval.py log_path=./logs/organizing_volunteer_materials_eval policy=websocket task.name=organizing_volunteer_materials task.activity_definition_id=0 eval_instance_ids='[0]' model.host=localhost
outfit_a_basic_toolbox,0,[0],outfit_a_basic_toolbox-0,omnigibson,/home/anuriha/BEHAVIOR-1K/bddl3/bddl/activity_definitions/outfit_a_basic_toolbox/problem0.bddl,R1Pro,--robot-type,9,"[""agent.n.01"", ""allen_wrench.n.01"", ""drill.n.01"", ""flashlight.n.01"", ""floor.n.01"", ""pliers.n.01"", ""screwdriver.n.01"", ""tabletop.n.01"", ""toolbox.n.01""]","[""utility_room""]","[""inroom"", ""inside"", ""ontop"", ""open""]",python /home/anuriha/BEHAVIOR-1K/OmniGibson/omnigibson/learning/eval.py log_path=./logs/outfit_a_basic_toolbox_eval policy=websocket task.name=outfit_a_basic_toolbox task.activity_definition_id=0 eval_instance_ids='[0]' model.host=localhost
pack_a_beach_bag,0,[0],pack_a_beach_bag-0,omnigibson,/home/anuriha/BEHAVIOR-1K/bddl3/bddl/activity_definitions/pack_a_beach_bag/problem0.bddl,R1Pro,--robot-type,8,"[""agent.n.01"", ""bath_towel.n.01"", ""bottle__of__sunscreen.n.01"", ""carryall.n.01"", ""club_sandwich.n.01"", ""door.n.01"", ""floor.n.01"", ""watermelon.n.02""]","[""empty_room""]","[""folded"", ""inroom"", ""inside"", ""nextto"", ""ontop""]",python /home/anuriha/BEHAVIOR-1K/OmniGibson/omnigibson/learning/eval.py log_path=./logs/pack_a_beach_bag_eval policy=websocket task.name=pack_a_beach_bag task.activity_definition_id=0 eval_instance_ids='[0]' model.host=localhost
pack_a_pencil_case,0,[0],pack_a_pencil_case-0,omnigibson,/home/anuriha/BEHAVIOR-1K/bddl3/bddl/activity_definitions/pack_a_pencil_case/problem0.bddl,R1Pro,--robot-type,8,"[""agent.n.01"", ""desk.n.01"", ""eraser.n.01"", ""floor.n.01"", ""pen.n.01"", ""pencil.n.01"", ""pencil_box.n.01"", ""shears.n.01""]","[""childs_room""]","[""inroom"", ""inside"", ""ontop""]",python /home/anuriha/BEHAVIOR-1K/OmniGibson/omnigibson/learning/eval.py log_path=./logs/pack_a_pencil_case_eval policy=websocket task.name=pack_a_pencil_case task.activity_definition_id=0 eval_instance_ids='[0]' model.host=localhost
pack_for_the_pool,0,[0],pack_for_the_pool-0,omnigibson,/home/anuriha/BEHAVIOR-1K/bddl3/bddl/activity_definitions/pack_for_the_pool/problem0.bddl,R1Pro,--robot-type,15,"[""agent.n.01"", ""bath_towel.n.01"", ""cabinet.n.01"", ""carryall.n.01"", ""coffee_table.n.01"", ""cooler.n.01"", ""floor.n.01"", ""life_jacket.n.01"", ""lip_balm.n.01"", ""money.n.01"", ""sofa.n.01"", ""swimsuit.n.01"", ""water_bottle.n.01""]","[""kitchen"", ""living_room""]","[""folded"", ""inroom"", ""inside"", ""ontop""]",python /home/anuriha/BEHAVIOR-1K/OmniGibson/omnigibson/learning/eval.py log_path=./logs/pack_for_the_pool_eval policy=websocket task.name=pack_for_the_pool task.activity_definition_id=0 eval_instance_ids='[0]' model.host=localhost
pack_your_gym_bag,0,[0],pack_your_gym_bag-0,omnigibson,/home/anuriha/BEHAVIOR-1K/bddl3/bddl/activity_definitions/pack_your_gym_bag/problem0.bddl,R1Pro,--robot-type,10,"[""agent.n.01"", ""carryall.n.01"", ""coffee_table.n.01"", ""floor.n.01"", ""gym_shoe.n.01"", ""muffin.n.01"", ""sock.n.01"", ""tank_top.n.01""]","[""living_room""]","[""inroom"", ""inside"", ""ontop""]",python /home/anuriha/BEHAVIOR-1K/OmniGibson/omnigibson/learning/eval.py log_path=./logs/pack_your_gym_bag_eval policy=websocket task.name=pack_your_gym_bag task.activity_definition_id=0 eval_instance_ids='[0]' model.host=localhost
packing_art_supplies_into_car,0,[0],packing_art_supplies_into_car-0,omnigibson,/home/anuriha/BEHAVIOR-1K/bddl3/bddl/activity_definitions/packing_art_supplies_into_car/problem0.bddl,R1Pro,--robot-type,8,"[""agent.n.01"", ""bag.n.06"", ""car.n.01"", ""driveway.n.01"", ""floor.n.01"", ""marker.n.03"", ""pencil.n.01""]","[""garden""]","[""inroom"", ""inside"", ""ontop""]",python /home/anuriha/BEHAVIOR-1K/OmniGibson/omnigibson/learning/eval.py log_path=./logs/packing_art_supplies_into_car_eval policy=websocket task.name=packing_art_supplies_into_car task.activity_definition_id=0 eval_instance_ids='[0]' model.host=localhost
packing_bags_or_suitcase,0,[0],packing_bags_or_suitcase-0,omnigibson,/home/anuriha/BEHAVIOR-1K/bddl3/bddl/activity_definitions/packing_bags_or_suitcase/problem0.bddl,R1Pro,--robot-type,12,"[""agent.n.01"", ""backpack.n.01"", ""bed.n.01"", ""bottle__of__shampoo.n.01"", ""door.n.01"", ""floor.n.01"", ""hardback.n.01"", ""toothbrush.n.01"", ""tube__of__toothpaste.n.01"", ""undergarment.n.01"", ""window.n.01""]","[""bedroom""]","[""inroom"", ""inside"", ""ontop""]",python /home/anuriha/BEHAVIOR-1K/OmniGibson/omnigibson/learning/eval.py log_path=./logs/packing_bags_or_suitcase_eval policy=websocket task.name=packing_bags_or_suitcase task.activity_definition_id=0 eval_instance_ids='[0]' model.host=localhost
packing_books_into_car,0,[0],packing_books_into_car-0,omnigibson,/home/anuriha/BEHAVIOR-1K/bddl3/bddl/activity_definitions/packing_books_into_car/problem0.bddl,R1Pro,--robot-type,8,"[""agent.n.01"", ""bag.n.06"", ""book.n.02"", ""car.n.01"", ""driveway.n.01"", ""floor.n.01""]","[""garden""]","[""inroom"", ""inside"", ""ontop""]",python /home/anuriha/BEHAVIOR-1K/OmniGibson/omnigibson/learning/eval.py log_path=./logs/packing_books_into_car_eval policy=websocket task.name=packing_books_into_car task.activity_definition_id=0 eval_instance_ids='[0]' model.host=localhost
packing_car_for_trip,0,[0],packing_car_for_trip-0,omnigibson,/home/anuriha/BEHAVIOR-1K/bddl3/bddl/activity_definitions/packing_car_for_trip/problem0.bddl,R1Pro,--robot-type,10,"[""agent.n.01"", ""bag.n.06"", ""car.n.01"", ""driveway.n.01"", ""floor.n.01"", ""laptop.n.01"", ""money.n.01"", ""sunglasses.n.02""]","[""garden""]","[""inroom"", ""inside"", ""ontop""]",python /home/anuriha/BEHAVIOR-1K/OmniGibson/omnigibson/learning/eval.py log_path=./logs/packing_car_for_trip_eval policy=websocket task.name=packing_car_for_trip task.activity_definition_id=0 eval_instance_ids='[0]' model.host=localhost
packing_cleaning_suppies_into_car,0,[0],packing_cleaning_suppies_into_car-0,omnigibson,/home/anuriha/BEHAVIOR-1K/bddl3/bddl/activity_definitions/packing_cleaning_suppies_into_car/problem0.bddl,R1Pro,--robot-type,7,"[""agent.n.01"", ""backpack.n.01"", ""car.n.01"", ""driveway.n.01"", ""floor.n.01"", ""rag.n.01"", ""scrub_brush.n.01""]","[""garden""]","[""inroom"", ""inside"", ""ontop""]",python /home/anuriha/BEHAVIOR-1K/OmniGibson/omnigibson/learning/eval.py log_path=./logs/packing_cleaning_suppies_into_car_eval policy=websocket task.name=packing_cleaning_suppies_into_car task.activity_definition_id=0 eval_instance_ids='[0]' model.host=localhost
packing_documents_into_car,0,[0],packing_documents_into_car-0,omnigibson,/home/anuriha/BEHAVIOR-1K/bddl3/bddl/activity_definitions/packing_documents_into_car/problem0.bddl,R1Pro,--robot-type,9,"[""agent.n.01"", ""book.n.02"", ""car.n.01"", ""carton.n.02"", ""driveway.n.01"", ""floor.n.01"", ""legal_document.n.01""]","[""garden""]","[""inroom"", ""inside"", ""ontop""]",python /home/anuriha/BEHAVIOR-1K/OmniGibson/omnigibson/learning/eval.py log_path=./logs/packing_documents_into_car_eval policy=websocket task.name=packing_documents_into_car task.activity_definition_id=0 eval_instance_ids='[0]' model.host=localhost
packing_fishing_gear_into_car,0,[0],packing_fishing_gear_into_car-0,omnigibson,/home/anuriha/BEHAVIOR-1K/bddl3/bddl/activity_definitions/packing_fishing_gear_into_car/problem0.bddl,R1Pro,--robot-type,9,"[""agent.n.01"", ""bait.n.01"", ""bowl.n.01"", ""car.n.01"", ""driveway.n.01"", ""fishing_gear.n.01"", ""fishing_rod.n.01"", ""floor.n.01"", ""skiff.n.01""]","[""garden""]","[""inroom"", ""inside"", ""ontop""]",python /home/anuriha/BEHAVIOR-1K/OmniGibson/omnigibson/learning/eval.py log_path=./logs/packing_fishing_gear_into_car_eval policy=websocket task.name=packing_fishing_gear_into_car task.activity_definition_id=0 eval_instance_ids='[0]' model.host=localhost
packing_grocery_bags_into_car,0,[0],packing_grocery_bags_into_car-0,omnigibson,/home/anuriha/BEHAVIOR-1K/bddl3/bddl/activity_definitions/packing_grocery_bags_into_car/problem0.bddl,R1Pro,--robot-type,15,"[""agent.n.01"", ""bap.n.01"", ""bottle__of__cold_cream.n.01"", ""bottle__of__shampoo.n.01"", ""car.n.01"", ""floor.n.01"", ""sack.n.01"", ""salt__shaker.n.01"", ""toilet_tissue.n.01""]","[""garden""]","[""inroom"", ""inside"", ""ontop""]",python /home/anuriha/BEHAVIOR-1K/OmniGibson/omnigibson/learning/eval.py log_path=./logs/packing_grocery_bags_into_car_eval policy=websocket task.name=packing_grocery_bags_into_car task.activity_definition_id=0 eval_instance_ids='[0]' model.host=localhost
packing_hiking_equipment_into_car,0,[0],packing_hiking_equipment_into_car-0,omnigibson,/home/anuriha/BEHAVIOR-1K/bddl3/bddl/activity_definitions/packing_hiking_equipment_into_car/problem0.bddl,R1Pro,--robot-type,12,"[""agent.n.01"", ""backpack.n.01"", ""biscuit.n.01"", ""car.n.01"", ""driveway.n.01"", ""floor.n.01"", ""lawn.n.01"", ""sleeping_bag.n.01"", ""tent.n.01"", ""water_bottle.n.01""]","[""garden""]","[""inroom"", ""inside"", ""ontop""]",python /home/anuriha/BEHAVIOR-1K/OmniGibson/omnigibson/learning/eval.py log_path=./logs/packing_hiking_equipment_into_car_eval policy=websocket task.name=packing_hiking_equipment_into_car task.activity_definition_id=0 eval_instance_ids='[0]' model.host=localhost
packing_hobby_equipment,0,[0],packing_hobby_equipment-0,omnigibson,/home/anuriha/BEHAVIOR-1K/bddl3/bddl/activity_definitions/packing_hobby_equipment/problem0.bddl,R1Pro,--robot-type,10,"[""agent.n.01"", ""baseball.n.02"", ""bookcase.n.01"", ""carton.n.02"", ""floor.n.01"", ""jigsaw_puzzle.n.01"", ""soccer_ball.n.01"", ""sofa.n.01"", ""window.n.01""]","[""living_room""]","[""inroom"", ""inside"", ""ontop""]",python /home/anuriha/BEHAVIOR-1K/OmniGibson/omnigibson/learning/eval.py log_path=./logs/packing_hobby_equipment_eval policy=websocket task.name=packing_hobby_equipment task.activity_definition_id=0 eval_instance_ids='[0]' model.host=localhost
packing_meal_for_delivery,0,[0],packing_meal_for_delivery-0,omnigibson,/home/anuriha/BEHAVIOR-1K/bddl3/bddl/activity_definitions/packing_meal_for_delivery/problem0.bddl,R1Pro,--robot-type,16,"[""agent.n.01"", ""backpack.n.01"", ""cabinet.n.01"", ""countertop.n.01"", ""electric_refrigerator.n.01"", ""floor.n.01"", ""hamburger.n.01"", ""oven.n.01"", ""sack.n.01"", ""window.n.01""]","[""kitchen""]","[""cooked"", ""inroom"", ""inside"", ""ontop""]",python /home/anuriha/BEHAVIOR-1K/OmniGibson/omnigibson/learning/eval.py log_path=./logs/packing_meal_for_delivery_eval policy=websocket task.name=packing_meal_for_delivery task.activity_definition_id=0 eval_instance_ids='[0]' model.host=localhost
packing_moving_van,0,[0],packing_moving_van-0,omnigibson,/home/anuriha/BEHAVIOR-1K/bddl3/bddl/activity_definitions/packing_moving_van/problem0.bddl,R1Pro,--robot-type,10,"[""agent.n.01"", ""blanket.n.01"", ""carton.n.02"", ""chair.n.01"", ""floor.n.01"", ""mattress.n.01"", ""pickup.n.01""]","[""garden""]","[""inroom"", ""ontop"", ""open""]",python /home/anuriha/BEHAVIOR-1K/OmniGibson/omnigibson/learning/eval.py log_path=./logs/packing_moving_van_eval policy=websocket task.name=packing_moving_van task.activity_definition_id=0 eval_instance_ids='[0]' model.host=localhost
packing_picnic_food_into_car,0,[0],packing_picnic_food_into_car-0,omnigibson,/home/anuriha/BEHAVIOR-1K/bddl3/bddl/activity_definitions/packing_picnic_food_into_car/problem0.bddl,R1Pro,--robot-type,17,"[""agent.n.01"", ""apple_pie.n.01"", ""bag.n.06"", ""car.n.01"", ""crescent_roll.n.01"", ""driveway.n.01"", ""floor.n.01"", ""hamburger.n.01"", ""lawn.n.01"", ""muffin.n.01"", ""table.n.02"", ""tortilla_chip.n.01"", ""water_bottle.n.01""]","[""garden""]","[""inroom"", ""inside"", ""ontop""]",python /home/anuriha/BEHAVIOR-1K/OmniGibson/omnigibson/learning/eval.py log_path=./logs/packing_picnic_food_into_car_eval policy=websocket task.name=packing_picnic_food_into_car task.activity_definition_id=0 eval_instance_ids='[0]' model.host=localhost
packing_picnic_into_car,0,[0],packing_picnic_into_car-0,omnigibson,/home/anuriha/BEHAVIOR-1K/bddl3/bddl/activity_definitions/packing_picnic_into_car/problem0.bddl,R1Pro,--robot-type,15,"[""agent.n.01"", ""beer_bottle.n.01"", ""blanket.n.01"", ""bottle__of__sunscreen.n.01"", ""car.n.01"", ""carving_knife.n.01"", ""cupcake.n.01"", ""driveway.n.01"", ""floor.n.01"", ""paper_towel.n.01"", ""water_bottle.n.01"", ""wicker_basket.n.01""]","[""garden""]","[""inroom"", ""inside"", ""ontop""]",python /home/anuriha/BEHAVIOR-1K/OmniGibson/omnigibson/learning/eval.py log_path=./logs/packing_picnic_into_car_eval policy=websocket task.name=packing_picnic_into_car task.activity_definition_id=0 eval_instance_ids='[0]' model.host=localhost
packing_recreational_vehicle_for_trip,0,[0],packing_recreational_vehicle_for_trip-0,omnigibson,/home/anuriha/BEHAVIOR-1K/bddl3/bddl/activity_definitions/packing_recreational_vehicle_for_trip/problem0.bddl,R1Pro,--robot-type,12,"[""agent.n.01"", ""bagel.n.01"", ""charger.n.02"", ""floor.n.01"", ""lawn.n.01"", ""pocketknife.n.01"", ""recreational_vehicle.n.01"", ""wicker_basket.n.01"", ""wire.n.02""]","[""garden""]","[""inroom"", ""inside"", ""ontop""]",python /home/anuriha/BEHAVIOR-1K/OmniGibson/omnigibson/learning/eval.py log_path=./logs/packing_recreational_vehicle_for_trip_eval policy=websocket task.name=packing_recreational_vehicle_for_trip task.activity_definition_id=0 eval_instance_ids='[0]' model.host=localhost
packing_sports_equipment_into_car,0,[0],packing_sports_equipment_into_car-0,omnigibson,/home/anuriha/BEHAVIOR-1K/bddl3/bddl/activity_definitions/packing_sports_equipment_into_car/problem0.bddl,R1Pro,--robot-type,14,"[""agent.n.01"", ""car.n.01"", ""driveway.n.01"", ""floor.n.01"", ""helmet.n.01"", ""lawn.n.01"", ""sock.n.01"", ""sports_equipment.n.01"", ""tree.n.01""]","[""garden""]","[""inroom"", ""inside"", ""ontop""]",python /home/anuriha/BEHAVIOR-1K/OmniGibson/omnigibson/learning/eval.py log_path=./logs/packing_sports_equipment_into_car_eval policy=websocket task.name=packing_sports_equipment_into_car task.activity_definition_id=0 eval_instance_ids='[0]' model.host=localhost
painting_house_exterior,0,[0],painting_house_exterior-0,omnigibson,/home/anuriha/BEHAVIOR-1K/bddl3/bddl/activity_definitions/painting_house_exterior/problem0.bddl,R1Pro,--robot-type,5,"[""agent.n.01"", ""floor.n.01"", ""spray_paint.n.01"", ""spray_paint__can.n.01"", ""wall.n.01""]","[""garden""]","[""covered"", ""inroom"", ""insource"", ""ontop""]",python /home/anuriha/BEHAVIOR-1K/OmniGibson/omnigibson/learning/eval.py log_path=./logs/painting_house_exterior_eval policy=websocket task.name=painting_house_exterior task.activity_definition_id=0 eval_instance_ids='[0]' model.host=localhost
painting_porch,0,[0],painting_porch-0,omnigibson,/home/anuriha/BEHAVIOR-1K/bddl3/bddl/activity_definitions/painting_porch/problem0.bddl,R1Pro,--robot-type,4,"[""agent.n.01"", ""floor.n.01"", ""spray_paint.n.01"", ""spray_paint__can.n.01""]","[""garden""]","[""covered"", ""inroom"", ""insource"", ""ontop""]",python /home/anuriha/BEHAVIOR-1K/OmniGibson/omnigibson/learning/eval.py log_path=./logs/painting_porch_eval policy=websocket task.name=painting_porch task.activity_definition_id=0 eval_instance_ids='[0]' model.host=localhost
passing_out_drinks,0,[0],passing_out_drinks-0,omnigibson,/home/anuriha/BEHAVIOR-1K/bddl3/bddl/activity_definitions/passing_out_drinks/problem0.bddl,R1Pro,--robot-type,13,"[""agent.n.01"", ""beer.n.01"", ""beer_bottle.n.01"", ""beer_glass.n.01"", ""bottle__of__champagne.n.01"", ""breakfast_table.n.01"", ""cabinet.n.01"", ""floor.n.01"", ""martini.n.01"", ""pitcher.n.02"", ""wineglass.n.01""]","[""dining_room""]","[""filled"", ""inroom"", ""inside"", ""ontop""]",python /home/anuriha/BEHAVIOR-1K/OmniGibson/omnigibson/learning/eval.py log_path=./logs/passing_out_drinks_eval policy=websocket task.name=passing_out_drinks task.activity_definition_id=0 eval_instance_ids='[0]' model.host=localhost
patrol_room,0,[0],patrol_living_room-0,omnigibson,/home/anuriha/BEHAVIOR-1K/bddl3/bddl/activity_definitions/patrol_room/problem0.bddl,R1Pro,--robot-type,4,"[""agent.n.01"", ""chair.n.01"", ""floor.n.01"", ""table.n.02""]","[""living_room""]","[""inroom"", ""ontop"", ""touching""]",python /home/anuriha/BEHAVIOR-1K/OmniGibson/omnigibson/learning/eval.py log_path=./logs/patrol_room_eval policy=websocket task.name=patrol_room task.activity_definition_id=0 eval_instance_ids='[0]' model.host=localhost
paying_for_purchases,0,[0],paying_for_purchases-0,omnigibson,/home/anuriha/BEHAVIOR-1K/bddl3/bddl/activity_definitions/paying_for_purchases/problem0.bddl,R1Pro,--robot-type,7,"[""agent.n.01"", ""apple.n.01"", ""checkout.n.03"", ""floor.n.01"", ""money.n.01"", ""shopping_basket.n.01""]","[""grocery_store""]","[""inroom"", ""inside"", ""ontop""]",python /home/anuriha/BEHAVIOR-1K/OmniGibson/omnigibson/learning/eval.py log_path=./logs/paying_for_purchases_eval policy=websocket task.name=paying_for_purchases task.activity_definition_id=0 eval_instance_ids='[0]' model.host=localhost
picking_fruit_and_vegetables,0,[0],picking_fruit_and_vegetables-0,omnigibson,/home/anuriha/BEHAVIOR-1K/bddl3/bddl/activity_definitions/picking_fruit_and_vegetables/problem0.bddl,R1Pro,--robot-type,15,"[""agent.n.01"", ""cantaloup.n.02"", ""eggplant.n.01"", ""floor.n.01"", ""grocery_shelf.n.01"", ""half__mango.n.01"", ""mango.n.02"", ""pineapple.n.02"", ""shopping_basket.n.01"", ""stain.n.01"", ""zucchini.n.02""]","[""grocery_store""]","[""covered"", ""inroom"", ""inside"", ""ontop""]",python /home/anuriha/BEHAVIOR-1K/OmniGibson/omnigibson/learning/eval.py log_path=./logs/picking_fruit_and_vegetables_eval policy=websocket task.name=picking_fruit_and_vegetables task.activity_definition_id=0 eval_instance_ids='[0]' model.host=localhost
picking_up_baggage,0,[0],picking_up_baggage-0,omnigibson,/home/anuriha/BEHAVIOR-1K/bddl3/bddl/activity_definitions/picking_up_baggage/problem0.bddl,R1Pro,--robot-type,6,"[""agent.n.01"", ""backpack.n.01"", ""bag.n.06"", ""car.n.01"", ""floor.n.01"", ""table.n.02""]","[""bedroom"", ""garage""]","[""inroom"", ""inside"", ""ontop""]",python /home/anuriha/BEHAVIOR-1K/OmniGibson/omnigibson/learning/eval.py log_path=./logs/picking_up_baggage_eval policy=websocket task.name=picking_up_baggage task.activity_definition_id=0 eval_instance_ids='[0]' model.host=localhost
picking_up_books_at_library,0,[0],picking_up_books_at_library-0,omnigibson,/home/anuriha/BEHAVIOR-1K/bddl3/bddl/activity_definitions/picking_up_books_at_library/problem0.bddl,R1Pro,--robot-type,8,"[""agent.n.01"", ""backpack.n.01"", ""book.n.02"", ""desk.n.01"", ""floor.n.01"", ""paperback_book.n.01""]","[""private_office""]","[""inroom"", ""inside"", ""ontop""]",python /home/anuriha/BEHAVIOR-1K/OmniGibson/omnigibson/learning/eval.py log_path=./logs/picking_up_books_at_library_eval policy=websocket task.name=picking_up_books_at_library task.activity_definition_id=0 eval_instance_ids='[0]' model.host=localhost
picking_up_clothes,0,[0],picking_up_clothes-0,omnigibson,/home/anuriha/BEHAVIOR-1K/bddl3/bddl/activity_definitions/picking_up_clothes/problem0.bddl,R1Pro,--robot-type,8,"[""agent.n.01"", ""dress.n.01"", ""floor.n.01"", ""wardrobe.n.01""]","[""childs_room"", ""closet""]","[""folded"", ""inroom"", ""inside"", ""ontop""]",python /home/anuriha/BEHAVIOR-1K/OmniGibson/omnigibson/learning/eval.py log_path=./logs/picking_up_clothes_eval policy=websocket task.name=picking_up_clothes task.activity_definition_id=0 eval_instance_ids='[0]' model.host=localhost
picking_up_litter,0,[0],picking_up_litter-0,omnigibson,/home/anuriha/BEHAVIOR-1K/bddl3/bddl/activity_definitions/picking_up_litter/problem0.bddl,R1Pro,--robot-type,9,"[""agent.n.01"", ""floor.n.01"", ""plastic_bag.n.01"", ""recycling_bin.n.01"", ""tissue.n.02"", ""water_bottle.n.01""]","[""garden""]","[""inroom"", ""inside"", ""ontop""]",python /home/anuriha/BEHAVIOR-1K/OmniGibson/omnigibson/learning/eval.py log_path=./logs/picking_up_litter_eval policy=websocket task.name=picking_up_litter task.activity_definition_id=0 eval_instance_ids='[0]' model.host=localhost
picking_up_prescriptions,0,[0],picking_up_prescriptions-0,omnigibson,/home/anuriha/BEHAVIOR-1K/bddl3/bddl/activity_definitions/picking_up_prescriptions/problem0.bddl,R1Pro,--robot-type,13,"[""agent.n.01"", ""bottle__of__antihistamines.n.01"", ""checkout.n.03"", ""desktop_computer.n.01"", ""floor.n.01"", ""grocery_shelf.n.01"", ""pill_bottle.n.01"", ""printer.n.03"", ""sack.n.01"", ""sheet.n.02""]","[""grocery_store""]","[""inroom"", ""inside"", ""ontop""]",python /home/anuriha/BEHAVIOR-1K/OmniGibson/omnigibson/learning/eval.py log_path=./logs/picking_up_prescriptions_eval policy=websocket task.name=picking_up_prescriptions task.activity_definition_id=0 eval_instance_ids='[0]' model.host=localhost
picking_up_take_out_food,0,[0],picking_up_take_out_food-0,omnigibson,/home/anuriha/BEHAVIOR-1K/bddl3/bddl/activity_definitions/picking_up_take_out_food/problem0.bddl,R1Pro,--robot-type,6,"[""agent.n.01"", ""carton.n.02"", ""floor.n.01"", ""hamburger.n.01"", ""sushi.n.01"", ""table.n.02""]","[""dining_room"", ""living_room""]","[""inroom"", ""inside"", ""ontop""]",python /home/anuriha/BEHAVIOR-1K/OmniGibson/omnigibson/learning/eval.py log_path=./logs/picking_up_take_out_food_eval policy=websocket task.name=picking_up_take_out_food task.activity_definition_id=0 eval_instance_ids='[0]' model.host=localhost
picking_up_toys,0,[0],picking_up_toys-0,omnigibson,/home/anuriha/BEHAVIOR-1K/bddl3/bddl/activity_definitions/picking_up_toys/problem0.bddl,R1Pro,--robot-type,11,"[""agent.n.01"", ""bed.n.01"", ""board_game.n.01"", ""floor.n.01"", ""jigsaw_puzzle.n.01"", ""table.n.02"", ""tennis_ball.n.01"", ""toy_box.n.01""]","[""childs_room""]","[""inroom"", ""inside"", ""ontop""]",python /home/anuriha/BEHAVIOR-1K/OmniGibson/omnigibson/learning/eval.py log_path=./logs/picking_up_toys_eval policy=websocket task.name=picking_up_toys task.activity_definition_id=0 eval_instance_ids='[0]' model.host=localhost
picking_up_trash,0,[0],picking_up_trash-0,omnigibson,/home/anuriha/BEHAVIOR-1K/bddl3/bddl/activity_definitions/picking_up_trash/problem0.bddl,R1Pro,--robot-type,7,"[""agent.n.01"", ""ashcan.n.01"", ""can__of__soda.n.01"", ""floor.n.01""]","[""kitchen"", ""living_room""]","[""inroom"", ""inside"", ""ontop""]",python /home/anuriha/BEHAVIOR-1K/OmniGibson/omnigibson/learning/eval.py log_path=./logs/picking_up_trash_eval policy=websocket task.name=picking_up_trash task.activity_definition_id=0 eval_instance_ids='[0]' model.host=localhost
picking_vegetables_in_garden,0,[0],picking_vegetables_in_garden-0,omnigibson,/home/anuriha/BEHAVIOR-1K/bddl3/bddl/activity_definitions/picking_vegetables_in_garden/problem0.bddl,R1Pro,--robot-type,9,"[""agent.n.01"", ""artichoke.n.02"", ""beet.n.02"", ""chard.n.02"", ""floor.n.01"", ""lawn.n.01"", ""rail_fence.n.01"", ""wicker_basket.n.01""]","[""garden""]","[""inroom"", ""inside"", ""ontop""]",python /home/anuriha/BEHAVIOR-1K/OmniGibson/omnigibson/learning/eval.py log_path=./logs/picking_vegetables_in_garden_eval policy=websocket task.name=picking_vegetables_in_garden task.activity_definition_id=0 eval_instance_ids='[0]' model.host=localhost
place_houseplants_around_your_home,0,[0],place_houseplants_around_your_home-0,omnigibson,/home/anuriha/BEHAVIOR-1K/bddl3/bddl/activity_definitions/place_houseplants_around_your_home/problem0.bddl,R1Pro,--robot-type,10,"[""agent.n.01"", ""cactus.n.01"", ""floor.n.01"", ""pot_plant.n.01"", ""table.n.02"", ""wicker_basket.n.01""]","[""dining_room"", ""garden""]","[""inroom"", ""inside"", ""ontop""]",python /home/anuriha/BEHAVIOR-1K/OmniGibson/omnigibson/learning/eval.py log_path=./logs/place_houseplants_around_your_home_eval policy=websocket task.name=place_houseplants_around_your_home task.activity_definition_id=0 eval_instance_ids='[0]' model.host=localhost
planting_flowers,0,[0],planting_flowers-0,omnigibson,/home/anuriha/BEHAVIOR-1K/bddl3/bddl/activity_definitions/planting_flowers/problem0.bddl,R1Pro,--robot-type,21,"[""agent.n.01"", ""carton.n.02"", ""floor.n.01"", ""lawn.n.01"", ""pot.n.04"", ""pottable__dahlia.n.01"", ""pottable__marigold.n.01""]","[""garden""]","[""inroom"", ""inside"", ""ontop""]",python /home/anuriha/BEHAVIOR-1K/OmniGibson/omnigibson/learning/eval.py log_path=./logs/planting_flowers_eval policy=websocket task.name=planting_flowers task.activity_definition_id=0 eval_instance_ids='[0]' model.host=localhost
planting_plants,0,[0],planting_plants-0,omnigibson,/home/anuriha/BEHAVIOR-1K/bddl3/bddl/activity_definitions/planting_plants/problem0.bddl,R1Pro,--robot-type,10,"[""agent.n.01"", ""driveway.n.01"", ""floor.n.01"", ""lawn.n.01"", ""pot.n.04"", ""pottable__cactus.n.01"", ""pottable__daffodil.n.01""]","[""garden""]","[""inroom"", ""inside"", ""ontop""]",python /home/anuriha/BEHAVIOR-1K/OmniGibson/omnigibson/learning/eval.py log_path=./logs/planting_plants_eval policy=websocket task.name=planting_plants task.activity_definition_id=0 eval_instance_ids='[0]' model.host=localhost
planting_trees,0,[0],planting_trees-0,omnigibson,/home/anuriha/BEHAVIOR-1K/bddl3/bddl/activity_definitions/planting_trees/problem0.bddl,R1Pro,--robot-type,12,"[""acorn.n.01"", ""agent.n.01"", ""floor.n.01"", ""lawn.n.01"", ""sack.n.01"", ""shovel.n.01"", ""soil.n.02"", ""soil__bag.n.01""]","[""garden""]","[""covered"", ""filled"", ""inroom"", ""inside"", ""ontop""]",python /home/anuriha/BEHAVIOR-1K/OmniGibson/omnigibson/learning/eval.py log_path=./logs/planting_trees_eval policy=websocket task.name=planting_trees task.activity_definition_id=0 eval_instance_ids='[0]' model.host=localhost
planting_vegetables,0,[0],planting_vegetables-0,omnigibson,/home/anuriha/BEHAVIOR-1K/bddl3/bddl/activity_definitions/planting_vegetables/problem0.bddl,R1Pro,--robot-type,7,"[""agent.n.01"", ""floor.n.01"", ""pot.n.04"", ""pumpkin_seed.n.01"", ""pumpkin_seed__bag.n.01"", ""soil.n.02"", ""soil__bag.n.01""]","[""garden""]","[""contains"", ""filled"", ""inroom"", ""ontop""]",python /home/anuriha/BEHAVIOR-1K/OmniGibson/omnigibson/learning/eval.py log_path=./logs/planting_vegetables_eval policy=websocket task.name=planting_vegetables task.activity_definition_id=0 eval_instance_ids='[0]' model.host=localhost
polish_a_car,0,[0],polish_a_car-0,omnigibson,/home/anuriha/BEHAVIOR-1K/bddl3/bddl/activity_definitions/polish_a_car/problem0.bddl,R1Pro,--robot-type,11,"[""agent.n.01"", ""bucket.n.01"", ""car.n.01"", ""driveway.n.01"", ""floor.n.01"", ""incision.n.01"", ""polish.n.03"", ""polish__bottle.n.01"", ""rag.n.01"", ""water.n.06"", ""water_bottle.n.01""]","[""garden""]","[""covered"", ""filled"", ""inroom"", ""inside"", ""ontop""]",python /home/anuriha/BEHAVIOR-1K/OmniGibson/omnigibson/learning/eval.py log_path=./logs/polish_a_car_eval policy=websocket task.name=polish_a_car task.activity_definition_id=0 eval_instance_ids='[0]' model.host=localhost
polish_copper,0,[0],polish_copper-0,omnigibson,/home/anuriha/BEHAVIOR-1K/bddl3/bddl/activity_definitions/polish_copper/problem0.bddl,R1Pro,--robot-type,8,"[""agent.n.01"", ""cabinet.n.01"", ""clothes_dryer.n.01"", ""copper_pot.n.01"", ""floor.n.01"", ""polish.n.03"", ""polish__bottle.n.01"", ""rag.n.01""]","[""utility_room""]","[""covered"", ""filled"", ""inroom"", ""inside"", ""ontop""]",python /home/anuriha/BEHAVIOR-1K/OmniGibson/omnigibson/learning/eval.py log_path=./logs/polish_copper_eval policy=websocket task.name=polish_copper task.activity_definition_id=0 eval_instance_ids='[0]' model.host=localhost
polish_cymbals,0,[0],polish_cymbals-0,omnigibson,/home/anuriha/BEHAVIOR-1K/bddl3/bddl/activity_definitions/polish_cymbals/problem0.bddl,R1Pro,--robot-type,13,"[""agent.n.01"", ""bowl.n.01"", ""cymbal.n.01"", ""floor.n.01"", ""lemon_juice.n.01"", ""lemon_juice__bottle.n.01"", ""polish.n.03"", ""polish__bottle.n.01"", ""rag.n.01"", ""stain.n.01"", ""vinegar.n.01"", ""vinegar__bottle.n.01""]","[""empty_room""]","[""covered"", ""filled"", ""inroom"", ""ontop""]",python /home/anuriha/BEHAVIOR-1K/OmniGibson/omnigibson/learning/eval.py log_path=./logs/polish_cymbals_eval policy=websocket task.name=polish_cymbals task.activity_definition_id=0 eval_instance_ids='[0]' model.host=localhost
polish_gold,0,[0],polish_gold-0,omnigibson,/home/anuriha/BEHAVIOR-1K/bddl3/bddl/activity_definitions/polish_gold/problem0.bddl,R1Pro,--robot-type,12,"[""agent.n.01"", ""bracelet.n.02"", ""countertop.n.01"", ""detergent.n.02"", ""detergent__bottle.n.01"", ""floor.n.01"", ""polish.n.03"", ""polish__bottle.n.01"", ""rag.n.01"", ""sink.n.01"", ""stain.n.01"", ""water.n.06""]","[""utility_room""]","[""covered"", ""filled"", ""inroom"", ""insource"", ""ontop""]",python /home/anuriha/BEHAVIOR-1K/OmniGibson/omnigibson/learning/eval.py log_path=./logs/polish_gold_eval policy=websocket task.name=polish_gold task.activity_definition_id=0 eval_instance_ids='[0]' model.host=localhost
polish_pewter,0,[0],polish_pewter-0,omnigibson,/home/anuriha/BEHAVIOR-1K/bddl3/bddl/activity_definitions/polish_pewter/problem0.bddl,R1Pro,--robot-type,13,"[""agent.n.01"", ""bowl.n.01"", ""countertop.n.01"", ""dust.n.01"", ""floor.n.01"", ""hand_towel.n.01"", ""liquid_soap.n.01"", ""liquid_soap__bottle.n.01"", ""pewter_teapot.n.01"", ""polish.n.03"", ""polish__bottle.n.01"", ""sink.n.01"", ""water.n.06""]","[""utility_room""]","[""covered"", ""filled"", ""inroom"", ""insource"", ""ontop""]",python /home/anuriha/BEHAVIOR-1K/OmniGibson/omnigibson/learning/eval.py log_path=./logs/polish_pewter_eval policy=websocket task.name=polish_pewter task.activity_definition_id=0 eval_instance_ids='[0]' model.host=localhost
polish_rocks,0,[0],polish_rocks-0,omnigibson,/home/anuriha/BEHAVIOR-1K/bddl3/bddl/activity_definitions/polish_rocks/problem0.bddl,R1Pro,--robot-type,8,"[""agent.n.01"", ""coffee_table.n.01"", ""dust.n.01"", ""floor.n.01"", ""pebble.n.01"", ""polish.n.03"", ""polish__bottle.n.01"", ""rag.n.01""]","[""garden""]","[""covered"", ""filled"", ""inroom"", ""ontop""]",python /home/anuriha/BEHAVIOR-1K/OmniGibson/omnigibson/learning/eval.py log_path=./logs/polish_rocks_eval policy=websocket task.name=polish_rocks task.activity_definition_id=0 eval_instance_ids='[0]' model.host=localhost
polish_wood_floors,0,[0],polish_wood_floors-0,omnigibson,/home/anuriha/BEHAVIOR-1K/bddl3/bddl/activity_definitions/polish_wood_floors/problem0.bddl,R1Pro,--robot-type,7,"[""agent.n.01"", ""bookcase.n.01"", ""bucket.n.01"", ""floor.n.01"", ""polish.n.03"", ""polish__bottle.n.01"", ""swab.n.02""]","[""garage"", ""living_room""]","[""covered"", ""filled"", ""inroom"", ""inside"", ""ontop""]",python /home/anuriha/BEHAVIOR-1K/OmniGibson/omnigibson/learning/eval.py log_path=./logs/polish_wood_floors_eval policy=websocket task.name=polish_wood_floors task.activity_definition_id=0 eval_instance_ids='[0]' model.host=localhost
polishing_furniture,0,[0],polishing_furniture-0,omnigibson,/home/anuriha/BEHAVIOR-1K/bddl3/bddl/activity_definitions/polishing_furniture/problem0.bddl,R1Pro,--robot-type,6,"[""agent.n.01"", ""bookcase.n.01"", ""dust.n.01"", ""floor.n.01"", ""rag.n.01"", ""table.n.02""]","[""living_room""]","[""covered"", ""inroom"", ""ontop"", ""under""]",python /home/anuriha/BEHAVIOR-1K/OmniGibson/omnigibson/learning/eval.py log_path=./logs/polishing_furniture_eval policy=websocket task.name=polishing_furniture task.activity_definition_id=0 eval_instance_ids='[0]' model.host=localhost
polishing_shoes,0,[0],polishing_shoes-0,omnigibson,/home/anuriha/BEHAVIOR-1K/bddl3/bddl/activity_definitions/polishing_shoes/problem0.bddl,R1Pro,--robot-type,7,"[""agent.n.01"", ""floor.n.01"", ""rag.n.01"", ""shoe.n.01"", ""sink.n.01"", ""stain.n.01""]","[""bathroom""]","[""covered"", ""inroom"", ""nextto"", ""ontop""]",python /home/anuriha/BEHAVIOR-1K/OmniGibson/omnigibson/learning/eval.py log_path=./logs/polishing_shoes_eval policy=websocket task.name=polishing_shoes task.activity_definition_id=0 eval_instance_ids='[0]' model.host=localhost
polishing_silver,0,[0],polishing_silver-0,omnigibson,/home/anuriha/BEHAVIOR-1K/bddl3/bddl/activity_definitions/polishing_silver/problem0.bddl,R1Pro,--robot-type,9,"[""agent.n.01"", ""cabinet.n.01"", ""dust.n.01"", ""floor.n.01"", ""rag.n.01"", ""tablespoon.n.02""]","[""kitchen""]","[""covered"", ""inroom"", ""inside"", ""ontop""]",python /home/anuriha/BEHAVIOR-1K/OmniGibson/omnigibson/learning/eval.py log_path=./logs/polishing_silver_eval policy=websocket task.name=polishing_silver task.activity_definition_id=0 eval_instance_ids='[0]' model.host=localhost
pour_a_glass_of_wine,0,[0],pour_a_glass_of_wine-0,omnigibson,/home/anuriha/BEHAVIOR-1K/bddl3/bddl/activity_definitions/pour_a_glass_of_wine/problem0.bddl,R1Pro,--robot-type,6,"[""agent.n.01"", ""countertop.n.01"", ""floor.n.01"", ""red_wine.n.01"", ""wine_bottle.n.01"", ""wineglass.n.01""]","[""bar""]","[""filled"", ""inroom"", ""ontop""]",python /home/anuriha/BEHAVIOR-1K/OmniGibson/omnigibson/learning/eval.py log_path=./logs/pour_a_glass_of_wine_eval policy=websocket task.name=pour_a_glass_of_wine task.activity_definition_id=0 eval_instance_ids='[0]' model.host=localhost
pour_beer,0,[0],pour_beer-0,omnigibson,/home/anuriha/BEHAVIOR-1K/bddl3/bddl/activity_definitions/pour_beer/problem0.bddl,R1Pro,--robot-type,11,"[""agent.n.01"", ""beer.n.01"", ""beer_bottle.n.01"", ""beer_glass.n.01"", ""countertop.n.01"", ""floor.n.01""]","[""bar""]","[""filled"", ""inroom"", ""ontop""]",python /home/anuriha/BEHAVIOR-1K/OmniGibson/omnigibson/learning/eval.py log_path=./logs/pour_beer_eval policy=websocket task.name=pour_beer task.activity_definition_id=0 eval_instance_ids='[0]' model.host=localhost
pouring_water_in_a_glass,0,[0],pouring_water_in_a_glass-0,omnigibson,/home/anuriha/BEHAVIOR-1K/bddl3/bddl/activity_definitions/pouring_water_in_a_glass/problem0.bddl,R1Pro,--robot-type,7,"[""agent.n.01"", ""cabinet.n.01"", ""countertop.n.01"", ""floor.n.01"", ""pitcher.n.02"", ""water.n.06"", ""water_glass.n.02""]","[""kitchen""]","[""filled"", ""inroom"", ""inside"", ""ontop""]",python /home/anuriha/BEHAVIOR-1K/OmniGibson/omnigibson/learning/eval.py log_path=./logs/pouring_water_in_a_glass_eval policy=websocket task.name=pouring_water_in_a_glass task.activity_definition_id=0 eval_instance_ids='[0]' model.host=localhost
prepare_a_boat_for_fishing,0,[0],prepare_a_boat_for_fishing-0,omnigibson,/home/anuriha/BEHAVIOR-1K/bddl3/bddl/activity_definitions/prepare_a_boat_for_fishing/problem0.bddl,R1Pro,--robot-type,13,"[""agent.n.01"", ""boat.n.01"", ""bucket.n.01"", ""detergent.n.02"", ""detergent__bottle.n.01"", ""driveway.n.01"", ""fishing_gear.n.01"", ""fishing_rod.n.01"", ""floor.n.01"", ""rag.n.01"", ""sink.n.01"", ""stain.n.01"", ""water.n.06""]","[""bathroom"", ""garden""]","[""covered"", ""filled"", ""inroom"", ""inside"", ""insource"", ""ontop""]",python /home/anuriha/BEHAVIOR-1K/OmniGibson/omnigibson/learning/eval.py log_path=./logs/prepare_a_boat_for_fishing_eval policy=websocket task.name=prepare_a_boat_for_fishing task.activity_definition_id=0 eval_instance_ids='[0]' model.host=localhost
prepare_a_breakfast_bar,0,[0],prepare_a_breakfast_bar-0,omnigibson,/home/anuriha/BEHAVIOR-1K/bddl3/bddl/activity_definitions/prepare_a_breakfast_bar/problem0.bddl,R1Pro,--robot-type,22,"[""agent.n.01"", ""breakfast_table.n.01"", ""buttermilk_pancake.n.01"", ""cabinet.n.01"", ""carton__of__orange_juice.n.01"", ""countertop.n.01"", ""danish.n.02"", ""electric_refrigerator.n.01"", ""floor.n.01"", ""muffin.n.01"", ""platter.n.01"", ""scone.n.01"", ""toast.n.01"", ""tray.n.01"", ""waffle.n.01""]","[""dining_room"", ""kitchen""]","[""inroom"", ""inside"", ""ontop""]",python /home/anuriha/BEHAVIOR-1K/OmniGibson/omnigibson/learning/eval.py log_path=./logs/prepare_a_breakfast_bar_eval policy=websocket task.name=prepare_a_breakfast_bar task.activity_definition_id=0 eval_instance_ids='[0]' model.host=localhost
prepare_a_filling_breakfast,0,[0],prepare_a_filling_breakfast-0,omnigibson,/home/anuriha/BEHAVIOR-1K/bddl3/bddl/activity_definitions/prepare_a_filling_breakfast/problem0.bddl,R1Pro,--robot-type,15,"[""agent.n.01"", ""bratwurst.n.01"", ""carving_knife.n.01"", ""countertop.n.01"", ""egg.n.02"", ""electric_refrigerator.n.01"", ""floor.n.01"", ""frying_pan.n.01"", ""half__orange.n.01"", ""orange.n.01"", ""plate.n.04"", ""stove.n.01"", ""table_knife.n.01""]","[""kitchen""]","[""cooked"", ""future"", ""inroom"", ""inside"", ""ontop"", ""real""]",python /home/anuriha/BEHAVIOR-1K/OmniGibson/omnigibson/learning/eval.py log_path=./logs/prepare_a_filling_breakfast_eval policy=websocket task.name=prepare_a_filling_breakfast task.activity_definition_id=0 eval_instance_ids='[0]' model.host=localhost
prepare_a_hanging_basket,0,[0],prepare_a_hanging_basket-0,omnigibson,/home/anuriha/BEHAVIOR-1K/bddl3/bddl/activity_definitions/prepare_a_hanging_basket/problem0.bddl,R1Pro,--robot-type,7,"[""agent.n.01"", ""floor.n.01"", ""pot.n.04"", ""pottable__marigold.n.01"", ""trowel.n.01""]","[""garden""]","[""inroom"", ""inside"", ""ontop""]",python /home/anuriha/BEHAVIOR-1K/OmniGibson/omnigibson/learning/eval.py log_path=./logs/prepare_a_hanging_basket_eval policy=websocket task.name=prepare_a_hanging_basket task.activity_definition_id=0 eval_instance_ids='[0]' model.host=localhost
prepare_a_raised_bed_garden,0,[0],prepare_a_raised_bed_garden-0,omnigibson,/home/anuriha/BEHAVIOR-1K/bddl3/bddl/activity_definitions/prepare_a_raised_bed_garden/problem0.bddl,R1Pro,--robot-type,9,"[""agent.n.01"", ""floor.n.01"", ""marigold.n.01"", ""pot.n.04"", ""soil.n.02"", ""trowel.n.01""]","[""garden""]","[""covered"", ""filled"", ""inroom"", ""inside"", ""ontop""]",python /home/anuriha/BEHAVIOR-1K/OmniGibson/omnigibson/learning/eval.py log_path=./logs/prepare_a_raised_bed_garden_eval policy=websocket task.name=prepare_a_raised_bed_garden task.activity_definition_id=0 eval_instance_ids='[0]' model.host=localhost
prepare_a_slow_dinner_party,0,[0],prepare_a_slow_dinner_party-0,omnigibson,/home/anuriha/BEHAVIOR-1K/bddl3/bddl/activity_definitions/prepare_a_slow_dinner_party/problem0.bddl,R1Pro,--robot-type,19,"[""agent.n.01"", ""cabinet.n.01"", ""carving_knife.n.01"", ""countertop.n.01"", ""electric_refrigerator.n.01"", ""floor.n.01"", ""microwave.n.02"", ""plate.n.04"", ""platter.n.01"", ""salad.n.01"", ""table.n.02"", ""turkey.n.04"", ""wine_bottle.n.01"", ""wineglass.n.01""]","[""dining_room"", ""kitchen""]","[""cooked"", ""hot"", ""inroom"", ""inside"", ""nextto"", ""ontop""]",python /home/anuriha/BEHAVIOR-1K/OmniGibson/omnigibson/learning/eval.py log_path=./logs/prepare_a_slow_dinner_party_eval policy=websocket task.name=prepare_a_slow_dinner_party task.activity_definition_id=0 eval_instance_ids='[0]' model.host=localhost
prepare_an_emergency_school_kit,0,[0],prepare_an_emergency_school_kit-0,omnigibson,/home/anuriha/BEHAVIOR-1K/bddl3/bddl/activity_definitions/prepare_an_emergency_school_kit/problem0.bddl,R1Pro,--robot-type,10,"[""agent.n.01"", ""backpack.n.01"", ""bottle__of__perfume.n.01"", ""box__of__candy.n.01"", ""floor.n.01"", ""granola_bar.n.01"", ""notebook.n.01"", ""pen.n.01"", ""tissue.n.02"", ""wallet.n.01""]","[""corridor""]","[""inroom"", ""inside"", ""ontop"", ""open""]",python /home/anuriha/BEHAVIOR-1K/OmniGibson/omnigibson/learning/eval.py log_path=./logs/prepare_an_emergency_school_kit_eval policy=websocket task.name=prepare_an_emergency_school_kit task.activity_definition_id=0 eval_instance_ids='[0]' model.host=localhost
prepare_and_cook_prawns,0,[0],prepare_and_cook_prawns-0,omnigibson,/home/anuriha/BEHAVIOR-1K/bddl3/bddl/activity_definitions/prepare_and_cook_prawns/problem0.bddl,R1Pro,--robot-type,21,"[""agent.n.01"", ""butter.n.01"", ""carving_knife.n.01"", ""chopping_board.n.01"", ""clove.n.03"", ""countertop.n.01"", ""electric_refrigerator.n.01"", ""floor.n.01"", ""frying_pan.n.01"", ""plate.n.04"", ""prawn.n.01"", ""salt.n.02"", ""salt__shaker.n.01"", ""stove.n.01""]","[""kitchen""]","[""cooked"", ""covered"", ""frozen"", ""inroom"", ""inside"", ""insource"", ""ontop"", ""toggled_on""]",python /home/anuriha/BEHAVIOR-1K/OmniGibson/omnigibson/learning/eval.py log_path=./logs/prepare_and_cook_prawns_eval policy=websocket task.name=prepare_and_cook_prawns task.activity_definition_id=0 eval_instance_ids='[0]' model.host=localhost
prepare_and_cook_swiss_chard,0,[0],prepare_and_cook_swiss_chard-0,omnigibson,/home/anuriha/BEHAVIOR-1K/bddl3/bddl/activity_definitions/prepare_and_cook_swiss_chard/problem0.bddl,R1Pro,--robot-type,20,"[""agent.n.01"", ""cabinet.n.01"", ""carving_knife.n.01"", ""cayenne.n.02"", ""cayenne__shaker.n.01"", ""chard.n.02"", ""chopping_board.n.01"", ""clove.n.03"", ""cooked__diced__chard.n.01"", ""countertop.n.01"", ""diced__clove.n.01"", ""floor.n.01"", ""olive_oil.n.01"", ""olive_oil__bottle.n.01"", ""plate.n.04"", ""salt.n.02"", ""salt__shaker.n.01"", ""saucepot.n.01"", ""stove.n.01""]","[""kitchen""]","[""contains"", ""filled"", ""future"", ""inroom"", ""inside"", ""insource"", ""ontop"", ""real""]",python /home/anuriha/BEHAVIOR-1K/OmniGibson/omnigibson/learning/eval.py log_path=./logs/prepare_and_cook_swiss_chard_eval policy=websocket task.name=prepare_and_cook_swiss_chard task.activity_definition_id=0 eval_instance_ids='[0]' model.host=localhost
prepare_baking_pans,0,[0],prepare_baking_pans-0,omnigibson,/home/anuriha/BEHAVIOR-1K/bddl3/bddl/activity_definitions/prepare_baking_pans/problem0.bddl,R1Pro,--robot-type,7,"[""agent.n.01"", ""cookie_sheet.n.01"", ""cooking_oil.n.01"", ""cooking_oil__bottle.n.01"", ""countertop.n.01"", ""floor.n.01""]","[""kitchen""]","[""covered"", ""filled"", ""inroom"", ""ontop""]",python /home/anuriha/BEHAVIOR-1K/OmniGibson/omnigibson/learning/eval.py log_path=./logs/prepare_baking_pans_eval policy=websocket task.name=prepare_baking_pans task.activity_definition_id=0 eval_instance_ids='[0]' model.host=localhost
prepare_make_ahead_breakfast_bowls,0,[0],prepare_make_ahead_breakfast_bowls-0,omnigibson,/home/anuriha/BEHAVIOR-1K/bddl3/bddl/activity_definitions/prepare_make_ahead_breakfast_bowls/problem0.bddl,R1Pro,--robot-type,27,"[""agent.n.01"", ""bell_pepper.n.02"", ""bowl.n.01"", ""cabinet.n.01"", ""carving_knife.n.01"", ""chopping_board.n.01"", ""cooked__diced__bell_pepper.n.01"", ""countertop.n.01"", ""egg.n.02"", ""electric_refrigerator.n.01"", ""feta.n.01"", ""feta__box.n.01"", ""floor.n.01"", ""frying_pan.n.01"", ""half__feta.n.01"", ""half__potato.n.01"", ""microwave.n.02"", ""olive_oil.n.01"", ""olive_oil__bottle.n.01"", ""potato.n.01"", ""salt.n.02"", ""salt__shaker.n.01"", ""tupperware.n.01""]","[""kitchen""]","[""contains"", ""cooked"", ""filled"", ""future"", ""inroom"", ""inside"", ""insource"", ""ontop"", ""real""]",python /home/anuriha/BEHAVIOR-1K/OmniGibson/omnigibson/learning/eval.py log_path=./logs/prepare_make_ahead_breakfast_bowls_eval policy=websocket task.name=prepare_make_ahead_breakfast_bowls task.activity_definition_id=0 eval_instance_ids='[0]' model.host=localhost
prepare_quinoa,0,[0],prepare_quinoa-0,omnigibson,/home/anuriha/BEHAVIOR-1K/bddl3/bddl/activity_definitions/prepare_quinoa/problem0.bddl,R1Pro,--robot-type,11,"[""agent.n.01"", ""cabinet.n.01"", ""chicken_broth.n.01"", ""chicken_broth__carton.n.01"", ""cooked__quinoa.n.01"", ""floor.n.01"", ""quinoa.n.01"", ""saucepan.n.01"", ""stove.n.01"", ""tablefork.n.01"", ""tupperware.n.01""]","[""kitchen""]","[""filled"", ""future"", ""inroom"", ""inside"", ""ontop"", ""real""]",python /home/anuriha/BEHAVIOR-1K/OmniGibson/omnigibson/learning/eval.py log_path=./logs/prepare_quinoa_eval policy=websocket task.name=prepare_quinoa task.activity_definition_id=0 eval_instance_ids='[0]' model.host=localhost
prepare_sea_salt_soak,0,[0],prepare_sea_salt_soak-0,omnigibson,/home/anuriha/BEHAVIOR-1K/bddl3/bddl/activity_definitions/prepare_sea_salt_soak/problem0.bddl,R1Pro,--robot-type,12,"[""agent.n.01"", ""bed.n.01"", ""countertop.n.01"", ""cup.n.01"", ""floor.n.01"", ""microwave.n.02"", ""salt.n.02"", ""salt__shaker.n.01"", ""seawater.n.01"", ""sink.n.01"", ""tablespoon.n.02"", ""water.n.06""]","[""bathroom"", ""bedroom"", ""kitchen""]","[""filled"", ""future"", ""inroom"", ""insource"", ""ontop"", ""real""]",python /home/anuriha/BEHAVIOR-1K/OmniGibson/omnigibson/learning/eval.py log_path=./logs/prepare_sea_salt_soak_eval policy=websocket task.name=prepare_sea_salt_soak task.activity_definition_id=0 eval_instance_ids='[0]' model.host=localhost
prepare_wine_and_cheese,0,[0],prepare_wine_and_cheese-0,omnigibson,/home/anuriha/BEHAVIOR-1K/bddl3/bddl/activity_definitions/prepare_wine_and_cheese/problem0.bddl,R1Pro,--robot-type,22,"[""agent.n.01"", ""breakfast_table.n.01"", ""carafe.n.01"", ""carving_knife.n.01"", ""champagne.n.01"", ""cheddar.n.02"", ""chopping_board.n.01"", ""countertop.n.01"", ""diced__cheddar.n.01"", ""diced__feta.n.01"", ""electric_refrigerator.n.01"", ""feta.n.01"", ""floor.n.01"", ""plate.n.04"", ""pretzel.n.01"", ""white_wine.n.01"", ""wine_bottle.n.01"", ""wineglass.n.01""]","[""dining_room"", ""kitchen""]","[""contains"", ""filled"", ""future"", ""inroom"", ""ontop"", ""real""]",python /home/anuriha/BEHAVIOR-1K/OmniGibson/omnigibson/learning/eval.py log_path=./logs/prepare_wine_and_cheese_eval policy=websocket task.name=prepare_wine_and_cheese task.activity_definition_id=0 eval_instance_ids='[0]' model.host=localhost
prepare_your_garden_for_a_cat,0,[0],prepare_your_garden_for_a_cat-0,omnigibson,/home/anuriha/BEHAVIOR-1K/bddl3/bddl/activity_definitions/prepare_your_garden_for_a_cat/problem0.bddl,R1Pro,--robot-type,8,"[""agent.n.01"", ""disinfectant.n.01"", ""disinfectant__bottle.n.01"", ""floor.n.01"", ""lawn.n.01"", ""litter_box.n.01"", ""mat.n.01"", ""water_bottle.n.01""]","[""garden""]","[""covered"", ""filled"", ""inroom"", ""nextto"", ""ontop"", ""unfolded""]",python /home/anuriha/BEHAVIOR-1K/OmniGibson/omnigibson/learning/eval.py log_path=./logs/prepare_your_garden_for_a_cat_eval policy=websocket task.name=prepare_your_garden_for_a_cat task.activity_definition_id=0 eval_instance_ids='[0]' model.host=localhost
prepare_your_garden_for_winter,0,[0],prepare_your_garden_for_winter-0,omnigibson,/home/anuriha/BEHAVIOR-1K/bddl3/bddl/activity_definitions/prepare_your_garden_for_winter/problem0.bddl,R1Pro,--robot-type,7,"[""agent.n.01"", ""floor.n.01"", ""lawn.n.01"", ""scrub.n.01"", ""tarpaulin.n.01""]","[""garden""]","[""inroom"", ""ontop"", ""overlaid""]",python /home/anuriha/BEHAVIOR-1K/OmniGibson/omnigibson/learning/eval.py log_path=./logs/prepare_your_garden_for_winter_eval policy=websocket task.name=prepare_your_garden_for_winter task.activity_definition_id=0 eval_instance_ids='[0]' model.host=localhost
preparing_clothes_for_the_next_day,0,[0],preparing_clothes_for_the_next_day-0,omnigibson,/home/anuriha/BEHAVIOR-1K/bddl3/bddl/activity_definitions/preparing_clothes_for_the_next_day/problem0.bddl,R1Pro,--robot-type,11,"[""agent.n.01"", ""bed.n.01"", ""boot.n.01"", ""cedar_chest.n.01"", ""coat.n.01"", ""floor.n.01"", ""trouser.n.01"", ""wallet.n.01"", ""wardrobe.n.01""]","[""childs_room"", ""closet""]","[""inroom"", ""inside"", ""ontop""]",python /home/anuriha/BEHAVIOR-1K/OmniGibson/omnigibson/learning/eval.py log_path=./logs/preparing_clothes_for_the_next_day_eval policy=websocket task.name=preparing_clothes_for_the_next_day task.activity_definition_id=0 eval_instance_ids='[0]' model.host=localhost
preparing_existing_coffee,0,[0],preparing_existing_coffee-0,omnigibson,/home/anuriha/BEHAVIOR-1K/bddl3/bddl/activity_definitions/preparing_existing_coffee/problem0.bddl,R1Pro,--robot-type,13,"[""agent.n.01"", ""bowl.n.01"", ""cabinet.n.01"", ""countertop.n.01"", ""drip_coffee.n.01"", ""electric_refrigerator.n.01"", ""floor.n.01"", ""granulated_sugar.n.01"", ""low-fat_milk.n.01"", ""mason_jar.n.01"", ""microwave.n.02"", ""milk__carton.n.01"", ""mug.n.04""]","[""kitchen""]","[""contains"", ""filled"", ""inroom"", ""inside"", ""ontop""]",python /home/anuriha/BEHAVIOR-1K/OmniGibson/omnigibson/learning/eval.py log_path=./logs/preparing_existing_coffee_eval policy=websocket task.name=preparing_existing_coffee task.activity_definition_id=0 eval_instance_ids='[0]' model.host=localhost
preparing_food_for_a_fundraiser,0,[0],preparing_food_for_a_fundraiser-0,omnigibson,/home/anuriha/BEHAVIOR-1K/bddl3/bddl/activity_definitions/preparing_food_for_a_fundraiser/problem0.bddl,R1Pro,--robot-type,16,"[""agent.n.01"", ""bottle__of__hot_sauce.n.01"", ""bottle__of__soup.n.01"", ""bratwurst.n.01"", ""bread_slice.n.01"", ""cabinet.n.01"", ""carton.n.02"", ""cheddar.n.02"", ""electric_refrigerator.n.01"", ""floor.n.01"", ""lasagna.n.01"", ""tupperware.n.01""]","[""kitchen""]","[""inroom"", ""inside"", ""ontop""]",python /home/anuriha/BEHAVIOR-1K/OmniGibson/omnigibson/learning/eval.py log_path=./logs/preparing_food_for_a_fundraiser_eval policy=websocket task.name=preparing_food_for_a_fundraiser task.activity_definition_id=0 eval_instance_ids='[0]' model.host=localhost
preparing_food_for_adult,0,[0],preparing_food_for_adult-0,omnigibson,/home/anuriha/BEHAVIOR-1K/bddl3/bddl/activity_definitions/preparing_food_for_adult/problem0.bddl,R1Pro,--robot-type,18,"[""agent.n.01"", ""bowl.n.01"", ""cabinet.n.01"", ""cooked__diced__potato.n.01"", ""diced__potato.n.01"", ""electric_refrigerator.n.01"", ""floor.n.01"", ""frying_pan.n.01"", ""oven.n.01"", ""plate.n.04"", ""raw_egg.n.01"", ""steak.n.01"", ""stove.n.01"", ""whiskey.n.01"", ""whiskey__bottle.n.01""]","[""kitchen""]","[""contains"", ""cooked"", ""filled"", ""future"", ""inroom"", ""inside"", ""ontop"", ""real""]",python /home/anuriha/BEHAVIOR-1K/OmniGibson/omnigibson/learning/eval.py log_path=./logs/preparing_food_for_adult_eval policy=websocket task.name=preparing_food_for_adult task.activity_definition_id=0 eval_instance_ids='[0]' model.host=localhost
preparing_food_for_company,0,[0],preparing_food_for_company-0,omnigibson,/home/anuriha/BEHAVIOR-1K/bddl3/bddl/activity_definitions/preparing_food_for_company/problem0.bddl,R1Pro,--robot-type,22,"[""agent.n.01"", ""cabinet.n.01"", ""carving_knife.n.01"", ""chicken.n.01"", ""chopping_board.n.01"", ""cooked__diced__chicken.n.01"", ""cooked__marinara.n.01"", ""cooked__noodle.n.01"", ""countertop.n.01"", ""crock_pot.n.01"", ""electric_refrigerator.n.01"", ""floor.n.01"", ""marinara.n.01"", ""marinara__jar.n.01"", ""noodle.n.01"", ""pasta__box.n.01"", ""platter.n.01"", ""salad.n.01"", ""sink.n.01"", ""stove.n.01"", ""water.n.06""]","[""kitchen""]","[""contains"", ""filled"", ""future"", ""inroom"", ""inside"", ""insource"", ""ontop"", ""real""]",python /home/anuriha/BEHAVIOR-1K/OmniGibson/omnigibson/learning/eval.py log_path=./logs/preparing_food_for_company_eval policy=websocket task.name=preparing_food_for_company task.activity_definition_id=0 eval_instance_ids='[0]' model.host=localhost
preparing_food_or_drink_for_sale,0,[0],preparing_food_or_drink_for_sale-0,omnigibson,/home/anuriha/BEHAVIOR-1K/bddl3/bddl/activity_definitions/preparing_food_or_drink_for_sale/problem0.bddl,R1Pro,--robot-type,9,"[""agent.n.01"", ""cabinet.n.01"", ""electric_refrigerator.n.01"", ""floor.n.01"", ""french_fries.n.02"", ""hamburger.n.01"", ""microwave.n.02"", ""platter.n.01"", ""tupperware.n.01""]","[""kitchen""]","[""hot"", ""inroom"", ""inside"", ""ontop""]",python /home/anuriha/BEHAVIOR-1K/OmniGibson/omnigibson/learning/eval.py log_path=./logs/preparing_food_or_drink_for_sale_eval policy=websocket task.name=preparing_food_or_drink_for_sale task.activity_definition_id=0 eval_instance_ids='[0]' model.host=localhost
preparing_lunch_box,0,[0],preparing_lunch_box-0,omnigibson,/home/anuriha/BEHAVIOR-1K/bddl3/bddl/activity_definitions/preparing_lunch_box/problem0.bddl,R1Pro,--robot-type,11,"[""agent.n.01"", ""bottle__of__tea.n.01"", ""chocolate_chip_cookie.n.01"", ""chopping_board.n.01"", ""club_sandwich.n.01"", ""countertop.n.01"", ""electric_refrigerator.n.01"", ""floor.n.01"", ""half__apple.n.01"", ""packing_box.n.02""]","[""kitchen""]","[""inroom"", ""inside"", ""ontop"", ""open""]",python /home/anuriha/BEHAVIOR-1K/OmniGibson/omnigibson/learning/eval.py log_path=./logs/preparing_lunch_box_eval policy=websocket task.name=preparing_lunch_box task.activity_definition_id=0 eval_instance_ids='[0]' model.host=localhost
preserving_fruit,0,[0],preserving_fruit-0,omnigibson,/home/anuriha/BEHAVIOR-1K/bddl3/bddl/activity_definitions/preserving_fruit/problem0.bddl,R1Pro,--robot-type,25,"[""agent.n.01"", ""blender.n.01"", ""cabinet.n.01"", ""carving_knife.n.01"", ""countertop.n.01"", ""electric_refrigerator.n.01"", ""floor.n.01"", ""granulated_sugar.n.01"", ""granulated_sugar__sack.n.01"", ""hinged_jar.n.01"", ""mint.n.04"", ""saucepot.n.01"", ""sink.n.01"", ""soup_ladle.n.01"", ""stove.n.01"", ""strawberry.n.01"", ""sugar_syrup.n.01"", ""tupperware.n.01"", ""water.n.06""]","[""kitchen""]","[""contains"", ""cooked"", ""filled"", ""future"", ""inroom"", ""inside"", ""insource"", ""ontop"", ""open"", ""real""]",python /home/anuriha/BEHAVIOR-1K/OmniGibson/omnigibson/learning/eval.py log_path=./logs/preserving_fruit_eval policy=websocket task.name=preserving_fruit task.activity_definition_id=0 eval_instance_ids='[0]' model.host=localhost
preserving_meat,0,[0],preserving_meat-0,omnigibson,/home/anuriha/BEHAVIOR-1K/bddl3/bddl/activity_definitions/preserving_meat/problem0.bddl,R1Pro,--robot-type,9,"[""agent.n.01"", ""countertop.n.01"", ""diced__chicken.n.01"", ""electric_refrigerator.n.01"", ""floor.n.01"", ""hinged_jar.n.01"", ""salt.n.02"", ""salt__shaker.n.01"", ""tupperware.n.01""]","[""kitchen""]","[""contains"", ""filled"", ""inroom"", ""inside"", ""insource"", ""ontop"", ""open""]",python /home/anuriha/BEHAVIOR-1K/OmniGibson/omnigibson/learning/eval.py log_path=./logs/preserving_meat_eval policy=websocket task.name=preserving_meat task.activity_definition_id=0 eval_instance_ids='[0]' model.host=localhost
preserving_vegetables,0,[0],preserving_vegetables-0,omnigibson,/home/anuriha/BEHAVIOR-1K/bddl3/bddl/activity_definitions/preserving_vegetables/problem0.bddl,R1Pro,--robot-type,14,"[""agent.n.01"", ""carrot.n.03"", ""carving_knife.n.01"", ""chopping_board.n.01"", ""countertop.n.01"", ""diced__carrot.n.01"", ""floor.n.01"", ""mason_jar.n.01"", ""stockpot.n.01"", ""stove.n.01"", ""vinegar.n.01"", ""vinegar__bottle.n.01"", ""water.n.06""]","[""kitchen""]","[""contains"", ""filled"", ""future"", ""hot"", ""inroom"", ""ontop"", ""real""]",python /home/anuriha/BEHAVIOR-1K/OmniGibson/omnigibson/learning/eval.py log_path=./logs/preserving_vegetables_eval policy=websocket task.name=preserving_vegetables task.activity_definition_id=0 eval_instance_ids='[0]' model.host=localhost
put_together_a_goodie_bag,0,[0],put_together_a_goodie_bag-0,omnigibson,/home/anuriha/BEHAVIOR-1K/bddl3/bddl/activity_definitions/put_together_a_goodie_bag/problem0.bddl,R1Pro,--robot-type,17,"[""agent.n.01"", ""box__of__cookies.n.01"", ""cabinet.n.01"", ""chocolate_kiss.n.01"", ""countertop.n.01"", ""electric_refrigerator.n.01"", ""floor.n.01"", ""mason_jar.n.01"", ""oven.n.01"", ""postcard.n.01"", ""ribbon.n.01"", ""sack.n.01""]","[""kitchen""]","[""contains"", ""filled"", ""inroom"", ""inside"", ""ontop""]",python /home/anuriha/BEHAVIOR-1K/OmniGibson/omnigibson/learning/eval.py log_path=./logs/put_together_a_goodie_bag_eval policy=websocket task.name=put_together_a_goodie_bag task.activity_definition_id=0 eval_instance_ids='[0]' model.host=localhost
put_together_a_scrapping_tool_kit,0,[0],put_together_a_scrapping_tool_kit-0,omnigibson,/home/anuriha/BEHAVIOR-1K/bddl3/bddl/activity_definitions/put_together_a_scrapping_tool_kit/problem0.bddl,R1Pro,--robot-type,7,"[""agent.n.01"", ""floor.n.01"", ""hammer.n.02"", ""pliers.n.01"", ""screwdriver.n.01"", ""toolbox.n.01"", ""wrench.n.03""]","[""garage""]","[""inroom"", ""inside"", ""ontop""]",python /home/anuriha/BEHAVIOR-1K/OmniGibson/omnigibson/learning/eval.py log_path=./logs/put_together_a_scrapping_tool_kit_eval policy=websocket task.name=put_together_a_scrapping_tool_kit task.activity_definition_id=0 eval_instance_ids='[0]' model.host=localhost
put_togethera_basic_pruning_kit,0,[0],put_togethera_basic_pruning_kit-0,omnigibson,/home/anuriha/BEHAVIOR-1K/bddl3/bddl/activity_definitions/put_togethera_basic_pruning_kit/problem0.bddl,R1Pro,--robot-type,5,"[""agent.n.01"", ""floor.n.01"", ""pruner.n.02"", ""shears.n.01"", ""toolbox.n.01""]","[""garage""]","[""inroom"", ""inside"", ""ontop""]",python /home/anuriha/BEHAVIOR-1K/OmniGibson/omnigibson/learning/eval.py log_path=./logs/put_togethera_basic_pruning_kit_eval policy=websocket task.name=put_togethera_basic_pruning_kit task.activity_definition_id=0 eval_instance_ids='[0]' model.host=localhost
putting_away_Christmas_decorations,0,[0],putting_away_Christmas_decorations-0,omnigibson,/home/anuriha/BEHAVIOR-1K/bddl3/bddl/activity_definitions/putting_away_Christmas_decorations/problem0.bddl,R1Pro,--robot-type,11,"[""agent.n.01"", ""bow.n.08"", ""cabinet.n.01"", ""floor.n.01"", ""ribbon.n.01"", ""wreath.n.01""]","[""living_room""]","[""inroom"", ""inside"", ""nextto"", ""ontop""]",python /home/anuriha/BEHAVIOR-1K/OmniGibson/omnigibson/learning/eval.py log_path=./logs/putting_away_Christmas_decorations_eval policy=websocket task.name=putting_away_Christmas_decorations task.activity_definition_id=0 eval_instance_ids='[0]' model.host=localhost
putting_away_Halloween_decorations,0,[0],putting_away_Halloween_decorations-0,omnigibson,/home/anuriha/BEHAVIOR-1K/bddl3/bddl/activity_definitions/putting_away_Halloween_decorations/problem0.bddl,R1Pro,--robot-type,12,"[""agent.n.01"", ""cabinet.n.01"", ""caldron.n.01"", ""candle.n.01"", ""floor.n.01"", ""pumpkin.n.02"", ""table.n.02""]","[""living_room""]","[""inroom"", ""inside"", ""nextto"", ""ontop"", ""open""]",python /home/anuriha/BEHAVIOR-1K/OmniGibson/omnigibson/learning/eval.py log_path=./logs/putting_away_Halloween_decorations_eval policy=websocket task.name=putting_away_Halloween_decorations task.activity_definition_id=0 eval_instance_ids='[0]' model.host=localhost
putting_away_bicycles,0,[0],putting_away_bicycles-0,omnigibson,/home/anuriha/BEHAVIOR-1K/bddl3/bddl/activity_definitions/putting_away_bicycles/problem0.bddl,R1Pro,--robot-type,7,"[""agent.n.01"", ""bicycle.n.01"", ""driveway.n.01"", ""floor.n.01"", ""tarpaulin.n.01""]","[""garage"", ""garden""]","[""inroom"", ""ontop"", ""overlaid""]",python /home/anuriha/BEHAVIOR-1K/OmniGibson/omnigibson/learning/eval.py log_path=./logs/putting_away_bicycles_eval policy=websocket task.name=putting_away_bicycles task.activity_definition_id=0 eval_instance_ids='[0]' model.host=localhost
putting_away_cleaning_supplies,0,[0],putting_away_cleaning_supplies-0,omnigibson,/home/anuriha/BEHAVIOR-1K/bddl3/bddl/activity_definitions/putting_away_cleaning_supplies/problem0.bddl,R1Pro,--robot-type,9,"[""agent.n.01"", ""bottle__of__bleach_agent.n.01"", ""bottle__of__detergent.n.01"", ""bottle__of__liquid_soap.n.01"", ""cabinet.n.01"", ""floor.n.01"", ""glove.n.02"", ""sack.n.01""]","[""utility_room""]","[""inroom"", ""inside"", ""ontop""]",python /home/anuriha/BEHAVIOR-1K/OmniGibson/omnigibson/learning/eval.py log_path=./logs/putting_away_cleaning_supplies_eval policy=websocket task.name=putting_away_cleaning_supplies task.activity_definition_id=0 eval_instance_ids='[0]' model.host=localhost
putting_away_games,0,[0],putting_away_games-0,omnigibson,/home/anuriha/BEHAVIOR-1K/bddl3/bddl/activity_definitions/putting_away_games/problem0.bddl,R1Pro,--robot-type,12,"[""agent.n.01"", ""board_game.n.01"", ""bookcase.n.01"", ""carton.n.02"", ""desk.n.01"", ""floor.n.01"", ""jigsaw_puzzle.n.01""]","[""childs_room""]","[""inroom"", ""inside"", ""ontop""]",python /home/anuriha/BEHAVIOR-1K/OmniGibson/omnigibson/learning/eval.py log_path=./logs/putting_away_games_eval policy=websocket task.name=putting_away_games task.activity_definition_id=0 eval_instance_ids='[0]' model.host=localhost
putting_away_purchased_clothes,0,[0],putting_away_purchased_clothes-0,omnigibson,/home/anuriha/BEHAVIOR-1K/bddl3/bddl/activity_definitions/putting_away_purchased_clothes/problem0.bddl,R1Pro,--robot-type,10,"[""agent.n.01"", ""bed.n.01"", ""floor.n.01"", ""hanger.n.02"", ""jersey.n.03"", ""sweater.n.01"", ""trouser.n.01"", ""wardrobe.n.01""]","[""bedroom"", ""closet""]","[""attached"", ""draped"", ""inroom"", ""ontop""]",python /home/anuriha/BEHAVIOR-1K/OmniGibson/omnigibson/learning/eval.py log_path=./logs/putting_away_purchased_clothes_eval policy=websocket task.name=putting_away_purchased_clothes task.activity_definition_id=0 eval_instance_ids='[0]' model.host=localhost
putting_away_tools,0,[0],putting_away_tools-0,omnigibson,/home/anuriha/BEHAVIOR-1K/bddl3/bddl/activity_definitions/putting_away_tools/problem0.bddl,R1Pro,--robot-type,10,"[""agent.n.01"", ""chisel.n.01"", ""floor.n.01"", ""screwdriver.n.01"", ""toolbox.n.01"", ""wire_cutter.n.01"", ""wrench.n.03""]","[""garage""]","[""inroom"", ""inside"", ""ontop""]",python /home/anuriha/BEHAVIOR-1K/OmniGibson/omnigibson/learning/eval.py log_path=./logs/putting_away_tools_eval policy=websocket task.name=putting_away_tools task.activity_definition_id=0 eval_instance_ids='[0]' model.host=localhost
putting_away_toys,0,[0],putting_away_toys-0,omnigibson,/home/anuriha/BEHAVIOR-1K/bddl3/bddl/activity_definitions/putting_away_toys/problem0.bddl,R1Pro,--robot-type,14,"[""agent.n.01"", ""floor.n.01"", ""table.n.02"", ""toy_box.n.01"", ""toy_figure.n.01""]","[""dining_room"", ""living_room""]","[""inroom"", ""inside"", ""ontop""]",python /home/anuriha/BEHAVIOR-1K/OmniGibson/omnigibson/learning/eval.py log_path=./logs/putting_away_toys_eval policy=websocket task.name=putting_away_toys task.activity_definition_id=0 eval_instance_ids='[0]' model.host=localhost
putting_away_yard_equipment,0,[0],putting_away_yard_equipment-0,omnigibson,/home/anuriha/BEHAVIOR-1K/bddl3/bddl/activity_definitions/putting_away_yard_equipment/problem0.bddl,R1Pro,--robot-type,8,"[""agent.n.01"", ""floor.n.01"", ""hoe.n.01"", ""rake.n.03"", ""shears.n.01"", ""shovel.n.01"", ""toolbox.n.01"", ""trowel.n.01""]","[""garden""]","[""inroom"", ""inside"", ""nextto"", ""ontop""]",python /home/anuriha/BEHAVIOR-1K/OmniGibson/omnigibson/learning/eval.py log_path=./logs/putting_away_yard_equipment_eval policy=websocket task.name=putting_away_yard_equipment task.activity_definition_id=0 eval_instance_ids='[0]' model.host=localhost
putting_backpack_in_car_for_school,0,[0],putting_backpack_in_car_for_school-0,omnigibson,/home/anuriha/BEHAVIOR-1K/bddl3/bddl/activity_definitions/putting_backpack_in_car_for_school/problem0.bddl,R1Pro,--robot-type,8,"[""agent.n.01"", ""backpack.n.01"", ""book.n.02"", ""car.n.01"", ""floor.n.01"", ""pencil_box.n.01"", ""table.n.02""]","[""bedroom"", ""garden""]","[""inroom"", ""inside"", ""ontop""]",python /home/anuriha/BEHAVIOR-1K/OmniGibson/omnigibson/learning/eval.py log_path=./logs/putting_backpack_in_car_for_school_eval policy=websocket task.name=putting_backpack_in_car_for_school task.activity_definition_id=0 eval_instance_ids='[0]' model.host=localhost
putting_bike_in_garage,0,[0],putting_bike_in_garage-0,omnigibson,/home/anuriha/BEHAVIOR-1K/bddl3/bddl/activity_definitions/putting_bike_in_garage/problem0.bddl,R1Pro,--robot-type,5,"[""agent.n.01"", ""bicycle.n.01"", ""door.n.01"", ""floor.n.01""]","[""garage"", ""garden""]","[""inroom"", ""ontop""]",python /home/anuriha/BEHAVIOR-1K/OmniGibson/omnigibson/learning/eval.py log_path=./logs/putting_bike_in_garage_eval policy=websocket task.name=putting_bike_in_garage task.activity_definition_id=0 eval_instance_ids='[0]' model.host=localhost
putting_birdseed_in_cage,0,[0],putting_birdseed_in_cage-0,omnigibson,/home/anuriha/BEHAVIOR-1K/bddl3/bddl/activity_definitions/putting_birdseed_in_cage/problem0.bddl,R1Pro,--robot-type,7,"[""agent.n.01"", ""bird_feed.n.01"", ""bird_feed__bag.n.01"", ""birdcage.n.01"", ""bowl.n.01"", ""floor.n.01"", ""pot_plant.n.01""]","[""living_room""]","[""filled"", ""inroom"", ""inside"", ""ontop""]",python /home/anuriha/BEHAVIOR-1K/OmniGibson/omnigibson/learning/eval.py log_path=./logs/putting_birdseed_in_cage_eval policy=websocket task.name=putting_birdseed_in_cage task.activity_definition_id=0 eval_instance_ids='[0]' model.host=localhost
putting_clean_laundry_away,0,[0],putting_clean_laundry_away-0,omnigibson,/home/anuriha/BEHAVIOR-1K/bddl3/bddl/activity_definitions/putting_clean_laundry_away/problem0.bddl,R1Pro,--robot-type,9,"[""agent.n.01"", ""bath_towel.n.01"", ""floor.n.01"", ""hand_towel.n.01"", ""towel_rack.n.01"", ""wicker_basket.n.01""]","[""bathroom"", ""bedroom""]","[""draped"", ""folded"", ""inroom"", ""inside"", ""ontop""]",python /home/anuriha/BEHAVIOR-1K/OmniGibson/omnigibson/learning/eval.py log_path=./logs/putting_clean_laundry_away_eval policy=websocket task.name=putting_clean_laundry_away task.activity_definition_id=0 eval_instance_ids='[0]' model.host=localhost
putting_clothes_in_storage,0,[0],putting_clothes_in_storage-0,omnigibson,/home/anuriha/BEHAVIOR-1K/bddl3/bddl/activity_definitions/putting_clothes_in_storage/problem0.bddl,R1Pro,--robot-type,11,"[""agent.n.01"", ""carton.n.02"", ""coat.n.01"", ""floor.n.01"", ""jersey.n.03"", ""trouser.n.01""]","[""storage_room""]","[""folded"", ""inroom"", ""inside"", ""ontop""]",python /home/anuriha/BEHAVIOR-1K/OmniGibson/omnigibson/learning/eval.py log_path=./logs/putting_clothes_in_storage_eval policy=websocket task.name=putting_clothes_in_storage task.activity_definition_id=0 eval_instance_ids='[0]' model.host=localhost
putting_clothes_into_closet,0,[0],putting_clothes_into_closet-0,omnigibson,/home/anuriha/BEHAVIOR-1K/bddl3/bddl/activity_definitions/putting_clothes_into_closet/problem0.bddl,R1Pro,--robot-type,10,"[""agent.n.01"", ""dress.n.01"", ""floor.n.01"", ""hanger.n.02"", ""jersey.n.03"", ""vest.n.01"", ""wardrobe.n.01""]","[""bedroom"", ""closet""]","[""attached"", ""draped"", ""inroom"", ""ontop""]",python /home/anuriha/BEHAVIOR-1K/OmniGibson/omnigibson/learning/eval.py log_path=./logs/putting_clothes_into_closet_eval policy=websocket task.name=putting_clothes_into_closet task.activity_definition_id=0 eval_instance_ids='[0]' model.host=localhost
putting_dirty_dishes_in_sink,0,[0],putting_dirty_dishes_in_sink-0,omnigibson,/home/anuriha/BEHAVIOR-1K/bddl3/bddl/activity_definitions/putting_dirty_dishes_in_sink/problem0.bddl,R1Pro,--robot-type,11,"[""agent.n.01"", ""bowl.n.01"", ""breadcrumb.n.01"", ""countertop.n.01"", ""floor.n.01"", ""marinara.n.01"", ""plate.n.04"", ""sink.n.01""]","[""kitchen""]","[""covered"", ""inroom"", ""inside"", ""ontop""]",python /home/anuriha/BEHAVIOR-1K/OmniGibson/omnigibson/learning/eval.py log_path=./logs/putting_dirty_dishes_in_sink_eval policy=websocket task.name=putting_dirty_dishes_in_sink task.activity_definition_id=0 eval_instance_ids='[0]' model.host=localhost
putting_dishes_away_after_cleaning,0,[0],putting_dishes_away_after_cleaning-0,omnigibson,/home/anuriha/BEHAVIOR-1K/bddl3/bddl/activity_definitions/putting_dishes_away_after_cleaning/problem0.bddl,R1Pro,--robot-type,14,"[""agent.n.01"", ""cabinet.n.01"", ""countertop.n.01"", ""floor.n.01"", ""plate.n.04""]","[""kitchen""]","[""inroom"", ""inside"", ""ontop"", ""open""]",python /home/anuriha/BEHAVIOR-1K/OmniGibson/omnigibson/learning/eval.py log_path=./logs/putting_dishes_away_after_cleaning_eval policy=websocket task.name=putting_dishes_away_after_cleaning task.activity_definition_id=0 eval_instance_ids='[0]' model.host=localhost
putting_food_in_fridge,0,[0],putting_food_in_fridge-0,omnigibson,/home/anuriha/BEHAVIOR-1K/bddl3/bddl/activity_definitions/putting_food_in_fridge/problem0.bddl,R1Pro,--robot-type,16,"[""agent.n.01"", ""beefsteak_tomato.n.01"", ""breakfast_table.n.01"", ""cabinet.n.01"", ""carton__of__milk.n.01"", ""carton__of__orange_juice.n.01"", ""chicken.n.01"", ""egg.n.02"", ""electric_refrigerator.n.01"", ""floor.n.01"", ""plate.n.04"", ""sink.n.01"", ""tupperware.n.01"", ""water.n.06""]","[""dining_room"", ""kitchen""]","[""cooked"", ""inroom"", ""inside"", ""insource"", ""ontop"", ""open""]",python /home/anuriha/BEHAVIOR-1K/OmniGibson/omnigibson/learning/eval.py log_path=./logs/putting_food_in_fridge_eval policy=websocket task.name=putting_food_in_fridge task.activity_definition_id=0 eval_instance_ids='[0]' model.host=localhost
putting_in_a_hot_tub,0,[0],putting_in_a_hot_tub-0,omnigibson,/home/anuriha/BEHAVIOR-1K/bddl3/bddl/activity_definitions/putting_in_a_hot_tub/problem0.bddl,R1Pro,--robot-type,5,"[""agent.n.01"", ""driveway.n.01"", ""floor.n.01"", ""hot_tub.n.02"", ""lawn.n.01""]","[""garden""]","[""inroom"", ""ontop""]",python /home/anuriha/BEHAVIOR-1K/OmniGibson/omnigibson/learning/eval.py log_path=./logs/putting_in_a_hot_tub_eval policy=websocket task.name=putting_in_a_hot_tub task.activity_definition_id=0 eval_instance_ids='[0]' model.host=localhost
putting_laundry_in_drawer,0,[0],putting_laundry_in_drawer-0,omnigibson,/home/anuriha/BEHAVIOR-1K/bddl3/bddl/activity_definitions/putting_laundry_in_drawer/problem0.bddl,R1Pro,--robot-type,7,"[""agent.n.01"", ""bed.n.01"", ""cabinet.n.01"", ""floor.n.01"", ""short_pants.n.01"", ""tank_top.n.01""]","[""bedroom""]","[""folded"", ""inroom"", ""inside"", ""ontop""]",python /home/anuriha/BEHAVIOR-1K/OmniGibson/omnigibson/learning/eval.py log_path=./logs/putting_laundry_in_drawer_eval policy=websocket task.name=putting_laundry_in_drawer task.activity_definition_id=0 eval_instance_ids='[0]' model.host=localhost
putting_leftovers_away,0,[0],putting_leftovers_away-0,omnigibson,/home/anuriha/BEHAVIOR-1K/bddl3/bddl/activity_definitions/putting_leftovers_away/problem0.bddl,R1Pro,--robot-type,12,"[""agent.n.01"", ""box__of__lasagna.n.01"", ""countertop.n.01"", ""electric_refrigerator.n.01"", ""floor.n.01"", ""jar__of__spaghetti_sauce.n.01""]","[""kitchen""]","[""inroom"", ""inside"", ""ontop""]",python /home/anuriha/BEHAVIOR-1K/OmniGibson/omnigibson/learning/eval.py log_path=./logs/putting_leftovers_away_eval policy=websocket task.name=putting_leftovers_away task.activity_definition_id=0 eval_instance_ids='[0]' model.host=localhost
putting_meal_in_fridge_at_work,0,[0],putting_meal_in_fridge_at_work-0,omnigibson,/home/anuriha/BEHAVIOR-1K/bddl3/bddl/activity_definitions/putting_meal_in_fridge_at_work/problem0.bddl,R1Pro,--robot-type,7,"[""agent.n.01"", ""club_sandwich.n.01"", ""electric_refrigerator.n.01"", ""floor.n.01"", ""plate.n.04"", ""table.n.02""]","[""break_room"", ""private_office""]","[""inroom"", ""inside"", ""ontop""]",python /home/anuriha/BEHAVIOR-1K/OmniGibson/omnigibson/learning/eval.py log_path=./logs/putting_meal_in_fridge_at_work_eval policy=websocket task.name=putting_meal_in_fridge_at_work task.activity_definition_id=0 eval_instance_ids='[0]' model.host=localhost
putting_meal_on_plate,0,[0],putting_meal_on_plate-0,omnigibson,/home/anuriha/BEHAVIOR-1K/bddl3/bddl/activity_definitions/putting_meal_on_plate/problem0.bddl,R1Pro,--robot-type,14,"[""agent.n.01"", ""apple.n.01"", ""cabinet.n.01"", ""countertop.n.01"", ""electric_refrigerator.n.01"", ""floor.n.01"", ""oven.n.01"", ""plate.n.04"", ""porkchop.n.01"", ""water_glass.n.02"", ""window.n.01""]","[""kitchen""]","[""frozen"", ""hot"", ""inroom"", ""inside"", ""ontop"", ""open""]",python /home/anuriha/BEHAVIOR-1K/OmniGibson/omnigibson/learning/eval.py log_path=./logs/putting_meal_on_plate_eval policy=websocket task.name=putting_meal_on_plate task.activity_definition_id=0 eval_instance_ids='[0]' model.host=localhost
putting_on_license_plates,0,[0],putting_on_license_plates-0,omnigibson,/home/anuriha/BEHAVIOR-1K/bddl3/bddl/activity_definitions/putting_on_license_plates/problem0.bddl,R1Pro,--robot-type,6,"[""agent.n.01"", ""car.n.01"", ""driveway.n.01"", ""floor.n.01"", ""license_plate.n.01""]","[""garden""]","[""attached"", ""inroom"", ""ontop""]",python /home/anuriha/BEHAVIOR-1K/OmniGibson/omnigibson/learning/eval.py log_path=./logs/putting_on_license_plates_eval policy=websocket task.name=putting_on_license_plates task.activity_definition_id=0 eval_instance_ids='[0]' model.host=localhost
putting_on_registration_stickers,0,[0],putting_on_registration_stickers-0,omnigibson,/home/anuriha/BEHAVIOR-1K/bddl3/bddl/activity_definitions/putting_on_registration_stickers/problem0.bddl,R1Pro,--robot-type,5,"[""agent.n.01"", ""cabinet.n.01"", ""floor.n.01"", ""gummed_label.n.01"", ""license_plate.n.01""]","[""entryway""]","[""attached"", ""inroom"", ""ontop""]",python /home/anuriha/BEHAVIOR-1K/OmniGibson/omnigibson/learning/eval.py log_path=./logs/putting_on_registration_stickers_eval policy=websocket task.name=putting_on_registration_stickers task.activity_definition_id=0 eval_instance_ids='[0]' model.host=localhost
putting_on_tags_car,0,[0],putting_on_tags_car-0,omnigibson,/home/anuriha/BEHAVIOR-1K/bddl3/bddl/activity_definitions/putting_on_tags_car/problem0.bddl,R1Pro,--robot-type,6,"[""agent.n.01"", ""breakfast_table.n.01"", ""car.n.01"", ""floor.n.01"", ""gummed_label.n.01"", ""license_plate.n.01""]","[""garden"", ""kitchen""]","[""attached"", ""inroom"", ""ontop""]",python /home/anuriha/BEHAVIOR-1K/OmniGibson/omnigibson/learning/eval.py log_path=./logs/putting_on_tags_car_eval policy=websocket task.name=putting_on_tags_car task.activity_definition_id=0 eval_instance_ids='[0]' model.host=localhost
putting_out_cat_food,0,[0],putting_out_cat_food-0,omnigibson,/home/anuriha/BEHAVIOR-1K/bddl3/bddl/activity_definitions/putting_out_cat_food/problem0.bddl,R1Pro,--robot-type,6,"[""agent.n.01"", ""bowl.n.01"", ""cat_food.n.01"", ""cat_food__tin.n.01"", ""floor.n.01"", ""table.n.02""]","[""living_room""]","[""filled"", ""inroom"", ""ontop""]",python /home/anuriha/BEHAVIOR-1K/OmniGibson/omnigibson/learning/eval.py log_path=./logs/putting_out_cat_food_eval policy=websocket task.name=putting_out_cat_food task.activity_definition_id=0 eval_instance_ids='[0]' model.host=localhost
putting_out_clean_towels,0,[0],putting_out_clean_towels-0,omnigibson,/home/anuriha/BEHAVIOR-1K/bddl3/bddl/activity_definitions/putting_out_clean_towels/problem0.bddl,R1Pro,--robot-type,5,"[""agent.n.01"", ""bath_towel.n.01"", ""floor.n.01"", ""hand_towel.n.01"", ""wicker_basket.n.01""]","[""bathroom""]","[""folded"", ""inroom"", ""inside"", ""ontop""]",python /home/anuriha/BEHAVIOR-1K/OmniGibson/omnigibson/learning/eval.py log_path=./logs/putting_out_clean_towels_eval policy=websocket task.name=putting_out_clean_towels task.activity_definition_id=0 eval_instance_ids='[0]' model.host=localhost
putting_out_condiments,0,[0],putting_out_condiments-0,omnigibson,/home/anuriha/BEHAVIOR-1K/bddl3/bddl/activity_definitions/putting_out_condiments/problem0.bddl,R1Pro,--robot-type,21,"[""agent.n.01"", ""bottle__of__mayonnaise.n.01"", ""bottle__of__mustard.n.01"", ""bottle__of__peanut_butter.n.01"", ""bottle__of__vinegar.n.01"", ""breakfast_table.n.01"", ""cabinet.n.01"", ""countertop.n.01"", ""electric_refrigerator.n.01"", ""floor.n.01"", ""jar__of__spaghetti_sauce.n.01"", ""pickle.n.01"", ""table_knife.n.01"", ""wicker_basket.n.01""]","[""dining_room"", ""kitchen""]","[""inroom"", ""inside"", ""ontop""]",python /home/anuriha/BEHAVIOR-1K/OmniGibson/omnigibson/learning/eval.py log_path=./logs/putting_out_condiments_eval policy=websocket task.name=putting_out_condiments task.activity_definition_id=0 eval_instance_ids='[0]' model.host=localhost
putting_out_dog_food,0,[0],putting_out_dog_food-0,omnigibson,/home/anuriha/BEHAVIOR-1K/bddl3/bddl/activity_definitions/putting_out_dog_food/problem0.bddl,R1Pro,--robot-type,5,"[""agent.n.01"", ""bowl.n.01"", ""dog_food.n.01"", ""dog_food__can.n.01"", ""floor.n.01""]","[""living_room""]","[""filled"", ""inroom"", ""ontop""]",python /home/anuriha/BEHAVIOR-1K/OmniGibson/omnigibson/learning/eval.py log_path=./logs/putting_out_dog_food_eval policy=websocket task.name=putting_out_dog_food task.activity_definition_id=0 eval_instance_ids='[0]' model.host=localhost
putting_pesticides_on_lawn,0,[0],putting_pesticides_on_lawn-0,omnigibson,/home/anuriha/BEHAVIOR-1K/bddl3/bddl/activity_definitions/putting_pesticides_on_lawn/problem0.bddl,R1Pro,--robot-type,5,"[""agent.n.01"", ""floor.n.01"", ""lawn.n.01"", ""pesticide.n.01"", ""pesticide__atomizer.n.01""]","[""garden""]","[""covered"", ""inroom"", ""insource"", ""ontop""]",python /home/anuriha/BEHAVIOR-1K/OmniGibson/omnigibson/learning/eval.py log_path=./logs/putting_pesticides_on_lawn_eval policy=websocket task.name=putting_pesticides_on_lawn task.activity_definition_id=0 eval_instance_ids='[0]' model.host=localhost
putting_protective_cover_on_vehicle,0,[0],putting_protective_cover_on_vehicle-0,omnigibson,/home/anuriha/BEHAVIOR-1K/bddl3/bddl/activity_definitions/putting_protective_cover_on_vehicle/problem0.bddl,R1Pro,--robot-type,6,"[""agent.n.01"", ""car.n.01"", ""driveway.n.01"", ""floor.n.01"", ""lawn.n.01"", ""tarpaulin.n.01""]","[""garden""]","[""inroom"", ""ontop"", ""overlaid""]",python /home/anuriha/BEHAVIOR-1K/OmniGibson/omnigibson/learning/eval.py log_path=./logs/putting_protective_cover_on_vehicle_eval policy=websocket task.name=putting_protective_cover_on_vehicle task.activity_definition_id=0 eval_instance_ids='[0]' model.host=localhost
putting_roast_in_oven,0,[0],putting_roast_in_oven-0,omnigibson,/home/anuriha/BEHAVIOR-1K/bddl3/bddl/activity_definitions/putting_roast_in_oven/problem0.bddl,R1Pro,--robot-type,10,"[""agent.n.01"", ""chicken.n.01"", ""countertop.n.01"", ""floor.n.01"", ""gravy.n.01"", ""olive_oil.n.01"", ""oven.n.01"", ""rosemary.n.02"", ""salt.n.02"", ""soy_sauce.n.01""]","[""kitchen""]","[""covered"", ""inroom"", ""inside"", ""ontop"", ""toggled_on""]",python /home/anuriha/BEHAVIOR-1K/OmniGibson/omnigibson/learning/eval.py log_path=./logs/putting_roast_in_oven_eval policy=websocket task.name=putting_roast_in_oven task.activity_definition_id=0 eval_instance_ids='[0]' model.host=localhost
putting_shoes_on_rack,0,[0],putting_shoes_on_rack-0,omnigibson,/home/anuriha/BEHAVIOR-1K/bddl3/bddl/activity_definitions/putting_shoes_on_rack/problem0.bddl,R1Pro,--robot-type,7,"[""agent.n.01"", ""floor.n.01"", ""gym_shoe.n.01"", ""hallstand.n.01"", ""sandal.n.01""]","[""corridor""]","[""inroom"", ""nextto"", ""ontop"", ""touching""]",python /home/anuriha/BEHAVIOR-1K/OmniGibson/omnigibson/learning/eval.py log_path=./logs/putting_shoes_on_rack_eval policy=websocket task.name=putting_shoes_on_rack task.activity_definition_id=0 eval_instance_ids='[0]' model.host=localhost
putting_shopping_away,0,[0],putting_shopping_away-0,omnigibson,/home/anuriha/BEHAVIOR-1K/bddl3/bddl/activity_definitions/putting_shopping_away/problem0.bddl,R1Pro,--robot-type,11,"[""agent.n.01"", ""bottle__of__cooking_oil.n.01"", ""box__of__cereal.n.01"", ""cabinet.n.01"", ""canned_food.n.01"", ""cup__of__yogurt.n.01"", ""electric_refrigerator.n.01"", ""floor.n.01"", ""pack__of__ground_beef.n.01"", ""sack.n.01""]","[""kitchen""]","[""inroom"", ""inside"", ""ontop""]",python /home/anuriha/BEHAVIOR-1K/OmniGibson/omnigibson/learning/eval.py log_path=./logs/putting_shopping_away_eval policy=websocket task.name=putting_shopping_away task.activity_definition_id=0 eval_instance_ids='[0]' model.host=localhost
putting_tablecloth_on_table,0,[0],putting_tablecloth_on_table-0,omnigibson,/home/anuriha/BEHAVIOR-1K/bddl3/bddl/activity_definitions/putting_tablecloth_on_table/problem0.bddl,R1Pro,--robot-type,5,"[""agent.n.01"", ""breakfast_table.n.01"", ""floor.n.01"", ""pot_plant.n.01"", ""tablecloth.n.01""]","[""dining_room""]","[""inroom"", ""ontop"", ""overlaid""]",python /home/anuriha/BEHAVIOR-1K/OmniGibson/omnigibson/learning/eval.py log_path=./logs/putting_tablecloth_on_table_eval policy=websocket task.name=putting_tablecloth_on_table task.activity_definition_id=0 eval_instance_ids='[0]' model.host=localhost
putting_towels_in_bathroom,0,[0],putting_towels_in_bathroom-0,omnigibson,/home/anuriha/BEHAVIOR-1K/bddl3/bddl/activity_definitions/putting_towels_in_bathroom/problem0.bddl,R1Pro,--robot-type,6,"[""agent.n.01"", ""bath_towel.n.01"", ""bed.n.01"", ""floor.n.01"", ""hand_towel.n.01"", ""towel_rack.n.01""]","[""bathroom"", ""bedroom""]","[""draped"", ""inroom"", ""ontop""]",python /home/anuriha/BEHAVIOR-1K/OmniGibson/omnigibson/learning/eval.py log_path=./logs/putting_towels_in_bathroom_eval policy=websocket task.name=putting_towels_in_bathroom task.activity_definition_id=0 eval_instance_ids='[0]' model.host=localhost
putting_up_Christmas_decorations_inside,0,[0],putting_up_Christmas_decorations_inside-0,omnigibson,/home/anuriha/BEHAVIOR-1K/bddl3/bddl/activity_definitions/putting_up_Christmas_decorations_inside/problem0.bddl,R1Pro,--robot-type,17,"[""agent.n.01"", ""candy_cane.n.01"", ""christmas_tree.n.05"", ""floor.n.01"", ""gift_box.n.01"", ""pillar_candle.n.01"", ""sofa.n.01"", ""table.n.02"", ""wicker_basket.n.01"", ""wreath.n.01""]","[""dining_room"", ""living_room""]","[""inroom"", ""inside"", ""nextto"", ""ontop"", ""touching"", ""under""]",python /home/anuriha/BEHAVIOR-1K/OmniGibson/omnigibson/learning/eval.py log_path=./logs/putting_up_Christmas_decorations_inside_eval policy=websocket task.name=putting_up_Christmas_decorations_inside task.activity_definition_id=0 eval_instance_ids='[0]' model.host=localhost
putting_up_Christmas_decorations_outside,0,[0],putting_up_Christmas_decorations_outside-0,omnigibson,/home/anuriha/BEHAVIOR-1K/bddl3/bddl/activity_definitions/putting_up_Christmas_decorations_outside/problem0.bddl,R1Pro,--robot-type,10,"[""agent.n.01"", ""floor.n.01"", ""glass_lantern.n.01"", ""icicle_lights.n.01"", ""lawn.n.01"", ""poinsettia.n.01"", ""wall_nail.n.01"", ""wreath.n.01""]","[""garage"", ""garden""]","[""attached"", ""inroom"", ""ontop""]",python /home/anuriha/BEHAVIOR-1K/OmniGibson/omnigibson/learning/eval.py log_path=./logs/putting_up_Christmas_decorations_outside_eval policy=websocket task.name=putting_up_Christmas_decorations_outside task.activity_definition_id=0 eval_instance_ids='[0]' model.host=localhost
putting_up_Christmas_lights_inside,0,[0],putting_up_Christmas_lights_inside-0,omnigibson,/home/anuriha/BEHAVIOR-1K/bddl3/bddl/activity_definitions/putting_up_Christmas_lights_inside/problem0.bddl,R1Pro,--robot-type,4,"[""agent.n.01"", ""floor.n.01"", ""icicle_lights.n.01"", ""wall_nail.n.01""]","[""living_room""]","[""attached"", ""inroom"", ""ontop""]",python /home/anuriha/BEHAVIOR-1K/OmniGibson/omnigibson/learning/eval.py log_path=./logs/putting_up_Christmas_lights_inside_eval policy=websocket task.name=putting_up_Christmas_lights_inside task.activity_definition_id=0 eval_instance_ids='[0]' model.host=localhost
putting_up_Christmas_lights_outside,0,[0],putting_up_Christmas_lights_outside-0,omnigibson,/home/anuriha/BEHAVIOR-1K/bddl3/bddl/activity_definitions/putting_up_Christmas_lights_outside/problem0.bddl,R1Pro,--robot-type,10,"[""agent.n.01"", ""floor.n.01"", ""icicle_lights.n.01"", ""rail_fence.n.01"", ""scrub.n.01"", ""wall_nail.n.01""]","[""garden""]","[""attached"", ""inroom"", ""ontop""]",python /home/anuriha/BEHAVIOR-1K/OmniGibson/omnigibson/learning/eval.py log_path=./logs/putting_up_Christmas_lights_outside_eval policy=websocket task.name=putting_up_Christmas_lights_outside task.activity_definition_id=0 eval_instance_ids='[0]' model.host=localhost
putting_up_outdoor_holiday_decorations,0,[0],putting_up_outdoor_holiday_decorations-0,omnigibson,/home/anuriha/BEHAVIOR-1K/bddl3/bddl/activity_definitions/putting_up_outdoor_holiday_decorations/problem0.bddl,R1Pro,--robot-type,11,"[""agent.n.01"", ""carton.n.02"", ""floor.n.01"", ""icicle_lights.n.01"", ""lawn.n.01"", ""pot_plant.n.01"", ""rail_fence.n.01"", ""rose.n.01"", ""wall_nail.n.01"", ""wreath.n.01""]","[""garden"", ""living_room""]","[""attached"", ""inroom"", ""inside"", ""ontop""]",python /home/anuriha/BEHAVIOR-1K/OmniGibson/omnigibson/learning/eval.py log_path=./logs/putting_up_outdoor_holiday_decorations_eval policy=websocket task.name=putting_up_outdoor_holiday_decorations task.activity_definition_id=0 eval_instance_ids='[0]' model.host=localhost
putting_up_posters,0,[0],putting_up_posters-0,omnigibson,/home/anuriha/BEHAVIOR-1K/bddl3/bddl/activity_definitions/putting_up_posters/problem0.bddl,R1Pro,--robot-type,5,"[""agent.n.01"", ""bed.n.01"", ""floor.n.01"", ""poster.n.01"", ""wall_nail.n.01""]","[""bedroom""]","[""attached"", ""inroom"", ""ontop""]",python /home/anuriha/BEHAVIOR-1K/OmniGibson/omnigibson/learning/eval.py log_path=./logs/putting_up_posters_eval policy=websocket task.name=putting_up_posters task.activity_definition_id=0 eval_instance_ids='[0]' model.host=localhost
putting_up_shelves,0,[0],putting_up_shelves-0,omnigibson,/home/anuriha/BEHAVIOR-1K/bddl3/bddl/activity_definitions/putting_up_shelves/problem0.bddl,R1Pro,--robot-type,13,"[""agent.n.01"", ""bookcase_back.n.01"", ""bookcase_baseboard.n.01"", ""bookcase_shelf.n.01"", ""bookcase_side.n.01"", ""bookcase_top.n.01"", ""floor.n.01""]","[""living_room""]","[""attached"", ""inroom"", ""ontop""]",python /home/anuriha/BEHAVIOR-1K/OmniGibson/omnigibson/learning/eval.py log_path=./logs/putting_up_shelves_eval policy=websocket task.name=putting_up_shelves task.activity_definition_id=0 eval_instance_ids='[0]' model.host=localhost
putting_wood_in_fireplace,0,[0],putting_wood_in_fireplace-0,omnigibson,/home/anuriha/BEHAVIOR-1K/bddl3/bddl/activity_definitions/putting_wood_in_fireplace/problem0.bddl,R1Pro,--robot-type,5,"[""agent.n.01"", ""driveway.n.01"", ""log.n.01"", ""wood_fireplace.n.01""]","[""garden"", ""living_room""]","[""inroom"", ""inside"", ""ontop""]",python /home/anuriha/BEHAVIOR-1K/OmniGibson/omnigibson/learning/eval.py log_path=./logs/putting_wood_in_fireplace_eval policy=websocket task.name=putting_wood_in_fireplace task.activity_definition_id=0 eval_instance_ids='[0]' model.host=localhost
raking_leaves,0,[0],raking_leaves-0,omnigibson,/home/anuriha/BEHAVIOR-1K/bddl3/bddl/activity_definitions/raking_leaves/problem0.bddl,R1Pro,--robot-type,22,"[""agent.n.01"", ""driveway.n.01"", ""entire_leaf.n.01"", ""floor.n.01"", ""lawn.n.01"", ""rake.n.03"", ""sack.n.01""]","[""garden""]","[""inroom"", ""inside"", ""ontop""]",python /home/anuriha/BEHAVIOR-1K/OmniGibson/omnigibson/learning/eval.py log_path=./logs/raking_leaves_eval policy=websocket task.name=raking_leaves task.activity_definition_id=0 eval_instance_ids='[0]' model.host=localhost
re_shelving_library_books,0,[0],re_shelving_library_books-0,omnigibson,/home/anuriha/BEHAVIOR-1K/bddl3/bddl/activity_definitions/re_shelving_library_books/problem0.bddl,R1Pro,--robot-type,10,"[""agent.n.01"", ""book.n.02"", ""bookcase.n.01"", ""floor.n.01"", ""table.n.02""]","[""living_room""]","[""inroom"", ""inside"", ""ontop""]",python /home/anuriha/BEHAVIOR-1K/OmniGibson/omnigibson/learning/eval.py log_path=./logs/re_shelving_library_books_eval policy=websocket task.name=re_shelving_library_books task.activity_definition_id=0 eval_instance_ids='[0]' model.host=localhost
rearrange_your_room,0,[0],rearrange_your_room-0,omnigibson,/home/anuriha/BEHAVIOR-1K/bddl3/bddl/activity_definitions/rearrange_your_room/problem0.bddl,R1Pro,--robot-type,6,"[""agent.n.01"", ""bed.n.01"", ""floor.n.01"", ""mattress.n.01"", ""pillow.n.01""]","[""bedroom""]","[""inroom"", ""ontop""]",python /home/anuriha/BEHAVIOR-1K/OmniGibson/omnigibson/learning/eval.py log_path=./logs/rearrange_your_room_eval policy=websocket task.name=rearrange_your_room task.activity_definition_id=0 eval_instance_ids='[0]' model.host=localhost
rearranging_furniture,0,[0],rearranging_furniture-0,omnigibson,/home/anuriha/BEHAVIOR-1K/bddl3/bddl/activity_definitions/rearranging_furniture/problem0.bddl,R1Pro,--robot-type,9,"[""agent.n.01"", ""bed.n.01"", ""chair.n.01"", ""door.n.01"", ""floor.n.01"", ""lamp.n.02"", ""window.n.01""]","[""bedroom""]","[""inroom"", ""nextto"", ""ontop"", ""touching""]",python /home/anuriha/BEHAVIOR-1K/OmniGibson/omnigibson/learning/eval.py log_path=./logs/rearranging_furniture_eval policy=websocket task.name=rearranging_furniture task.activity_definition_id=0 eval_instance_ids='[0]' model.host=localhost
rearranging_kitchen_furniture,0,[0],rearranging_kitchen_furniture-0,omnigibson,/home/anuriha/BEHAVIOR-1K/bddl3/bddl/activity_definitions/rearranging_kitchen_furniture/problem0.bddl,R1Pro,--robot-type,8,"[""agent.n.01"", ""cabinet.n.01"", ""countertop.n.01"", ""floor.n.01"", ""food_processor.n.01"", ""french_press.n.01"", ""toaster.n.02""]","[""kitchen""]","[""inroom"", ""inside"", ""ontop"", ""open""]",python /home/anuriha/BEHAVIOR-1K/OmniGibson/omnigibson/learning/eval.py log_path=./logs/rearranging_kitchen_furniture_eval policy=websocket task.name=rearranging_kitchen_furniture task.activity_definition_id=0 eval_instance_ids='[0]' model.host=localhost
recycling_glass_bottles,0,[0],recycling_glass_bottles-0,omnigibson,/home/anuriha/BEHAVIOR-1K/bddl3/bddl/activity_definitions/recycling_glass_bottles/problem0.bddl,R1Pro,--robot-type,6,"[""agent.n.01"", ""cabinet.n.01"", ""carboy.n.01"", ""floor.n.01"", ""recycling_bin.n.01""]","[""kitchen""]","[""inroom"", ""inside"", ""ontop""]",python /home/anuriha/BEHAVIOR-1K/OmniGibson/omnigibson/learning/eval.py log_path=./logs/recycling_glass_bottles_eval policy=websocket task.name=recycling_glass_bottles task.activity_definition_id=0 eval_instance_ids='[0]' model.host=localhost
recycling_newspapers,0,[0],recycling_newspapers-0,omnigibson,/home/anuriha/BEHAVIOR-1K/bddl3/bddl/activity_definitions/recycling_newspapers/problem0.bddl,R1Pro,--robot-type,7,"[""agent.n.01"", ""chair.n.01"", ""floor.n.01"", ""newspaper.n.03"", ""recycling_bin.n.01""]","[""private_office""]","[""inroom"", ""inside"", ""ontop""]",python /home/anuriha/BEHAVIOR-1K/OmniGibson/omnigibson/learning/eval.py log_path=./logs/recycling_newspapers_eval policy=websocket task.name=recycling_newspapers task.activity_definition_id=0 eval_instance_ids='[0]' model.host=localhost
recycling_office_papers,0,[0],recycling_office_papers-0,omnigibson,/home/anuriha/BEHAVIOR-1K/bddl3/bddl/activity_definitions/recycling_office_papers/problem0.bddl,R1Pro,--robot-type,7,"[""agent.n.01"", ""breakfast_table.n.01"", ""floor.n.01"", ""legal_document.n.01"", ""recycling_bin.n.01""]","[""private_office""]","[""inroom"", ""inside"", ""ontop""]",python /home/anuriha/BEHAVIOR-1K/OmniGibson/omnigibson/learning/eval.py log_path=./logs/recycling_office_papers_eval policy=websocket task.name=recycling_office_papers task.activity_definition_id=0 eval_instance_ids='[0]' model.host=localhost
reheat_frozen_or_chilled_food,0,[0],reheat_frozen_or_chilled_food-0,omnigibson,/home/anuriha/BEHAVIOR-1K/bddl3/bddl/activity_definitions/reheat_frozen_or_chilled_food/problem0.bddl,R1Pro,--robot-type,8,"[""agent.n.01"", ""chicken_leg.n.01"", ""electric_refrigerator.n.01"", ""floor.n.01"", ""microwave.n.02"", ""muffin.n.01"", ""tupperware.n.01""]","[""kitchen""]","[""frozen"", ""hot"", ""inroom"", ""inside"", ""ontop""]",python /home/anuriha/BEHAVIOR-1K/OmniGibson/omnigibson/learning/eval.py log_path=./logs/reheat_frozen_or_chilled_food_eval policy=websocket task.name=reheat_frozen_or_chilled_food task.activity_definition_id=0 eval_instance_ids='[0]' model.host=localhost
remove_a_broken_light_bulb,0,[0],remove_a_broken_light_bulb-0,omnigibson,/home/anuriha/BEHAVIOR-1K/bddl3/bddl/activity_definitions/remove_a_broken_light_bulb/problem0.bddl,R1Pro,--robot-type,5,"[""agent.n.01"", ""broken__light_bulb.n.01"", ""coffee_table.n.01"", ""floor.n.01"", ""table_lamp.n.01""]","[""living_room""]","[""attached"", ""inroom"", ""ontop""]",python /home/anuriha/BEHAVIOR-1K/OmniGibson/omnigibson/learning/eval.py log_path=./logs/remove_a_broken_light_bulb_eval policy=websocket task.name=remove_a_broken_light_bulb task.activity_definition_id=0 eval_instance_ids='[0]' model.host=localhost
remove_a_wall_mirror,0,[0],remove_a_wall_mirror-0,omnigibson,/home/anuriha/BEHAVIOR-1K/bddl3/bddl/activity_definitions/remove_a_wall_mirror/problem0.bddl,R1Pro,--robot-type,4,"[""agent.n.01"", ""floor.n.01"", ""mirror.n.01"", ""wall_nail.n.01""]","[""bathroom""]","[""attached"", ""inroom"", ""ontop""]",python /home/anuriha/BEHAVIOR-1K/OmniGibson/omnigibson/learning/eval.py log_path=./logs/remove_a_wall_mirror_eval policy=websocket task.name=remove_a_wall_mirror task.activity_definition_id=0 eval_instance_ids='[0]' model.host=localhost
remove_hard_water_spots,0,[0],remove_hard_water_spots-0,omnigibson,/home/anuriha/BEHAVIOR-1K/bddl3/bddl/activity_definitions/remove_hard_water_spots/problem0.bddl,R1Pro,--robot-type,12,"[""agent.n.01"", ""bowl.n.01"", ""countertop.n.01"", ""floor.n.01"", ""liquid_soap.n.01"", ""liquid_soap__bottle.n.01"", ""rag.n.01"", ""sink.n.01"", ""stain.n.01"", ""vinegar.n.01"", ""vinegar__bottle.n.01"", ""water.n.06""]","[""kitchen""]","[""covered"", ""filled"", ""inroom"", ""insource"", ""ontop""]",python /home/anuriha/BEHAVIOR-1K/OmniGibson/omnigibson/learning/eval.py log_path=./logs/remove_hard_water_spots_eval policy=websocket task.name=remove_hard_water_spots task.activity_definition_id=0 eval_instance_ids='[0]' model.host=localhost
remove_scorch_marks,0,[0],remove_scorch_marks-0,omnigibson,/home/anuriha/BEHAVIOR-1K/bddl3/bddl/activity_definitions/remove_scorch_marks/problem0.bddl,R1Pro,--robot-type,10,"[""agent.n.01"", ""cabinet.n.01"", ""emery_paper.n.01"", ""floor.n.01"", ""jersey.n.03"", ""sink.n.01"", ""stain.n.01"", ""vinegar.n.01"", ""vinegar__bottle.n.01"", ""water.n.06""]","[""utility_room""]","[""covered"", ""filled"", ""inroom"", ""inside"", ""insource"", ""ontop""]",python /home/anuriha/BEHAVIOR-1K/OmniGibson/omnigibson/learning/eval.py log_path=./logs/remove_scorch_marks_eval policy=websocket task.name=remove_scorch_marks task.activity_definition_id=0 eval_instance_ids='[0]' model.host=localhost
remove_sod,0,[0],remove_sod-0,omnigibson,/home/anuriha/BEHAVIOR-1K/bddl3/bddl/activity_definitions/remove_sod/problem0.bddl,R1Pro,--robot-type,9,"[""agent.n.01"", ""barrow.n.03"", ""floor.n.01"", ""lawn.n.01"", ""shovel.n.01"", ""turf.n.01""]","[""garden""]","[""inroom"", ""inside"", ""ontop""]",python /home/anuriha/BEHAVIOR-1K/OmniGibson/omnigibson/learning/eval.py log_path=./logs/remove_sod_eval policy=websocket task.name=remove_sod task.activity_definition_id=0 eval_instance_ids='[0]' model.host=localhost
remove_spots_from_linen,0,[0],remove_spots_from_linen-0,omnigibson,/home/anuriha/BEHAVIOR-1K/bddl3/bddl/activity_definitions/remove_spots_from_linen/problem0.bddl,R1Pro,--robot-type,11,"[""agent.n.01"", ""detergent.n.02"", ""detergent__bottle.n.01"", ""floor.n.01"", ""lemon_juice.n.01"", ""lemon_juice__bottle.n.01"", ""sheet.n.03"", ""sink.n.01"", ""sponge.n.01"", ""stain.n.01"", ""water.n.06""]","[""kitchen"", ""living_room""]","[""covered"", ""filled"", ""inroom"", ""insource"", ""ontop""]",python /home/anuriha/BEHAVIOR-1K/OmniGibson/omnigibson/learning/eval.py log_path=./logs/remove_spots_from_linen_eval policy=websocket task.name=remove_spots_from_linen task.activity_definition_id=0 eval_instance_ids='[0]' model.host=localhost
removing_ice_from_walkways,0,[0],removing_ice_from_walkways-0,omnigibson,/home/anuriha/BEHAVIOR-1K/bddl3/bddl/activity_definitions/removing_ice_from_walkways/problem0.bddl,R1Pro,--robot-type,16,"[""agent.n.01"", ""bucket.n.01"", ""driveway.n.01"", ""floor.n.01"", ""ice.n.01"", ""rubbing_alcohol.n.01"", ""shovel.n.01"", ""water.n.06""]","[""garden""]","[""filled"", ""inroom"", ""ontop""]",python /home/anuriha/BEHAVIOR-1K/OmniGibson/omnigibson/learning/eval.py log_path=./logs/removing_ice_from_walkways_eval policy=websocket task.name=removing_ice_from_walkways task.activity_definition_id=0 eval_instance_ids='[0]' model.host=localhost
removing_lint_from_dryer,0,[0],removing_lint_from_dryer-0,omnigibson,/home/anuriha/BEHAVIOR-1K/bddl3/bddl/activity_definitions/removing_lint_from_dryer/problem0.bddl,R1Pro,--robot-type,9,"[""agent.n.01"", ""clothes_dryer.n.01"", ""dust.n.01"", ""floor.n.01"", ""lint.n.01"", ""lint_screen.n.01"", ""scrub_brush.n.01"", ""vacuum.n.04"", ""washer.n.03""]","[""utility_room""]","[""covered"", ""inroom"", ""ontop""]",python /home/anuriha/BEHAVIOR-1K/OmniGibson/omnigibson/learning/eval.py log_path=./logs/removing_lint_from_dryer_eval policy=websocket task.name=removing_lint_from_dryer task.activity_definition_id=0 eval_instance_ids='[0]' model.host=localhost
repairs_to_furniture,0,[0],repairs_to_furniture-0,omnigibson,/home/anuriha/BEHAVIOR-1K/bddl3/bddl/activity_definitions/repairs_to_furniture/problem0.bddl,R1Pro,--robot-type,5,"[""agent.n.01"", ""emery_paper.n.01"", ""floor.n.01"", ""incision.n.01"", ""table.n.02""]","[""garage""]","[""covered"", ""inroom"", ""ontop""]",python /home/anuriha/BEHAVIOR-1K/OmniGibson/omnigibson/learning/eval.py log_path=./logs/repairs_to_furniture_eval policy=websocket task.name=repairs_to_furniture task.activity_definition_id=0 eval_instance_ids='[0]' model.host=localhost
returning_consumer_goods,0,[0],returning_consumer_goods-0,omnigibson,/home/anuriha/BEHAVIOR-1K/bddl3/bddl/activity_definitions/returning_consumer_goods/problem0.bddl,R1Pro,--robot-type,8,"[""agent.n.01"", ""bottle__of__soda.n.01"", ""carryall.n.01"", ""checkout.n.03"", ""floor.n.01"", ""money.n.01"", ""sack.n.01""]","[""grocery_store""]","[""inroom"", ""inside"", ""ontop""]",python /home/anuriha/BEHAVIOR-1K/OmniGibson/omnigibson/learning/eval.py log_path=./logs/returning_consumer_goods_eval policy=websocket task.name=returning_consumer_goods task.activity_definition_id=0 eval_instance_ids='[0]' model.host=localhost
returning_videotapes_to_store,0,[0],returning_videotapes_to_store-0,omnigibson,/home/anuriha/BEHAVIOR-1K/bddl3/bddl/activity_definitions/returning_videotapes_to_store/problem0.bddl,R1Pro,--robot-type,8,"[""agent.n.01"", ""cash_register.n.01"", ""checkout.n.03"", ""floor.n.01"", ""grocery_shelf.n.01"", ""videodisk.n.01""]","[""grocery_store""]","[""inroom"", ""inside"", ""ontop""]",python /home/anuriha/BEHAVIOR-1K/OmniGibson/omnigibson/learning/eval.py log_path=./logs/returning_videotapes_to_store_eval policy=websocket task.name=returning_videotapes_to_store task.activity_definition_id=0 eval_instance_ids='[0]' model.host=localhost
rinsing_dishes,0,[0],rinsing_dishes-0,omnigibson,/home/anuriha/BEHAVIOR-1K/bddl3/bddl/activity_definitions/rinsing_dishes/problem0.bddl,R1Pro,--robot-type,10,"[""agent.n.01"", ""bowl.n.01"", ""breadcrumb.n.01"", ""countertop.n.01"", ""dishwasher.n.01"", ""floor.n.01"", ""plate.n.04"", ""sink.n.01"", ""tablefork.n.01"", ""water.n.06""]","[""kitchen""]","[""covered"", ""inroom"", ""inside"", ""insource"", ""ontop""]",python /home/anuriha/BEHAVIOR-1K/OmniGibson/omnigibson/learning/eval.py log_path=./logs/rinsing_dishes_eval policy=websocket task.name=rinsing_dishes task.activity_definition_id=0 eval_instance_ids='[0]' model.host=localhost
roast_meat,0,[0],roast_meat-0,omnigibson,/home/anuriha/BEHAVIOR-1K/bddl3/bddl/activity_definitions/roast_meat/problem0.bddl,R1Pro,--robot-type,9,"[""agent.n.01"", ""aluminum_foil.n.01"", ""cabinet.n.01"", ""casserole.n.02"", ""floor.n.01"", ""honey.n.01"", ""honey__jar.n.01"", ""oven.n.01"", ""virginia_ham.n.01""]","[""kitchen""]","[""cooked"", ""covered"", ""filled"", ""inroom"", ""inside"", ""ontop"", ""overlaid""]",python /home/anuriha/BEHAVIOR-1K/OmniGibson/omnigibson/learning/eval.py log_path=./logs/roast_meat_eval policy=websocket task.name=roast_meat task.activity_definition_id=0 eval_instance_ids='[0]' model.host=localhost
roast_nuts,0,[0],roast_nuts-0,omnigibson,/home/anuriha/BEHAVIOR-1K/bddl3/bddl/activity_definitions/roast_nuts/problem0.bddl,R1Pro,--robot-type,16,"[""agent.n.01"", ""bowl.n.01"", ""cabinet.n.01"", ""cookie_sheet.n.01"", ""floor.n.01"", ""granulated_sugar.n.01"", ""granulated_sugar__sack.n.01"", ""olive_oil.n.01"", ""olive_oil__bottle.n.01"", ""oven.n.01"", ""sink.n.01"", ""walnut.n.01""]","[""kitchen""]","[""cooked"", ""covered"", ""filled"", ""inroom"", ""inside"", ""ontop""]",python /home/anuriha/BEHAVIOR-1K/OmniGibson/omnigibson/learning/eval.py log_path=./logs/roast_nuts_eval policy=websocket task.name=roast_nuts task.activity_definition_id=0 eval_instance_ids='[0]' model.host=localhost
roast_vegetables,0,[0],roast_vegetables-0,omnigibson,/home/anuriha/BEHAVIOR-1K/bddl3/bddl/activity_definitions/roast_vegetables/problem0.bddl,R1Pro,--robot-type,21,"[""agent.n.01"", ""bell_pepper.n.02"", ""brussels_sprouts.n.01"", ""cabinet.n.01"", ""carrot.n.03"", ""carving_knife.n.01"", ""chopping_board.n.01"", ""clove.n.03"", ""cooked__diced__carrot.n.01"", ""cooked__diced__zucchini.n.01"", ""cookie_sheet.n.01"", ""floor.n.01"", ""half__bell_pepper.n.01"", ""oven.n.01"", ""spatula.n.01"", ""zucchini.n.02""]","[""kitchen""]","[""cooked"", ""future"", ""inroom"", ""inside"", ""ontop"", ""real""]",python /home/anuriha/BEHAVIOR-1K/OmniGibson/omnigibson/learning/eval.py log_path=./logs/roast_vegetables_eval policy=websocket task.name=roast_vegetables task.activity_definition_id=0 eval_instance_ids='[0]' model.host=localhost
sanding_wood_furniture,0,[0],sanding_wood_furniture-0,omnigibson,/home/anuriha/BEHAVIOR-1K/bddl3/bddl/activity_definitions/sanding_wood_furniture/problem0.bddl,R1Pro,--robot-type,5,"[""agent.n.01"", ""bookcase.n.01"", ""emery_paper.n.01"", ""floor.n.01"", ""incision.n.01""]","[""living_room""]","[""covered"", ""inroom"", ""inside"", ""ontop""]",python /home/anuriha/BEHAVIOR-1K/OmniGibson/omnigibson/learning/eval.py log_path=./logs/sanding_wood_furniture_eval policy=websocket task.name=sanding_wood_furniture task.activity_definition_id=0 eval_instance_ids='[0]' model.host=localhost
saute_vegetables,0,[0],saute_vegetables-0,omnigibson,/home/anuriha/BEHAVIOR-1K/bddl3/bddl/activity_definitions/saute_vegetables/problem0.bddl,R1Pro,--robot-type,29,"[""agent.n.01"", ""asparagus.n.02"", ""butter.n.01"", ""cabinet.n.01"", ""electric_refrigerator.n.01"", ""floor.n.01"", ""frying_pan.n.01"", ""green_bean.n.01"", ""melted__butter.n.01"", ""rosemary.n.02"", ""rosemary__shaker.n.01"", ""sack.n.01"", ""spatula.n.01"", ""stove.n.01"", ""tupperware.n.01""]","[""kitchen""]","[""cooked"", ""covered"", ""future"", ""inroom"", ""inside"", ""insource"", ""ontop"", ""real""]",python /home/anuriha/BEHAVIOR-1K/OmniGibson/omnigibson/learning/eval.py log_path=./logs/saute_vegetables_eval policy=websocket task.name=saute_vegetables task.activity_definition_id=0 eval_instance_ids='[0]' model.host=localhost
scraping_snow_off_vehicle,0,[0],scraping_snow_off_vehicle-0,omnigibson,/home/anuriha/BEHAVIOR-1K/bddl3/bddl/activity_definitions/scraping_snow_off_vehicle/problem0.bddl,R1Pro,--robot-type,6,"[""agent.n.01"", ""car.n.01"", ""driveway.n.01"", ""floor.n.01"", ""scraper.n.01"", ""snow.n.01""]","[""garden""]","[""covered"", ""inroom"", ""ontop""]",python /home/anuriha/BEHAVIOR-1K/OmniGibson/omnigibson/learning/eval.py log_path=./logs/scraping_snow_off_vehicle_eval policy=websocket task.name=scraping_snow_off_vehicle task.activity_definition_id=0 eval_instance_ids='[0]' model.host=localhost
scrubbing_bathroom_floor,0,[0],scrubbing_bathroom_floor-0,omnigibson,/home/anuriha/BEHAVIOR-1K/bddl3/bddl/activity_definitions/scrubbing_bathroom_floor/problem0.bddl,R1Pro,--robot-type,4,"[""agent.n.01"", ""dirt.n.02"", ""floor.n.01"", ""scrub_brush.n.01""]","[""bathroom""]","[""covered"", ""inroom"", ""ontop""]",python /home/anuriha/BEHAVIOR-1K/OmniGibson/omnigibson/learning/eval.py log_path=./logs/scrubbing_bathroom_floor_eval policy=websocket task.name=scrubbing_bathroom_floor task.activity_definition_id=0 eval_instance_ids='[0]' model.host=localhost
selling_products_at_flea_market,0,[0],selling_products_at_flea_market-0,omnigibson,/home/anuriha/BEHAVIOR-1K/bddl3/bddl/activity_definitions/selling_products_at_flea_market/problem0.bddl,R1Pro,--robot-type,18,"[""agent.n.01"", ""booth.n.01"", ""bottle__of__soda.n.01"", ""box__of__candy.n.01"", ""box__of__chocolates.n.01"", ""carton.n.02"", ""cash_register.n.01"", ""chocolate_chip_cookie.n.01"", ""floor.n.01"", ""price_tag.n.01""]","[""empty_room""]","[""inroom"", ""inside"", ""nextto"", ""ontop"", ""touching""]",python /home/anuriha/BEHAVIOR-1K/OmniGibson/omnigibson/learning/eval.py log_path=./logs/selling_products_at_flea_market_eval policy=websocket task.name=selling_products_at_flea_market task.activity_definition_id=0 eval_instance_ids='[0]' model.host=localhost
sending_packages,0,[0],sending_packages-0,omnigibson,/home/anuriha/BEHAVIOR-1K/bddl3/bddl/activity_definitions/sending_packages/problem0.bddl,R1Pro,--robot-type,7,"[""agent.n.01"", ""coffee_table.n.01"", ""floor.n.01"", ""mailbox.n.01"", ""package.n.02""]","[""garden"", ""living_room""]","[""inroom"", ""inside"", ""nextto"", ""ontop""]",python /home/anuriha/BEHAVIOR-1K/OmniGibson/omnigibson/learning/eval.py log_path=./logs/sending_packages_eval policy=websocket task.name=sending_packages task.activity_definition_id=0 eval_instance_ids='[0]' model.host=localhost
serving_food_at_a_homeless_shelter,0,[0],serving_food_at_a_homeless_shelter-0,omnigibson,/home/anuriha/BEHAVIOR-1K/bddl3/bddl/activity_definitions/serving_food_at_a_homeless_shelter/problem0.bddl,R1Pro,--robot-type,38,"[""agent.n.01"", ""apple.n.01"", ""beef_stew.n.01"", ""bowl.n.01"", ""breakfast_table.n.01"", ""casserole.n.02"", ""chicken_broth.n.01"", ""cooked__diced__virginia_ham.n.01"", ""cooked__white_rice.n.01"", ""floor.n.01"", ""gravy.n.01"", ""gravy_boat.n.01"", ""ladle.n.01"", ""mashed_potato.n.02"", ""plate.n.04"", ""salad.n.01"", ""tablespoon.n.02"", ""tray.n.01"", ""tupperware.n.01"", ""water_bottle.n.01""]","[""dining_room""]","[""contains"", ""cooked"", ""filled"", ""inroom"", ""inside"", ""nextto"", ""ontop""]",python /home/anuriha/BEHAVIOR-1K/OmniGibson/omnigibson/learning/eval.py log_path=./logs/serving_food_at_a_homeless_shelter_eval policy=websocket task.name=serving_food_at_a_homeless_shelter task.activity_definition_id=0 eval_instance_ids='[0]' model.host=localhost
serving_food_on_the_table,0,[0],serving_food_on_the_table-0,omnigibson,/home/anuriha/BEHAVIOR-1K/bddl3/bddl/activity_definitions/serving_food_on_the_table/problem0.bddl,R1Pro,--robot-type,21,"[""agent.n.01"", ""bap.n.01"", ""bowl.n.01"", ""breakfast_table.n.01"", ""casserole.n.02"", ""console_table.n.01"", ""cooked__chickpea.n.01"", ""cooked__diced__chicken.n.01"", ""cooked__penne.n.01"", ""floor.n.01"", ""napkin.n.01"", ""plate.n.04"", ""tablefork.n.01"", ""tablespoon.n.02""]","[""dining_room""]","[""contains"", ""filled"", ""inroom"", ""nextto"", ""ontop""]",python /home/anuriha/BEHAVIOR-1K/OmniGibson/omnigibson/learning/eval.py log_path=./logs/serving_food_on_the_table_eval policy=websocket task.name=serving_food_on_the_table task.activity_definition_id=0 eval_instance_ids='[0]' model.host=localhost
serving_hors_d_oeuvres,0,[0],serving_hors_d_oeuvres-0,omnigibson,/home/anuriha/BEHAVIOR-1K/bddl3/bddl/activity_definitions/serving_hors_d_oeuvres/problem0.bddl,R1Pro,--robot-type,22,"[""agent.n.01"", ""cabinet.n.01"", ""cheddar.n.02"", ""electric_refrigerator.n.01"", ""floor.n.01"", ""parsley.n.02"", ""pretzel.n.01"", ""salad.n.01"", ""table.n.02"", ""tray.n.01""]","[""dining_room"", ""kitchen""]","[""inroom"", ""inside"", ""nextto"", ""ontop""]",python /home/anuriha/BEHAVIOR-1K/OmniGibson/omnigibson/learning/eval.py log_path=./logs/serving_hors_d_oeuvres_eval policy=websocket task.name=serving_hors_d_oeuvres task.activity_definition_id=0 eval_instance_ids='[0]' model.host=localhost
set_a_dinner_table,0,[0],set_a_dinner_table-0,omnigibson,/home/anuriha/BEHAVIOR-1K/bddl3/bddl/activity_definitions/set_a_dinner_table/problem0.bddl,R1Pro,--robot-type,15,"[""agent.n.01"", ""breakfast_table.n.01"", ""console_table.n.01"", ""floor.n.01"", ""napkin.n.01"", ""place_mat.n.01"", ""plate.n.04"", ""table_knife.n.01"", ""tablefork.n.01"", ""water_glass.n.02"", ""wine_bottle.n.01"", ""wineglass.n.01""]","[""dining_room""]","[""folded"", ""inroom"", ""nextto"", ""ontop""]",python /home/anuriha/BEHAVIOR-1K/OmniGibson/omnigibson/learning/eval.py log_path=./logs/set_a_dinner_table_eval policy=websocket task.name=set_a_dinner_table task.activity_definition_id=0 eval_instance_ids='[0]' model.host=localhost
set_a_fancy_table,0,[0],set_a_fancy_table-0,omnigibson,/home/anuriha/BEHAVIOR-1K/bddl3/bddl/activity_definitions/set_a_fancy_table/problem0.bddl,R1Pro,--robot-type,24,"[""agent.n.01"", ""breakfast_table.n.01"", ""candlestick.n.01"", ""console_table.n.01"", ""dip.n.07"", ""floor.n.01"", ""napkin.n.01"", ""place_mat.n.01"", ""plate.n.04"", ""saucer.n.02"", ""table_knife.n.01"", ""tablefork.n.01"", ""tablespoon.n.02"", ""teaspoon.n.02"", ""vase.n.01"", ""water_glass.n.02"", ""wine_bottle.n.01"", ""wineglass.n.01""]","[""dining_room""]","[""attached"", ""folded"", ""inroom"", ""nextto"", ""ontop"", ""unfolded""]",python /home/anuriha/BEHAVIOR-1K/OmniGibson/omnigibson/learning/eval.py log_path=./logs/set_a_fancy_table_eval policy=websocket task.name=set_a_fancy_table task.activity_definition_id=0 eval_instance_ids='[0]' model.host=localhost
set_a_table_for_a_tea_party,0,[0],set_a_table_for_a_tea_party-0,omnigibson,/home/anuriha/BEHAVIOR-1K/bddl3/bddl/activity_definitions/set_a_table_for_a_tea_party/problem0.bddl,R1Pro,--robot-type,28,"[""agent.n.01"", ""bowl.n.01"", ""breakfast_table.n.01"", ""console_table.n.01"", ""danish.n.02"", ""diced__cheddar.n.01"", ""diced__cucumber.n.01"", ""diced__virginia_ham.n.01"", ""floor.n.01"", ""jar__of__honey.n.01"", ""jar__of__jam.n.01"", ""napkin.n.01"", ""place_mat.n.01"", ""plate.n.04"", ""scone.n.01"", ""sugar_cookie.n.01"", ""table_knife.n.01"", ""tablefork.n.01"", ""teacup.n.02"", ""teapot.n.01"", ""teaspoon.n.02"", ""tray.n.01""]","[""dining_room""]","[""filled"", ""inroom"", ""nextto"", ""ontop"", ""overlaid"", ""touching""]",python /home/anuriha/BEHAVIOR-1K/OmniGibson/omnigibson/learning/eval.py log_path=./logs/set_a_table_for_a_tea_party_eval policy=websocket task.name=set_a_table_for_a_tea_party task.activity_definition_id=0 eval_instance_ids='[0]' model.host=localhost
set_up_a_bird_cage,0,[0],set_up_a_bird_cage-0,omnigibson,/home/anuriha/BEHAVIOR-1K/bddl3/bddl/activity_definitions/set_up_a_bird_cage/problem0.bddl,R1Pro,--robot-type,11,"[""agent.n.01"", ""apple.n.01"", ""birdcage.n.01"", ""bowl.n.01"", ""breakfast_table.n.01"", ""floor.n.01"", ""sink.n.01"", ""toy_figure.n.01"", ""water.n.06""]","[""dining_room"", ""kitchen""]","[""contains"", ""inroom"", ""inside"", ""insource"", ""ontop""]",python /home/anuriha/BEHAVIOR-1K/OmniGibson/omnigibson/learning/eval.py log_path=./logs/set_up_a_bird_cage_eval policy=websocket task.name=set_up_a_bird_cage task.activity_definition_id=0 eval_instance_ids='[0]' model.host=localhost
set_up_a_buffet,0,[0],set_up_a_buffet-0,omnigibson,/home/anuriha/BEHAVIOR-1K/bddl3/bddl/activity_definitions/set_up_a_buffet/problem0.bddl,R1Pro,--robot-type,33,"[""agent.n.01"", ""breakfast_table.n.01"", ""cabinet.n.01"", ""casserole.n.02"", ""chicken_leg.n.01"", ""chocolate_biscuit.n.01"", ""cooked__diced__broccoli.n.01"", ""cooked__quinoa.n.01"", ""countertop.n.01"", ""electric_refrigerator.n.01"", ""floor.n.01"", ""ladle.n.01"", ""napkin.n.01"", ""plate.n.04"", ""tongs.n.01"", ""tupperware.n.01"", ""water_glass.n.02""]","[""dining_room"", ""kitchen""]","[""contains"", ""cooked"", ""filled"", ""folded"", ""hot"", ""inroom"", ""inside"", ""ontop"", ""real""]",python /home/anuriha/BEHAVIOR-1K/OmniGibson/omnigibson/learning/eval.py log_path=./logs/set_up_a_buffet_eval policy=websocket task.name=set_up_a_buffet task.activity_definition_id=0 eval_instance_ids='[0]' model.host=localhost
set_up_a_coffee_station_in_your_kitchen,0,[0],set_up_a_coffee_station_in_your_kitchen-0,omnigibson,/home/anuriha/BEHAVIOR-1K/bddl3/bddl/activity_definitions/set_up_a_coffee_station_in_your_kitchen/problem0.bddl,R1Pro,--robot-type,11,"[""agent.n.01"", ""bottle__of__coffee.n.01"", ""coffee_cup.n.01"", ""coffee_maker.n.01"", ""countertop.n.01"", ""dishwasher.n.01"", ""electric_kettle.n.01"", ""floor.n.01"", ""paper_coffee_filter.n.01"", ""saucer.n.02"", ""shelf.n.01""]","[""kitchen""]","[""inroom"", ""nextto"", ""ontop""]",python /home/anuriha/BEHAVIOR-1K/OmniGibson/omnigibson/learning/eval.py log_path=./logs/set_up_a_coffee_station_in_your_kitchen_eval policy=websocket task.name=set_up_a_coffee_station_in_your_kitchen task.activity_definition_id=0 eval_instance_ids='[0]' model.host=localhost
set_up_a_guinea_pig_cage,0,[0],set_up_a_guinea_pig_cage-0,omnigibson,/home/anuriha/BEHAVIOR-1K/bddl3/bddl/activity_definitions/set_up_a_guinea_pig_cage/problem0.bddl,R1Pro,--robot-type,10,"[""agent.n.01"", ""bowl.n.01"", ""carton.n.02"", ""coffee_table.n.01"", ""floor.n.01"", ""hay.n.01"", ""hutch.n.01"", ""pellet_food.n.01"", ""pellet_food__bag.n.01"", ""water_bottle.n.01""]","[""living_room""]","[""covered"", ""filled"", ""inroom"", ""inside"", ""ontop""]",python /home/anuriha/BEHAVIOR-1K/OmniGibson/omnigibson/learning/eval.py log_path=./logs/set_up_a_guinea_pig_cage_eval policy=websocket task.name=set_up_a_guinea_pig_cage task.activity_definition_id=0 eval_instance_ids='[0]' model.host=localhost
set_up_a_home_office_in_your_garage,0,[0],set_up_a_home_office_in_your_garage-0,omnigibson,/home/anuriha/BEHAVIOR-1K/bddl3/bddl/activity_definitions/set_up_a_home_office_in_your_garage/problem0.bddl,R1Pro,--robot-type,7,"[""agent.n.01"", ""carton.n.02"", ""computer.n.01"", ""floor.n.01"", ""router.n.02"", ""table.n.02"", ""table_lamp.n.01""]","[""garage""]","[""inroom"", ""inside"", ""ontop""]",python /home/anuriha/BEHAVIOR-1K/OmniGibson/omnigibson/learning/eval.py log_path=./logs/set_up_a_home_office_in_your_garage_eval policy=websocket task.name=set_up_a_home_office_in_your_garage task.activity_definition_id=0 eval_instance_ids='[0]' model.host=localhost
set_up_a_hot_dog_bar,0,[0],set_up_a_hot_dog_bar-0,omnigibson,/home/anuriha/BEHAVIOR-1K/bddl3/bddl/activity_definitions/set_up_a_hot_dog_bar/problem0.bddl,R1Pro,--robot-type,24,"[""agent.n.01"", ""bottle__of__catsup.n.01"", ""bottle__of__mustard.n.01"", ""bowl.n.01"", ""carving_knife.n.01"", ""chopping_board.n.01"", ""coffee_table.n.01"", ""countertop.n.01"", ""diced__vidalia_onion.n.01"", ""electric_refrigerator.n.01"", ""floor.n.01"", ""frankfurter_bun.n.01"", ""hotdog.n.02"", ""plate.n.04"", ""sack.n.01"", ""tablecloth.n.01"", ""tongs.n.01"", ""vidalia_onion.n.01""]","[""garden"", ""kitchen""]","[""filled"", ""future"", ""inroom"", ""inside"", ""ontop"", ""overlaid"", ""real""]",python /home/anuriha/BEHAVIOR-1K/OmniGibson/omnigibson/learning/eval.py log_path=./logs/set_up_a_hot_dog_bar_eval policy=websocket task.name=set_up_a_hot_dog_bar task.activity_definition_id=0 eval_instance_ids='[0]' model.host=localhost
set_up_a_mouse_cage,0,[0],set_up_a_mouse_cage-0,omnigibson,/home/anuriha/BEHAVIOR-1K/bddl3/bddl/activity_definitions/set_up_a_mouse_cage/problem0.bddl,R1Pro,--robot-type,10,"[""agent.n.01"", ""bowl.n.01"", ""coffee_table.n.01"", ""floor.n.01"", ""hamster_wheel.n.01"", ""hand_towel.n.01"", ""hutch.n.01"", ""petfood.n.01"", ""petfood__bag.n.01"", ""water_bottle.n.01""]","[""living_room""]","[""filled"", ""inroom"", ""inside"", ""ontop"", ""overlaid""]",python /home/anuriha/BEHAVIOR-1K/OmniGibson/omnigibson/learning/eval.py log_path=./logs/set_up_a_mouse_cage_eval policy=websocket task.name=set_up_a_mouse_cage task.activity_definition_id=0 eval_instance_ids='[0]' model.host=localhost
set_up_a_preschool_classroom,0,[0],set_up_a_preschool_classroom-0,omnigibson,/home/anuriha/BEHAVIOR-1K/bddl3/bddl/activity_definitions/set_up_a_preschool_classroom/problem0.bddl,R1Pro,--robot-type,44,"[""agent.n.01"", ""backpack.n.01"", ""blackboard.n.01"", ""blackboard_eraser.n.01"", ""carton.n.02"", ""chair.n.01"", ""computer.n.01"", ""floor.n.01"", ""globe.n.03"", ""mat.n.03"", ""notebook.n.01"", ""pen.n.01"", ""pencil.n.01"", ""table.n.02"", ""teddy.n.01"", ""wall_clock.n.01""]","[""classroom""]","[""inroom"", ""inside"", ""nextto"", ""ontop"", ""touching""]",python /home/anuriha/BEHAVIOR-1K/OmniGibson/omnigibson/learning/eval.py log_path=./logs/set_up_a_preschool_classroom_eval policy=websocket task.name=set_up_a_preschool_classroom task.activity_definition_id=0 eval_instance_ids='[0]' model.host=localhost
set_up_a_webcam,0,[0],set_up_a_webcam-0,omnigibson,/home/anuriha/BEHAVIOR-1K/bddl3/bddl/activity_definitions/set_up_a_webcam/problem0.bddl,R1Pro,--robot-type,7,"[""agent.n.01"", ""desk.n.01"", ""floor.n.01"", ""keyboard.n.01"", ""monitor.n.04"", ""mouse.n.04"", ""webcam.n.02""]","[""shared_office""]","[""attached"", ""inroom"", ""ontop""]",python /home/anuriha/BEHAVIOR-1K/OmniGibson/omnigibson/learning/eval.py log_path=./logs/set_up_a_webcam_eval policy=websocket task.name=set_up_a_webcam task.activity_definition_id=0 eval_instance_ids='[0]' model.host=localhost
setting_mousetraps,0,[0],setting_mousetraps-0,omnigibson,/home/anuriha/BEHAVIOR-1K/bddl3/bddl/activity_definitions/setting_mousetraps/problem0.bddl,R1Pro,--robot-type,10,"[""agent.n.01"", ""cabinet.n.01"", ""floor.n.01"", ""mousetrap.n.01"", ""sink.n.01""]","[""bathroom""]","[""inroom"", ""nextto"", ""ontop"", ""under""]",python /home/anuriha/BEHAVIOR-1K/OmniGibson/omnigibson/learning/eval.py log_path=./logs/setting_mousetraps_eval policy=websocket task.name=setting_mousetraps task.activity_definition_id=0 eval_instance_ids='[0]' model.host=localhost
setting_table_for_coffee,0,[0],setting_table_for_coffee-0,omnigibson,/home/anuriha/BEHAVIOR-1K/bddl3/bddl/activity_definitions/setting_table_for_coffee/problem0.bddl,R1Pro,--robot-type,15,"[""agent.n.01"", ""bowl.n.01"", ""box__of__cream.n.01"", ""breakfast_table.n.01"", ""cabinet.n.01"", ""countertop.n.01"", ""electric_refrigerator.n.01"", ""espresso.n.01"", ""floor.n.01"", ""granulated_sugar.n.01"", ""napkin.n.01"", ""pitcher.n.02"", ""teaspoon.n.02""]","[""dining_room"", ""kitchen""]","[""filled"", ""inroom"", ""inside"", ""ontop""]",python /home/anuriha/BEHAVIOR-1K/OmniGibson/omnigibson/learning/eval.py log_path=./logs/setting_table_for_coffee_eval policy=websocket task.name=setting_table_for_coffee task.activity_definition_id=0 eval_instance_ids='[0]' model.host=localhost
setting_the_fire,0,[0],setting_the_fire-0,omnigibson,/home/anuriha/BEHAVIOR-1K/bddl3/bddl/activity_definitions/setting_the_fire/problem0.bddl,R1Pro,--robot-type,8,"[""agent.n.01"", ""cigar_lighter.n.01"", ""firewood.n.01"", ""floor.n.01"", ""newspaper.n.03"", ""table.n.02"", ""wood_fireplace.n.01""]","[""living_room""]","[""inroom"", ""inside"", ""on_fire"", ""ontop"", ""toggled_on""]",python /home/anuriha/BEHAVIOR-1K/OmniGibson/omnigibson/learning/eval.py log_path=./logs/setting_the_fire_eval policy=websocket task.name=setting_the_fire task.activity_definition_id=0 eval_instance_ids='[0]' model.host=localhost
setting_the_table,0,[0],setting_the_table-0,omnigibson,/home/anuriha/BEHAVIOR-1K/bddl3/bddl/activity_definitions/setting_the_table/problem0.bddl,R1Pro,--robot-type,14,"[""agent.n.01"", ""breakfast_table.n.01"", ""cabinet.n.01"", ""cupcake.n.01"", ""electric_refrigerator.n.01"", ""floor.n.01"", ""plate.n.04"", ""sink.n.01"", ""table_knife.n.01"", ""tablefork.n.01""]","[""dining_room"", ""kitchen""]","[""inroom"", ""inside"", ""nextto"", ""ontop""]",python /home/anuriha/BEHAVIOR-1K/OmniGibson/omnigibson/learning/eval.py log_path=./logs/setting_the_table_eval policy=websocket task.name=setting_the_table task.activity_definition_id=0 eval_instance_ids='[0]' model.host=localhost
setting_up_bedroom_for_guest,0,[0],setting_up_bedroom_for_guest-0,omnigibson,/home/anuriha/BEHAVIOR-1K/bddl3/bddl/activity_definitions/setting_up_bedroom_for_guest/problem0.bddl,R1Pro,--robot-type,5,"[""agent.n.01"", ""bed.n.01"", ""blanket.n.01"", ""floor.n.01"", ""pillow.n.01""]","[""bedroom""]","[""inroom"", ""ontop"", ""overlaid""]",python /home/anuriha/BEHAVIOR-1K/OmniGibson/omnigibson/learning/eval.py log_path=./logs/setting_up_bedroom_for_guest_eval policy=websocket task.name=setting_up_bedroom_for_guest task.activity_definition_id=0 eval_instance_ids='[0]' model.host=localhost
setting_up_for_an_event,0,[0],setting_up_for_an_event-0,omnigibson,/home/anuriha/BEHAVIOR-1K/bddl3/bddl/activity_definitions/setting_up_for_an_event/problem0.bddl,R1Pro,--robot-type,16,"[""agent.n.01"", ""beer_bottle.n.01"", ""coffee_table.n.01"", ""floor.n.01"", ""gift_box.n.01"", ""hamburger.n.01"", ""tablecloth.n.01""]","[""garden""]","[""inroom"", ""nextto"", ""ontop"", ""overlaid""]",python /home/anuriha/BEHAVIOR-1K/OmniGibson/omnigibson/learning/eval.py log_path=./logs/setting_up_for_an_event_eval policy=websocket task.name=setting_up_for_an_event task.activity_definition_id=0 eval_instance_ids='[0]' model.host=localhost
setting_up_garden_furniture,0,[0],setting_up_garden_furniture-0,omnigibson,/home/anuriha/BEHAVIOR-1K/bddl3/bddl/activity_definitions/setting_up_garden_furniture/problem0.bddl,R1Pro,--robot-type,12,"[""agent.n.01"", ""coffee_table.n.01"", ""driveway.n.01"", ""floor.n.01"", ""lawn.n.01"", ""lawn_chair.n.01"", ""pitcher.n.02"", ""teacup.n.02"", ""tree.n.01""]","[""garden""]","[""inroom"", ""nextto"", ""ontop""]",python /home/anuriha/BEHAVIOR-1K/OmniGibson/omnigibson/learning/eval.py log_path=./logs/setting_up_garden_furniture_eval policy=websocket task.name=setting_up_garden_furniture task.activity_definition_id=0 eval_instance_ids='[0]' model.host=localhost
setting_up_living_room_for_guest,0,[0],setting_up_living_room_for_guest-0,omnigibson,/home/anuriha/BEHAVIOR-1K/bddl3/bddl/activity_definitions/setting_up_living_room_for_guest/problem0.bddl,R1Pro,--robot-type,14,"[""agent.n.01"", ""bookcase.n.01"", ""bowl.n.01"", ""chip.n.04"", ""dust.n.01"", ""floor.n.01"", ""hardback.n.01"", ""rag.n.01"", ""table.n.02"", ""teddy.n.01""]","[""living_room""]","[""covered"", ""folded"", ""inroom"", ""inside"", ""ontop""]",python /home/anuriha/BEHAVIOR-1K/OmniGibson/omnigibson/learning/eval.py log_path=./logs/setting_up_living_room_for_guest_eval policy=websocket task.name=setting_up_living_room_for_guest task.activity_definition_id=0 eval_instance_ids='[0]' model.host=localhost
setting_up_room_for_a_movie,0,[0],setting_up_room_for_a_movie-0,omnigibson,/home/anuriha/BEHAVIOR-1K/bddl3/bddl/activity_definitions/setting_up_room_for_a_movie/problem0.bddl,R1Pro,--robot-type,13,"[""agent.n.01"", ""bowl.n.01"", ""cabinet.n.01"", ""can__of__soda.n.01"", ""floor.n.01"", ""popcorn.n.02"", ""sack.n.01"", ""sheet.n.03"", ""sofa.n.01"", ""table.n.02"", ""television_receiver.n.01""]","[""kitchen"", ""living_room""]","[""filled"", ""inroom"", ""inside"", ""ontop""]",python /home/anuriha/BEHAVIOR-1K/OmniGibson/omnigibson/learning/eval.py log_path=./logs/setting_up_room_for_a_movie_eval policy=websocket task.name=setting_up_room_for_a_movie task.activity_definition_id=0 eval_instance_ids='[0]' model.host=localhost
setting_up_room_for_games,0,[0],setting_up_room_for_games-0,omnigibson,/home/anuriha/BEHAVIOR-1K/bddl3/bddl/activity_definitions/setting_up_room_for_games/problem0.bddl,R1Pro,--robot-type,7,"[""agent.n.01"", ""board_game.n.01"", ""cabinet.n.01"", ""die.n.01"", ""floor.n.01"", ""jigsaw_puzzle.n.01"", ""table.n.02""]","[""childs_room"", ""living_room""]","[""inroom"", ""inside"", ""ontop""]",python /home/anuriha/BEHAVIOR-1K/OmniGibson/omnigibson/learning/eval.py log_path=./logs/setting_up_room_for_games_eval policy=websocket task.name=setting_up_room_for_games task.activity_definition_id=0 eval_instance_ids='[0]' model.host=localhost
setting_up_silent_auction,0,[0],setting_up_silent_auction-0,omnigibson,/home/anuriha/BEHAVIOR-1K/bddl3/bddl/activity_definitions/setting_up_silent_auction/problem0.bddl,R1Pro,--robot-type,20,"[""agent.n.01"", ""bust.n.03"", ""card.n.04"", ""carton.n.02"", ""clipboard.n.01"", ""floor.n.01"", ""painting.n.01"", ""portrait.n.02"", ""swivel_chair.n.01"", ""table.n.02""]","[""shared_office""]","[""inroom"", ""inside"", ""nextto"", ""ontop""]",python /home/anuriha/BEHAVIOR-1K/OmniGibson/omnigibson/learning/eval.py log_path=./logs/setting_up_silent_auction_eval policy=websocket task.name=setting_up_silent_auction task.activity_definition_id=0 eval_instance_ids='[0]' model.host=localhost
setting_up_toy_train_track,0,[0],setting_up_toy_train_track-0,omnigibson,/home/anuriha/BEHAVIOR-1K/bddl3/bddl/activity_definitions/setting_up_toy_train_track/problem0.bddl,R1Pro,--robot-type,5,"[""agent.n.01"", ""bookcase.n.01"", ""carton.n.02"", ""floor.n.01"", ""train_set.n.01""]","[""living_room""]","[""inroom"", ""inside"", ""nextto"", ""ontop""]",python /home/anuriha/BEHAVIOR-1K/OmniGibson/omnigibson/learning/eval.py log_path=./logs/setting_up_toy_train_track_eval policy=websocket task.name=setting_up_toy_train_track task.activity_definition_id=0 eval_instance_ids='[0]' model.host=localhost
setup_a_baby_crib,0,[0],setup_a_baby_crib-0,omnigibson,/home/anuriha/BEHAVIOR-1K/bddl3/bddl/activity_definitions/setup_a_baby_crib/problem0.bddl,R1Pro,--robot-type,7,"[""agent.n.01"", ""blanket.n.01"", ""cabinet.n.01"", ""crib.n.01"", ""doll.n.01"", ""floor.n.01"", ""teddy.n.01""]","[""childs_room""]","[""inroom"", ""inside"", ""ontop""]",python /home/anuriha/BEHAVIOR-1K/OmniGibson/omnigibson/learning/eval.py log_path=./logs/setup_a_baby_crib_eval policy=websocket task.name=setup_a_baby_crib task.activity_definition_id=0 eval_instance_ids='[0]' model.host=localhost
setup_a_bar_for_a_cocktail_party,0,[0],setup_a_bar_for_a_cocktail_party-0,omnigibson,/home/anuriha/BEHAVIOR-1K/bddl3/bddl/activity_definitions/setup_a_bar_for_a_cocktail_party/problem0.bddl,R1Pro,--robot-type,30,"[""agent.n.01"", ""beer_bottle.n.01"", ""bottle__of__gin.n.01"", ""bottle__of__tequila.n.01"", ""bottle__of__vodka.n.01"", ""bucket.n.01"", ""carton__of__orange_juice.n.01"", ""corkscrew.n.01"", ""countertop.n.01"", ""electric_refrigerator.n.01"", ""floor.n.01"", ""ice_cube.n.01"", ""red_wine.n.01"", ""shot_glass.n.01"", ""tray.n.01"", ""water_glass.n.02"", ""white_wine.n.01"", ""wine_bottle.n.01"", ""wineglass.n.01""]","[""bar""]","[""filled"", ""inroom"", ""inside"", ""nextto"", ""ontop""]",python /home/anuriha/BEHAVIOR-1K/OmniGibson/omnigibson/learning/eval.py log_path=./logs/setup_a_bar_for_a_cocktail_party_eval policy=websocket task.name=setup_a_bar_for_a_cocktail_party task.activity_definition_id=0 eval_instance_ids='[0]' model.host=localhost
setup_a_fish_tank,0,[0],setup_a_fish_tank-0,omnigibson,/home/anuriha/BEHAVIOR-1K/bddl3/bddl/activity_definitions/setup_a_fish_tank/problem0.bddl,R1Pro,--robot-type,8,"[""agent.n.01"", ""bucket.n.01"", ""floor.n.01"", ""pebble.n.01"", ""table.n.02"", ""tank.n.02"", ""water.n.06"", ""water_filter.n.01""]","[""living_room""]","[""filled"", ""inroom"", ""inside"", ""ontop"", ""open""]",python /home/anuriha/BEHAVIOR-1K/OmniGibson/omnigibson/learning/eval.py log_path=./logs/setup_a_fish_tank_eval policy=websocket task.name=setup_a_fish_tank task.activity_definition_id=0 eval_instance_ids='[0]' model.host=localhost
setup_a_garden_party,0,[0],setup_a_garden_party-0,omnigibson,/home/anuriha/BEHAVIOR-1K/bddl3/bddl/activity_definitions/setup_a_garden_party/problem0.bddl,R1Pro,--robot-type,13,"[""agent.n.01"", ""bottle__of__champagne.n.01"", ""bottle__of__lemonade.n.01"", ""carving_knife.n.01"", ""coffee_table.n.01"", ""diced__watermelon.n.01"", ""floor.n.01"", ""goblet.n.01"", ""platter.n.01"", ""serving_cart.n.01"", ""tupperware.n.01""]","[""garden""]","[""contains"", ""filled"", ""inroom"", ""ontop""]",python /home/anuriha/BEHAVIOR-1K/OmniGibson/omnigibson/learning/eval.py log_path=./logs/setup_a_garden_party_eval policy=websocket task.name=setup_a_garden_party task.activity_definition_id=0 eval_instance_ids='[0]' model.host=localhost
setup_a_trampoline,0,[0],setup_a_trampoline-0,omnigibson,/home/anuriha/BEHAVIOR-1K/bddl3/bddl/activity_definitions/setup_a_trampoline/problem0.bddl,R1Pro,--robot-type,7,"[""agent.n.01"", ""floor.n.01"", ""trampoline_leg.n.01"", ""trampoline_top.n.01""]","[""garden""]","[""attached"", ""inroom"", ""ontop""]",python /home/anuriha/BEHAVIOR-1K/OmniGibson/omnigibson/learning/eval.py log_path=./logs/setup_a_trampoline_eval policy=websocket task.name=setup_a_trampoline task.activity_definition_id=0 eval_instance_ids='[0]' model.host=localhost
shampooing_carpet,0,[0],shampooing_carpet-0,omnigibson,/home/anuriha/BEHAVIOR-1K/bddl3/bddl/activity_definitions/shampooing_carpet/problem0.bddl,R1Pro,--robot-type,14,"[""agent.n.01"", ""bucket.n.01"", ""coffee_table.n.01"", ""floor.n.01"", ""rag.n.01"", ""rug.n.01"", ""scrub_brush.n.01"", ""shampoo.n.01"", ""shampoo__bottle.n.01"", ""sink.n.01"", ""sofa.n.01"", ""stain.n.01"", ""vacuum.n.04"", ""water.n.06""]","[""kitchen"", ""living_room""]","[""covered"", ""filled"", ""inroom"", ""inside"", ""insource"", ""ontop""]",python /home/anuriha/BEHAVIOR-1K/OmniGibson/omnigibson/learning/eval.py log_path=./logs/shampooing_carpet_eval policy=websocket task.name=shampooing_carpet task.activity_definition_id=0 eval_instance_ids='[0]' model.host=localhost
shopping_at_warehouse_stores,0,[0],shopping_at_warehouse_stores-0,omnigibson,/home/anuriha/BEHAVIOR-1K/bddl3/bddl/activity_definitions/shopping_at_warehouse_stores/problem0.bddl,R1Pro,--robot-type,10,"[""agent.n.01"", ""bag__of__cream_cheese.n.01"", ""baguet.n.01"", ""box__of__corn_flakes.n.01"", ""checkout.n.03"", ""chicken.n.01"", ""floor.n.01"", ""pomegranate.n.02"", ""shopping_cart.n.01"", ""watermelon.n.02""]","[""grocery_store""]","[""inroom"", ""ontop""]",python /home/anuriha/BEHAVIOR-1K/OmniGibson/omnigibson/learning/eval.py log_path=./logs/shopping_at_warehouse_stores_eval policy=websocket task.name=shopping_at_warehouse_stores task.activity_definition_id=0 eval_instance_ids='[0]' model.host=localhost
shoveling_coal,0,[0],shoveling_coal-0,omnigibson,/home/anuriha/BEHAVIOR-1K/bddl3/bddl/activity_definitions/shoveling_coal/problem0.bddl,R1Pro,--robot-type,7,"[""agent.n.01"", ""bucket.n.01"", ""coal.n.01"", ""floor.n.01"", ""grill.n.02"", ""lawn.n.01"", ""shovel.n.01""]","[""garden""]","[""covered"", ""filled"", ""inroom"", ""ontop""]",python /home/anuriha/BEHAVIOR-1K/OmniGibson/omnigibson/learning/eval.py log_path=./logs/shoveling_coal_eval policy=websocket task.name=shoveling_coal task.activity_definition_id=0 eval_instance_ids='[0]' model.host=localhost
shoveling_snow,0,[0],shoveling_snow-0,omnigibson,/home/anuriha/BEHAVIOR-1K/bddl3/bddl/activity_definitions/shoveling_snow/problem0.bddl,R1Pro,--robot-type,7,"[""agent.n.01"", ""bucket.n.01"", ""floor.n.01"", ""granulated_salt.n.01"", ""lawn.n.01"", ""shovel.n.01"", ""snow.n.01""]","[""garden""]","[""covered"", ""filled"", ""inroom"", ""ontop""]",python /home/anuriha/BEHAVIOR-1K/OmniGibson/omnigibson/learning/eval.py log_path=./logs/shoveling_snow_eval policy=websocket task.name=shoveling_snow task.activity_definition_id=0 eval_instance_ids='[0]' model.host=localhost
slicing_vegetables,0,[0],slicing_vegetables-0,omnigibson,/home/anuriha/BEHAVIOR-1K/bddl3/bddl/activity_definitions/slicing_vegetables/problem0.bddl,R1Pro,--robot-type,15,"[""agent.n.01"", ""beet.n.02"", ""bell_pepper.n.02"", ""chopping_board.n.01"", ""countertop.n.01"", ""diced__beet.n.01"", ""diced__bell_pepper.n.01"", ""diced__zucchini.n.01"", ""electric_refrigerator.n.01"", ""floor.n.01"", ""parer.n.02"", ""zucchini.n.02""]","[""kitchen""]","[""future"", ""inroom"", ""inside"", ""ontop"", ""open"", ""real""]",python /home/anuriha/BEHAVIOR-1K/OmniGibson/omnigibson/learning/eval.py log_path=./logs/slicing_vegetables_eval policy=websocket task.name=slicing_vegetables task.activity_definition_id=0 eval_instance_ids='[0]' model.host=localhost
sorting_art_supplies,0,[0],sorting_art_supplies-0,omnigibson,/home/anuriha/BEHAVIOR-1K/bddl3/bddl/activity_definitions/sorting_art_supplies/problem0.bddl,R1Pro,--robot-type,14,"[""agent.n.01"", ""bottle__of__glue.n.01"", ""cabinet.n.01"", ""carton.n.02"", ""coffee_table.n.01"", ""floor.n.01"", ""marker.n.03"", ""paintbrush.n.01"", ""pencil_box.n.01"", ""sheet.n.02""]","[""living_room""]","[""inroom"", ""inside"", ""ontop""]",python /home/anuriha/BEHAVIOR-1K/OmniGibson/omnigibson/learning/eval.py log_path=./logs/sorting_art_supplies_eval policy=websocket task.name=sorting_art_supplies task.activity_definition_id=0 eval_instance_ids='[0]' model.host=localhost
sorting_books_on_shelf,0,[0],sorting_books_on_shelf-0,omnigibson,/home/anuriha/BEHAVIOR-1K/bddl3/bddl/activity_definitions/sorting_books_on_shelf/problem0.bddl,R1Pro,--robot-type,11,"[""agent.n.01"", ""bookcase.n.01"", ""coffee_table.n.01"", ""comic_book.n.01"", ""floor.n.01"", ""notebook.n.01"", ""textbook.n.01""]","[""living_room""]","[""inroom"", ""inside"", ""ontop""]",python /home/anuriha/BEHAVIOR-1K/OmniGibson/omnigibson/learning/eval.py log_path=./logs/sorting_books_on_shelf_eval policy=websocket task.name=sorting_books_on_shelf task.activity_definition_id=0 eval_instance_ids='[0]' model.host=localhost
sorting_bottles_cans_and_paper,0,[0],sorting_bottles_cans_and_paper-0,omnigibson,/home/anuriha/BEHAVIOR-1K/bddl3/bddl/activity_definitions/sorting_bottles_cans_and_paper/problem0.bddl,R1Pro,--robot-type,12,"[""agent.n.01"", ""bucket.n.01"", ""can.n.01"", ""countertop.n.01"", ""floor.n.01"", ""magazine.n.02"", ""newspaper.n.03"", ""water_bottle.n.01""]","[""kitchen""]","[""inroom"", ""inside"", ""ontop""]",python /home/anuriha/BEHAVIOR-1K/OmniGibson/omnigibson/learning/eval.py log_path=./logs/sorting_bottles_cans_and_paper_eval policy=websocket task.name=sorting_bottles_cans_and_paper task.activity_definition_id=0 eval_instance_ids='[0]' model.host=localhost
sorting_clothes,0,[0],sorting_clothes-0,omnigibson,/home/anuriha/BEHAVIOR-1K/bddl3/bddl/activity_definitions/sorting_clothes/problem0.bddl,R1Pro,--robot-type,9,"[""agent.n.01"", ""bed.n.01"", ""blouse.n.01"", ""floor.n.01"", ""trouser.n.01"", ""wardrobe.n.01""]","[""bedroom"", ""closet""]","[""folded"", ""inroom"", ""inside"", ""nextto"", ""ontop""]",python /home/anuriha/BEHAVIOR-1K/OmniGibson/omnigibson/learning/eval.py log_path=./logs/sorting_clothes_eval policy=websocket task.name=sorting_clothes task.activity_definition_id=0 eval_instance_ids='[0]' model.host=localhost
sorting_clothing,0,[0],sorting_clothing-0,omnigibson,/home/anuriha/BEHAVIOR-1K/bddl3/bddl/activity_definitions/sorting_clothing/problem0.bddl,R1Pro,--robot-type,11,"[""agent.n.01"", ""bed.n.01"", ""floor.n.01"", ""hamper.n.02"", ""skirt.n.01"", ""stain.n.01"", ""trouser.n.01""]","[""bedroom""]","[""covered"", ""inroom"", ""inside"", ""ontop""]",python /home/anuriha/BEHAVIOR-1K/OmniGibson/omnigibson/learning/eval.py log_path=./logs/sorting_clothing_eval policy=websocket task.name=sorting_clothing task.activity_definition_id=0 eval_instance_ids='[0]' model.host=localhost
sorting_household_items,0,[0],sorting_household_items-0,omnigibson,/home/anuriha/BEHAVIOR-1K/bddl3/bddl/activity_definitions/sorting_household_items/problem0.bddl,R1Pro,--robot-type,13,"[""agent.n.01"", ""basket.n.01"", ""bottle__of__detergent.n.01"", ""box__of__sanitary_napkin.n.01"", ""cup.n.01"", ""floor.n.01"", ""shelf.n.01"", ""sink.n.01"", ""soap_dispenser.n.01"", ""toothbrush.n.01"", ""tube__of__toothpaste.n.01""]","[""bathroom"", ""bedroom""]","[""inroom"", ""inside"", ""nextto"", ""ontop"", ""under""]",python /home/anuriha/BEHAVIOR-1K/OmniGibson/omnigibson/learning/eval.py log_path=./logs/sorting_household_items_eval policy=websocket task.name=sorting_household_items task.activity_definition_id=0 eval_instance_ids='[0]' model.host=localhost
sorting_items_for_garage_sale,0,[0],sorting_items_for_garage_sale-0,omnigibson,/home/anuriha/BEHAVIOR-1K/bddl3/bddl/activity_definitions/sorting_items_for_garage_sale/problem0.bddl,R1Pro,--robot-type,27,"[""agent.n.01"", ""ball.n.01"", ""blanket.n.01"", ""bookcase.n.01"", ""coat.n.01"", ""cooking_utensil.n.01"", ""floor.n.01"", ""gummed_label.n.01"", ""gym_shoe.n.01"", ""packing_box.n.02"", ""tennis_racket.n.01"", ""textbook.n.01"", ""toaster.n.02""]","[""garage""]","[""folded"", ""inroom"", ""inside"", ""ontop""]",python /home/anuriha/BEHAVIOR-1K/OmniGibson/omnigibson/learning/eval.py log_path=./logs/sorting_items_for_garage_sale_eval policy=websocket task.name=sorting_items_for_garage_sale task.activity_definition_id=0 eval_instance_ids='[0]' model.host=localhost
sorting_laundry,0,[0],sorting_laundry-0,omnigibson,/home/anuriha/BEHAVIOR-1K/bddl3/bddl/activity_definitions/sorting_laundry/problem0.bddl,R1Pro,--robot-type,11,"[""agent.n.01"", ""bed.n.01"", ""cabinet.n.01"", ""floor.n.01"", ""hamper.n.02"", ""jersey.n.03"", ""sock.n.01"", ""trouser.n.01"", ""undergarment.n.01""]","[""bedroom"", ""utility_room""]","[""folded"", ""inroom"", ""inside"", ""ontop""]",python /home/anuriha/BEHAVIOR-1K/OmniGibson/omnigibson/learning/eval.py log_path=./logs/sorting_laundry_eval policy=websocket task.name=sorting_laundry task.activity_definition_id=0 eval_instance_ids='[0]' model.host=localhost
sorting_mail,0,[0],sorting_mail-0,omnigibson,/home/anuriha/BEHAVIOR-1K/bddl3/bddl/activity_definitions/sorting_mail/problem0.bddl,R1Pro,--robot-type,8,"[""agent.n.01"", ""floor.n.01"", ""mail.n.04"", ""newspaper.n.03"", ""table.n.02""]","[""living_room""]","[""inroom"", ""ontop"", ""touching""]",python /home/anuriha/BEHAVIOR-1K/OmniGibson/omnigibson/learning/eval.py log_path=./logs/sorting_mail_eval policy=websocket task.name=sorting_mail task.activity_definition_id=0 eval_instance_ids='[0]' model.host=localhost
sorting_newspapers_for_recycling,0,[0],sorting_newspapers_for_recycling-0,omnigibson,/home/anuriha/BEHAVIOR-1K/bddl3/bddl/activity_definitions/sorting_newspapers_for_recycling/problem0.bddl,R1Pro,--robot-type,14,"[""agent.n.01"", ""bookcase.n.01"", ""comic_book.n.01"", ""floor.n.01"", ""magazine.n.02"", ""mail.n.04"", ""newspaper.n.03"", ""recycling_bin.n.01""]","[""private_office""]","[""inroom"", ""inside"", ""ontop""]",python /home/anuriha/BEHAVIOR-1K/OmniGibson/omnigibson/learning/eval.py log_path=./logs/sorting_newspapers_for_recycling_eval policy=websocket task.name=sorting_newspapers_for_recycling task.activity_definition_id=0 eval_instance_ids='[0]' model.host=localhost
sorting_potatoes,0,[0],sorting_potatoes-0,omnigibson,/home/anuriha/BEHAVIOR-1K/bddl3/bddl/activity_definitions/sorting_potatoes/problem0.bddl,R1Pro,--robot-type,19,"[""agent.n.01"", ""bok_choy.n.02"", ""butternut_squash.n.02"", ""carton.n.02"", ""floor.n.01"", ""potato.n.01"", ""sack.n.01"", ""table.n.02"", ""yam.n.03""]","[""kitchen""]","[""inroom"", ""inside"", ""ontop""]",python /home/anuriha/BEHAVIOR-1K/OmniGibson/omnigibson/learning/eval.py log_path=./logs/sorting_potatoes_eval policy=websocket task.name=sorting_potatoes task.activity_definition_id=0 eval_instance_ids='[0]' model.host=localhost
sorting_vegetables,0,[0],sorting_vegetables-0,omnigibson,/home/anuriha/BEHAVIOR-1K/bddl3/bddl/activity_definitions/sorting_vegetables/problem0.bddl,R1Pro,--robot-type,21,"[""agent.n.01"", ""bok_choy.n.02"", ""broccoli.n.02"", ""countertop.n.01"", ""floor.n.01"", ""leek.n.02"", ""mixing_bowl.n.01"", ""sweet_corn.n.02"", ""vidalia_onion.n.01"", ""wicker_basket.n.01""]","[""kitchen""]","[""inroom"", ""inside"", ""ontop""]",python /home/anuriha/BEHAVIOR-1K/OmniGibson/omnigibson/learning/eval.py log_path=./logs/sorting_vegetables_eval policy=websocket task.name=sorting_vegetables task.activity_definition_id=0 eval_instance_ids='[0]' model.host=localhost
sorting_volunteer_materials,0,[0],sorting_volunteer_materials-0,omnigibson,/home/anuriha/BEHAVIOR-1K/bddl3/bddl/activity_definitions/sorting_volunteer_materials/problem0.bddl,R1Pro,--robot-type,20,"[""agent.n.01"", ""apron.n.01"", ""backpack.n.01"", ""breakfast_table.n.01"", ""catalog.n.01"", ""floor.n.01"", ""glove.n.02"", ""notebook.n.01"", ""packing_box.n.02"", ""rubber_boot.n.01"", ""water_bottle.n.01""]","[""dining_room""]","[""folded"", ""inroom"", ""inside"", ""ontop""]",python /home/anuriha/BEHAVIOR-1K/OmniGibson/omnigibson/learning/eval.py log_path=./logs/sorting_volunteer_materials_eval policy=websocket task.name=sorting_volunteer_materials task.activity_definition_id=0 eval_instance_ids='[0]' model.host=localhost
spray_stucco,0,[0],spray_stucco-0,omnigibson,/home/anuriha/BEHAVIOR-1K/bddl3/bddl/activity_definitions/spray_stucco/problem0.bddl,R1Pro,--robot-type,6,"[""agent.n.01"", ""floor.n.01"", ""sealant.n.01"", ""sealant__atomizer.n.01"", ""stucco.n.01"", ""wall.n.01""]","[""garden""]","[""covered"", ""inroom"", ""insource"", ""ontop""]",python /home/anuriha/BEHAVIOR-1K/OmniGibson/omnigibson/learning/eval.py log_path=./logs/spray_stucco_eval policy=websocket task.name=spray_stucco task.activity_definition_id=0 eval_instance_ids='[0]' model.host=localhost
spraying_for_bugs,0,[0],spraying_for_bugs-0,omnigibson,/home/anuriha/BEHAVIOR-1K/bddl3/bddl/activity_definitions/spraying_for_bugs/problem0.bddl,R1Pro,--robot-type,6,"[""agent.n.01"", ""floor.n.01"", ""insectifuge.n.01"", ""insectifuge__atomizer.n.01"", ""pot_plant.n.01""]","[""garden""]","[""covered"", ""inroom"", ""insource"", ""ontop""]",python /home/anuriha/BEHAVIOR-1K/OmniGibson/omnigibson/learning/eval.py log_path=./logs/spraying_for_bugs_eval policy=websocket task.name=spraying_for_bugs task.activity_definition_id=0 eval_instance_ids='[0]' model.host=localhost
spraying_fruit_trees,0,[0],spraying_fruit_trees-0,omnigibson,/home/anuriha/BEHAVIOR-1K/bddl3/bddl/activity_definitions/spraying_fruit_trees/problem0.bddl,R1Pro,--robot-type,6,"[""agent.n.01"", ""floor.n.01"", ""pesticide.n.01"", ""pesticide__atomizer.n.01"", ""tree.n.01""]","[""garden""]","[""covered"", ""inroom"", ""insource"", ""ontop""]",python /home/anuriha/BEHAVIOR-1K/OmniGibson/omnigibson/learning/eval.py log_path=./logs/spraying_fruit_trees_eval policy=websocket task.name=spraying_fruit_trees task.activity_definition_id=0 eval_instance_ids='[0]' model.host=localhost
spring_clean_your_skateboard,0,[0],spring_clean_your_skateboard-0,omnigibson,/home/anuriha/BEHAVIOR-1K/bddl3/bddl/activity_definitions/spring_clean_your_skateboard/problem0.bddl,R1Pro,--robot-type,9,"[""acetone.n.01"", ""acetone__atomizer.n.01"", ""agent.n.01"", ""bucket.n.01"", ""floor.n.01"", ""rag.n.01"", ""skateboard.n.01"", ""stain.n.01"", ""water.n.06""]","[""garage""]","[""covered"", ""filled"", ""inroom"", ""insource"", ""ontop""]",python /home/anuriha/BEHAVIOR-1K/OmniGibson/omnigibson/learning/eval.py log_path=./logs/spring_clean_your_skateboard_eval policy=websocket task.name=spring_clean_your_skateboard task.activity_definition_id=0 eval_instance_ids='[0]' model.host=localhost
stacking_wood,0,[0],stacking_wood-0,omnigibson,/home/anuriha/BEHAVIOR-1K/bddl3/bddl/activity_definitions/stacking_wood/problem0.bddl,R1Pro,--robot-type,9,"[""agent.n.01"", ""floor.n.01"", ""log.n.01"", ""table.n.02""]","[""garden""]","[""inroom"", ""ontop""]",python /home/anuriha/BEHAVIOR-1K/OmniGibson/omnigibson/learning/eval.py log_path=./logs/stacking_wood_eval policy=websocket task.name=stacking_wood task.activity_definition_id=0 eval_instance_ids='[0]' model.host=localhost
staining_wood_furniture,0,[0],staining_wood_furniture-0,omnigibson,/home/anuriha/BEHAVIOR-1K/bddl3/bddl/activity_definitions/staining_wood_furniture/problem0.bddl,R1Pro,--robot-type,6,"[""agent.n.01"", ""coffee_table.n.01"", ""floor.n.01"", ""ink.n.01"", ""ink__bottle.n.01"", ""paintbrush.n.01""]","[""living_room""]","[""covered"", ""filled"", ""inroom"", ""ontop""]",python /home/anuriha/BEHAVIOR-1K/OmniGibson/omnigibson/learning/eval.py log_path=./logs/staining_wood_furniture_eval policy=websocket task.name=staining_wood_furniture task.activity_definition_id=0 eval_instance_ids='[0]' model.host=localhost
stash_snacks_in_your_room,0,[0],stash_snacks_in_your_room-0,omnigibson,/home/anuriha/BEHAVIOR-1K/bddl3/bddl/activity_definitions/stash_snacks_in_your_room/problem0.bddl,R1Pro,--robot-type,17,"[""agent.n.01"", ""bag__of__jerky.n.01"", ""bed.n.01"", ""cabinet.n.01"", ""chip.n.04"", ""chocolate_bar.n.01"", ""chocolate_biscuit.n.01"", ""floor.n.01"", ""granola_bar.n.01"", ""pack__of__chocolate_bar.n.01"", ""sack.n.01"", ""table.n.02""]","[""bedroom""]","[""inroom"", ""inside"", ""nextto"", ""ontop""]",python /home/anuriha/BEHAVIOR-1K/OmniGibson/omnigibson/learning/eval.py log_path=./logs/stash_snacks_in_your_room_eval policy=websocket task.name=stash_snacks_in_your_room task.activity_definition_id=0 eval_instance_ids='[0]' model.host=localhost
stock_a_bar,0,[0],stock_a_bar-0,omnigibson,/home/anuriha/BEHAVIOR-1K/bddl3/bddl/activity_definitions/stock_a_bar/problem0.bddl,R1Pro,--robot-type,9,"[""agent.n.01"", ""bottle__of__gin.n.01"", ""bottle__of__rum.n.01"", ""bottle__of__vodka.n.01"", ""carton.n.02"", ""floor.n.01"", ""shelf.n.01""]","[""bar""]","[""inroom"", ""inside"", ""ontop""]",python /home/anuriha/BEHAVIOR-1K/OmniGibson/omnigibson/learning/eval.py log_path=./logs/stock_a_bar_eval policy=websocket task.name=stock_a_bar task.activity_definition_id=0 eval_instance_ids='[0]' model.host=localhost
stock_a_bar_cart,0,[0],stock_a_bar_cart-0,omnigibson,/home/anuriha/BEHAVIOR-1K/bddl3/bddl/activity_definitions/stock_a_bar_cart/problem0.bddl,R1Pro,--robot-type,15,"[""agent.n.01"", ""beer_glass.n.01"", ""bottle__of__beer.n.01"", ""bottle__of__lemonade.n.01"", ""bottle__of__tonic.n.01"", ""bottle__of__whiskey.n.01"", ""bottle__of__wine.n.01"", ""cabinet.n.01"", ""dishtowel.n.01"", ""floor.n.01"", ""serving_cart.n.01"", ""shelf.n.01"", ""shot_glass.n.01"", ""teaspoon.n.02""]","[""kitchen""]","[""folded"", ""inroom"", ""nextto"", ""ontop""]",python /home/anuriha/BEHAVIOR-1K/OmniGibson/omnigibson/learning/eval.py log_path=./logs/stock_a_bar_cart_eval policy=websocket task.name=stock_a_bar_cart task.activity_definition_id=0 eval_instance_ids='[0]' model.host=localhost
stock_grocery_shelves,0,[0],stock_grocery_shelves-0,omnigibson,/home/anuriha/BEHAVIOR-1K/bddl3/bddl/activity_definitions/stock_grocery_shelves/problem0.bddl,R1Pro,--robot-type,25,"[""agent.n.01"", ""bottle__of__cooking_oil.n.01"", ""bottle__of__soda.n.01"", ""can__of__cat_food.n.01"", ""carton.n.02"", ""cigarette.n.01"", ""floor.n.01"", ""grocery_shelf.n.01"", ""pack__of__bread.n.01"", ""pack__of__chocolate_bar.n.01"", ""toilet_tissue.n.01"", ""water_bottle.n.01""]","[""grocery_store""]","[""inroom"", ""inside"", ""ontop""]",python /home/anuriha/BEHAVIOR-1K/OmniGibson/omnigibson/learning/eval.py log_path=./logs/stock_grocery_shelves_eval policy=websocket task.name=stock_grocery_shelves task.activity_definition_id=0 eval_instance_ids='[0]' model.host=localhost
store_a_fur_coat,0,[0],store_a_fur_coat-0,omnigibson,/home/anuriha/BEHAVIOR-1K/bddl3/bddl/activity_definitions/store_a_fur_coat/problem0.bddl,R1Pro,--robot-type,6,"[""agent.n.01"", ""bed.n.01"", ""floor.n.01"", ""fur_coat.n.01"", ""hanger.n.02"", ""wardrobe.n.01""]","[""bedroom"", ""closet""]","[""attached"", ""draped"", ""inroom"", ""ontop""]",python /home/anuriha/BEHAVIOR-1K/OmniGibson/omnigibson/learning/eval.py log_path=./logs/store_a_fur_coat_eval policy=websocket task.name=store_a_fur_coat task.activity_definition_id=0 eval_instance_ids='[0]' model.host=localhost
store_a_kayak,0,[0],store_a_kayak-0,omnigibson,/home/anuriha/BEHAVIOR-1K/bddl3/bddl/activity_definitions/store_a_kayak/problem0.bddl,R1Pro,--robot-type,7,"[""agent.n.01"", ""bath_towel.n.01"", ""floor.n.01"", ""kayak.n.01"", ""kayak_rack.n.01"", ""wall_nail.n.01"", ""water.n.06""]","[""garage""]","[""attached"", ""covered"", ""inroom"", ""ontop""]",python /home/anuriha/BEHAVIOR-1K/OmniGibson/omnigibson/learning/eval.py log_path=./logs/store_a_kayak_eval policy=websocket task.name=store_a_kayak task.activity_definition_id=0 eval_instance_ids='[0]' model.host=localhost
store_a_quilt,0,[0],store_a_quilt-0,omnigibson,/home/anuriha/BEHAVIOR-1K/bddl3/bddl/activity_definitions/store_a_quilt/problem0.bddl,R1Pro,--robot-type,5,"[""agent.n.01"", ""floor.n.01"", ""quilt.n.01"", ""wardrobe.n.01"", ""wicker_basket.n.01""]","[""closet""]","[""folded"", ""inroom"", ""inside"", ""ontop""]",python /home/anuriha/BEHAVIOR-1K/OmniGibson/omnigibson/learning/eval.py log_path=./logs/store_a_quilt_eval policy=websocket task.name=store_a_quilt task.activity_definition_id=0 eval_instance_ids='[0]' model.host=localhost
store_an_uncooked_turkey,0,[0],store_an_uncooked_turkey-0,omnigibson,/home/anuriha/BEHAVIOR-1K/bddl3/bddl/activity_definitions/store_an_uncooked_turkey/problem0.bddl,R1Pro,--robot-type,6,"[""agent.n.01"", ""cookie_sheet.n.01"", ""countertop.n.01"", ""electric_refrigerator.n.01"", ""floor.n.01"", ""turkey.n.04""]","[""kitchen""]","[""inroom"", ""inside"", ""ontop""]",python /home/anuriha/BEHAVIOR-1K/OmniGibson/omnigibson/learning/eval.py log_path=./logs/store_an_uncooked_turkey_eval policy=websocket task.name=store_an_uncooked_turkey task.activity_definition_id=0 eval_instance_ids='[0]' model.host=localhost
store_baby_clothes,0,[0],store_baby_clothes-0,omnigibson,/home/anuriha/BEHAVIOR-1K/bddl3/bddl/activity_definitions/store_baby_clothes/problem0.bddl,R1Pro,--robot-type,11,"[""agent.n.01"", ""baby_shoe.n.01"", ""bath_towel.n.01"", ""bed.n.01"", ""bookcase.n.01"", ""diaper.n.01"", ""floor.n.01"", ""sock.n.01""]","[""childs_room""]","[""folded"", ""inroom"", ""inside"", ""nextto"", ""ontop"", ""touching""]",python /home/anuriha/BEHAVIOR-1K/OmniGibson/omnigibson/learning/eval.py log_path=./logs/store_baby_clothes_eval policy=websocket task.name=store_baby_clothes task.activity_definition_id=0 eval_instance_ids='[0]' model.host=localhost
store_baking_soda,0,[0],store_baking_soda-0,omnigibson,/home/anuriha/BEHAVIOR-1K/bddl3/bddl/activity_definitions/store_baking_soda/problem0.bddl,R1Pro,--robot-type,6,"[""agent.n.01"", ""box__of__baking_soda.n.01"", ""cabinet.n.01"", ""countertop.n.01"", ""floor.n.01""]","[""kitchen""]","[""inroom"", ""inside"", ""nextto"", ""ontop""]",python /home/anuriha/BEHAVIOR-1K/OmniGibson/omnigibson/learning/eval.py log_path=./logs/store_baking_soda_eval policy=websocket task.name=store_baking_soda task.activity_definition_id=0 eval_instance_ids='[0]' model.host=localhost
store_batteries,0,[0],store_batteries-0,omnigibson,/home/anuriha/BEHAVIOR-1K/bddl3/bddl/activity_definitions/store_batteries/problem0.bddl,R1Pro,--robot-type,6,"[""agent.n.01"", ""battery.n.02"", ""cabinet.n.01"", ""floor.n.01"", ""shelf.n.01""]","[""bathroom"", ""living_room""]","[""inroom"", ""inside"", ""ontop""]",python /home/anuriha/BEHAVIOR-1K/OmniGibson/omnigibson/learning/eval.py log_path=./logs/store_batteries_eval policy=websocket task.name=store_batteries task.activity_definition_id=0 eval_instance_ids='[0]' model.host=localhost
store_beer,0,[0],store_beer-0,omnigibson,/home/anuriha/BEHAVIOR-1K/bddl3/bddl/activity_definitions/store_beer/problem0.bddl,R1Pro,--robot-type,8,"[""agent.n.01"", ""beer_bottle.n.01"", ""countertop.n.01"", ""electric_refrigerator.n.01"", ""floor.n.01""]","[""kitchen""]","[""inroom"", ""inside"", ""ontop""]",python /home/anuriha/BEHAVIOR-1K/OmniGibson/omnigibson/learning/eval.py log_path=./logs/store_beer_eval policy=websocket task.name=store_beer task.activity_definition_id=0 eval_instance_ids='[0]' model.host=localhost
store_bobby_pins,0,[0],store_bobby_pins-0,omnigibson,/home/anuriha/BEHAVIOR-1K/bddl3/bddl/activity_definitions/store_bobby_pins/problem0.bddl,R1Pro,--robot-type,7,"[""agent.n.01"", ""bobby_pin.n.01"", ""bookcase.n.01"", ""floor.n.01"", ""pencil_box.n.01""]","[""bedroom""]","[""inroom"", ""inside"", ""ontop""]",python /home/anuriha/BEHAVIOR-1K/OmniGibson/omnigibson/learning/eval.py log_path=./logs/store_bobby_pins_eval policy=websocket task.name=store_bobby_pins task.activity_definition_id=0 eval_instance_ids='[0]' model.host=localhost
store_brownies,0,[0],store_brownies-0,omnigibson,/home/anuriha/BEHAVIOR-1K/bddl3/bddl/activity_definitions/store_brownies/problem0.bddl,R1Pro,--robot-type,11,"[""agent.n.01"", ""brownie.n.03"", ""countertop.n.01"", ""electric_refrigerator.n.01"", ""floor.n.01"", ""tray.n.01"", ""tupperware.n.01""]","[""kitchen""]","[""inroom"", ""inside"", ""ontop""]",python /home/anuriha/BEHAVIOR-1K/OmniGibson/omnigibson/learning/eval.py log_path=./logs/store_brownies_eval policy=websocket task.name=store_brownies task.activity_definition_id=0 eval_instance_ids='[0]' model.host=localhost
store_christmas_lights,0,[0],store_christmas_lights-0,omnigibson,/home/anuriha/BEHAVIOR-1K/bddl3/bddl/activity_definitions/store_christmas_lights/problem0.bddl,R1Pro,--robot-type,7,"[""agent.n.01"", ""floor.n.01"", ""icicle_lights.n.01"", ""packing_box.n.02"", ""wall_nail.n.01""]","[""garage""]","[""attached"", ""inroom"", ""inside"", ""ontop""]",python /home/anuriha/BEHAVIOR-1K/OmniGibson/omnigibson/learning/eval.py log_path=./logs/store_christmas_lights_eval policy=websocket task.name=store_christmas_lights task.activity_definition_id=0 eval_instance_ids='[0]' model.host=localhost
store_coffee_beans_or_ground_coffee,0,[0],store_coffee_beans_or_ground_coffee-0,omnigibson,/home/anuriha/BEHAVIOR-1K/bddl3/bddl/activity_definitions/store_coffee_beans_or_ground_coffee/problem0.bddl,R1Pro,--robot-type,8,"[""agent.n.01"", ""cabinet.n.01"", ""coffee_bean.n.01"", ""countertop.n.01"", ""floor.n.01"", ""mason_jar.n.01"", ""sack.n.01""]","[""kitchen""]","[""filled"", ""inroom"", ""inside"", ""ontop""]",python /home/anuriha/BEHAVIOR-1K/OmniGibson/omnigibson/learning/eval.py log_path=./logs/store_coffee_beans_or_ground_coffee_eval policy=websocket task.name=store_coffee_beans_or_ground_coffee task.activity_definition_id=0 eval_instance_ids='[0]' model.host=localhost
store_daffodil_bulbs,0,[0],store_daffodil_bulbs-0,omnigibson,/home/anuriha/BEHAVIOR-1K/bddl3/bddl/activity_definitions/store_daffodil_bulbs/problem0.bddl,R1Pro,--robot-type,8,"[""agent.n.01"", ""cabinet.n.01"", ""countertop.n.01"", ""daffodil_bulb.n.01"", ""floor.n.01"", ""mixing_bowl.n.01""]","[""kitchen""]","[""inroom"", ""inside"", ""ontop""]",python /home/anuriha/BEHAVIOR-1K/OmniGibson/omnigibson/learning/eval.py log_path=./logs/store_daffodil_bulbs_eval policy=websocket task.name=store_daffodil_bulbs task.activity_definition_id=0 eval_instance_ids='[0]' model.host=localhost
store_feta_cheese,0,[0],store_feta_cheese-0,omnigibson,/home/anuriha/BEHAVIOR-1K/bddl3/bddl/activity_definitions/store_feta_cheese/problem0.bddl,R1Pro,--robot-type,7,"[""agent.n.01"", ""countertop.n.01"", ""electric_refrigerator.n.01"", ""feta.n.01"", ""floor.n.01"", ""plastic_wrap.n.01"", ""tupperware.n.01""]","[""kitchen""]","[""inroom"", ""inside"", ""ontop"", ""overlaid""]",python /home/anuriha/BEHAVIOR-1K/OmniGibson/omnigibson/learning/eval.py log_path=./logs/store_feta_cheese_eval policy=websocket task.name=store_feta_cheese task.activity_definition_id=0 eval_instance_ids='[0]' model.host=localhost
store_firewood,0,[0],store_firewood-0,omnigibson,/home/anuriha/BEHAVIOR-1K/bddl3/bddl/activity_definitions/store_firewood/problem0.bddl,R1Pro,--robot-type,6,"[""agent.n.01"", ""firewood.n.01"", ""floor.n.01"", ""table.n.02""]","[""living_room""]","[""inroom"", ""ontop""]",python /home/anuriha/BEHAVIOR-1K/OmniGibson/omnigibson/learning/eval.py log_path=./logs/store_firewood_eval policy=websocket task.name=store_firewood task.activity_definition_id=0 eval_instance_ids='[0]' model.host=localhost
store_firewood_outdoors,0,[0],store_firewood_outdoors-0,omnigibson,/home/anuriha/BEHAVIOR-1K/bddl3/bddl/activity_definitions/store_firewood_outdoors/problem0.bddl,R1Pro,--robot-type,9,"[""agent.n.01"", ""firewood.n.01"", ""floor.n.01"", ""table.n.02""]","[""garden""]","[""inroom"", ""ontop""]",python /home/anuriha/BEHAVIOR-1K/OmniGibson/omnigibson/learning/eval.py log_path=./logs/store_firewood_outdoors_eval policy=websocket task.name=store_firewood_outdoors task.activity_definition_id=0 eval_instance_ids='[0]' model.host=localhost
store_honey,0,[0],store_honey-0,omnigibson,/home/anuriha/BEHAVIOR-1K/bddl3/bddl/activity_definitions/store_honey/problem0.bddl,R1Pro,--robot-type,5,"[""agent.n.01"", ""cabinet.n.01"", ""countertop.n.01"", ""floor.n.01"", ""jar__of__honey.n.01""]","[""kitchen""]","[""inroom"", ""inside"", ""ontop""]",python /home/anuriha/BEHAVIOR-1K/OmniGibson/omnigibson/learning/eval.py log_path=./logs/store_honey_eval policy=websocket task.name=store_honey task.activity_definition_id=0 eval_instance_ids='[0]' model.host=localhost
store_loose_leaf_tea,0,[0],store_loose_leaf_tea-0,omnigibson,/home/anuriha/BEHAVIOR-1K/bddl3/bddl/activity_definitions/store_loose_leaf_tea/problem0.bddl,R1Pro,--robot-type,7,"[""agent.n.01"", ""cabinet.n.01"", ""countertop.n.01"", ""floor.n.01"", ""green_tea.n.01"", ""mason_jar.n.01"", ""sack.n.01""]","[""kitchen""]","[""filled"", ""inroom"", ""inside"", ""ontop""]",python /home/anuriha/BEHAVIOR-1K/OmniGibson/omnigibson/learning/eval.py log_path=./logs/store_loose_leaf_tea_eval policy=websocket task.name=store_loose_leaf_tea task.activity_definition_id=0 eval_instance_ids='[0]' model.host=localhost
store_nuts,0,[0],store_nuts-0,omnigibson,/home/anuriha/BEHAVIOR-1K/bddl3/bddl/activity_definitions/store_nuts/problem0.bddl,R1Pro,--robot-type,8,"[""agent.n.01"", ""cabinet.n.01"", ""countertop.n.01"", ""floor.n.01"", ""mason_jar.n.01"", ""walnut.n.01""]","[""kitchen""]","[""inroom"", ""inside"", ""ontop""]",python /home/anuriha/BEHAVIOR-1K/OmniGibson/omnigibson/learning/eval.py log_path=./logs/store_nuts_eval policy=websocket task.name=store_nuts task.activity_definition_id=0 eval_instance_ids='[0]' model.host=localhost
store_produce,0,[0],store_produce-0,omnigibson,/home/anuriha/BEHAVIOR-1K/bddl3/bddl/activity_definitions/store_produce/problem0.bddl,R1Pro,--robot-type,8,"[""agent.n.01"", ""electric_refrigerator.n.01"", ""floor.n.01"", ""mango.n.02"", ""pomegranate.n.02"", ""sack.n.01""]","[""kitchen""]","[""inroom"", ""inside"", ""ontop""]",python /home/anuriha/BEHAVIOR-1K/OmniGibson/omnigibson/learning/eval.py log_path=./logs/store_produce_eval policy=websocket task.name=store_produce task.activity_definition_id=0 eval_instance_ids='[0]' model.host=localhost
store_rugs,0,[0],store_rugs-0,omnigibson,/home/anuriha/BEHAVIOR-1K/bddl3/bddl/activity_definitions/store_rugs/problem0.bddl,R1Pro,--robot-type,6,"[""agent.n.01"", ""cabinet.n.01"", ""dust.n.01"", ""floor.n.01"", ""rug.n.01"", ""vacuum.n.04""]","[""utility_room""]","[""covered"", ""inroom"", ""inside"", ""ontop""]",python /home/anuriha/BEHAVIOR-1K/OmniGibson/omnigibson/learning/eval.py log_path=./logs/store_rugs_eval policy=websocket task.name=store_rugs task.activity_definition_id=0 eval_instance_ids='[0]' model.host=localhost
store_silver_coins,0,[0],store_silver_coins-0,omnigibson,/home/anuriha/BEHAVIOR-1K/bddl3/bddl/activity_definitions/store_silver_coins/problem0.bddl,R1Pro,--robot-type,8,"[""agent.n.01"", ""breakfast_table.n.01"", ""cabinet.n.01"", ""cup.n.01"", ""floor.n.01"", ""hand_towel.n.01"", ""silver.n.02""]","[""private_office""]","[""inroom"", ""inside"", ""ontop""]",python /home/anuriha/BEHAVIOR-1K/OmniGibson/omnigibson/learning/eval.py log_path=./logs/store_silver_coins_eval policy=websocket task.name=store_silver_coins task.activity_definition_id=0 eval_instance_ids='[0]' model.host=localhost
store_tulip_bulbs,0,[0],store_tulip_bulbs-0,omnigibson,/home/anuriha/BEHAVIOR-1K/bddl3/bddl/activity_definitions/store_tulip_bulbs/problem0.bddl,R1Pro,--robot-type,7,"[""agent.n.01"", ""countertop.n.01"", ""electric_refrigerator.n.01"", ""floor.n.01"", ""packing_box.n.02"", ""tulip.n.01""]","[""kitchen""]","[""inroom"", ""inside"", ""ontop""]",python /home/anuriha/BEHAVIOR-1K/OmniGibson/omnigibson/learning/eval.py log_path=./logs/store_tulip_bulbs_eval policy=websocket task.name=store_tulip_bulbs task.activity_definition_id=0 eval_instance_ids='[0]' model.host=localhost
store_vintage_linens,0,[0],store_vintage_linens-0,omnigibson,/home/anuriha/BEHAVIOR-1K/bddl3/bddl/activity_definitions/store_vintage_linens/problem0.bddl,R1Pro,--robot-type,5,"[""agent.n.01"", ""doily.n.01"", ""floor.n.01"", ""wardrobe.n.01""]","[""closet""]","[""folded"", ""inroom"", ""ontop"", ""unfolded""]",python /home/anuriha/BEHAVIOR-1K/OmniGibson/omnigibson/learning/eval.py log_path=./logs/store_vintage_linens_eval policy=websocket task.name=store_vintage_linens task.activity_definition_id=0 eval_instance_ids='[0]' model.host=localhost
store_vodka,0,[0],store_vodka-0,omnigibson,/home/anuriha/BEHAVIOR-1K/bddl3/bddl/activity_definitions/store_vodka/problem0.bddl,R1Pro,--robot-type,5,"[""agent.n.01"", ""bottle__of__vodka.n.01"", ""cabinet.n.01"", ""floor.n.01""]","[""kitchen""]","[""inroom"", ""inside"", ""nextto"", ""ontop""]",python /home/anuriha/BEHAVIOR-1K/OmniGibson/omnigibson/learning/eval.py log_path=./logs/store_vodka_eval policy=websocket task.name=store_vodka task.activity_definition_id=0 eval_instance_ids='[0]' model.host=localhost
store_whole_grains,0,[0],store_whole_grains-0,omnigibson,/home/anuriha/BEHAVIOR-1K/bddl3/bddl/activity_definitions/store_whole_grains/problem0.bddl,R1Pro,--robot-type,6,"[""agent.n.01"", ""cabinet.n.01"", ""floor.n.01"", ""mason_jar.n.01"", ""sack.n.01"", ""white_rice.n.01""]","[""kitchen""]","[""contains"", ""filled"", ""inroom"", ""inside"", ""ontop""]",python /home/anuriha/BEHAVIOR-1K/OmniGibson/omnigibson/learning/eval.py log_path=./logs/store_whole_grains_eval policy=websocket task.name=store_whole_grains task.activity_definition_id=0 eval_instance_ids='[0]' model.host=localhost
store_winter_coats,0,[0],store_winter_coats-0,omnigibson,/home/anuriha/BEHAVIOR-1K/bddl3/bddl/activity_definitions/store_winter_coats/problem0.bddl,R1Pro,--robot-type,7,"[""agent.n.01"", ""coat.n.01"", ""floor.n.01"", ""hanger.n.02"", ""wardrobe.n.01""]","[""closet""]","[""attached"", ""draped"", ""inroom"", ""ontop""]",python /home/anuriha/BEHAVIOR-1K/OmniGibson/omnigibson/learning/eval.py log_path=./logs/store_winter_coats_eval policy=websocket task.name=store_winter_coats task.activity_definition_id=0 eval_instance_ids='[0]' model.host=localhost
storing_food,0,[0],storing_food-0,omnigibson,/home/anuriha/BEHAVIOR-1K/bddl3/bddl/activity_definitions/storing_food/problem0.bddl,R1Pro,--robot-type,13,"[""agent.n.01"", ""bag__of__chips.n.01"", ""bottle__of__olive_oil.n.01"", ""box__of__oatmeal.n.01"", ""cabinet.n.01"", ""countertop.n.01"", ""floor.n.01"", ""jar__of__sugar.n.01""]","[""kitchen""]","[""inroom"", ""inside"", ""ontop""]",python /home/anuriha/BEHAVIOR-1K/OmniGibson/omnigibson/learning/eval.py log_path=./logs/storing_food_eval policy=websocket task.name=storing_food task.activity_definition_id=0 eval_instance_ids='[0]' model.host=localhost
stripping_furniture,0,[0],stripping_furniture-0,omnigibson,/home/anuriha/BEHAVIOR-1K/bddl3/bddl/activity_definitions/stripping_furniture/problem0.bddl,R1Pro,--robot-type,10,"[""agent.n.01"", ""bucket.n.01"", ""floor.n.01"", ""house_paint.n.01"", ""newspaper.n.03"", ""scraper.n.01"", ""scrub_brush.n.01"", ""solvent.n.01"", ""solvent__bottle.n.01"", ""table.n.02""]","[""garage""]","[""covered"", ""filled"", ""inroom"", ""ontop""]",python /home/anuriha/BEHAVIOR-1K/OmniGibson/omnigibson/learning/eval.py log_path=./logs/stripping_furniture_eval policy=websocket task.name=stripping_furniture task.activity_definition_id=0 eval_instance_ids='[0]' model.host=localhost
sweeping_floors,0,[0],sweeping_floors-0,omnigibson,/home/anuriha/BEHAVIOR-1K/bddl3/bddl/activity_definitions/sweeping_floors/problem0.bddl,R1Pro,--robot-type,6,"[""agent.n.01"", ""broom.n.01"", ""dust.n.01"", ""dustpan.n.02"", ""floor.n.01"", ""rug.n.01""]","[""bathroom""]","[""covered"", ""inroom"", ""ontop""]",python /home/anuriha/BEHAVIOR-1K/OmniGibson/omnigibson/learning/eval.py log_path=./logs/sweeping_floors_eval policy=websocket task.name=sweeping_floors task.activity_definition_id=0 eval_instance_ids='[0]' model.host=localhost
sweeping_garage,0,[0],sweeping_garage-0,omnigibson,/home/anuriha/BEHAVIOR-1K/bddl3/bddl/activity_definitions/sweeping_garage/problem0.bddl,R1Pro,--robot-type,7,"[""agent.n.01"", ""broom.n.01"", ""bucket.n.01"", ""dust.n.01"", ""floor.n.01"", ""pallet.n.02"", ""sand.n.04""]","[""garage""]","[""covered"", ""inroom"", ""ontop""]",python /home/anuriha/BEHAVIOR-1K/OmniGibson/omnigibson/learning/eval.py log_path=./logs/sweeping_garage_eval policy=websocket task.name=sweeping_garage task.activity_definition_id=0 eval_instance_ids='[0]' model.host=localhost
sweeping_outside_entrance,0,[0],sweeping_outside_entrance-0,omnigibson,/home/anuriha/BEHAVIOR-1K/bddl3/bddl/activity_definitions/sweeping_outside_entrance/problem0.bddl,R1Pro,--robot-type,10,"[""agent.n.01"", ""ashcan.n.01"", ""broom.n.01"", ""driveway.n.01"", ""dust.n.01"", ""entire_leaf.n.01"", ""floor.n.01"", ""wreath.n.01""]","[""garden""]","[""covered"", ""inroom"", ""inside"", ""ontop""]",python /home/anuriha/BEHAVIOR-1K/OmniGibson/omnigibson/learning/eval.py log_path=./logs/sweeping_outside_entrance_eval policy=websocket task.name=sweeping_outside_entrance task.activity_definition_id=0 eval_instance_ids='[0]' model.host=localhost
sweeping_patio,0,[0],sweeping_patio-0,omnigibson,/home/anuriha/BEHAVIOR-1K/bddl3/bddl/activity_definitions/sweeping_patio/problem0.bddl,R1Pro,--robot-type,12,"[""agent.n.01"", ""broom.n.01"", ""driveway.n.01"", ""entire_leaf.n.01"", ""floor.n.01"", ""lawn.n.01"", ""sack.n.01"", ""sand.n.04""]","[""garden""]","[""covered"", ""inroom"", ""inside"", ""ontop""]",python /home/anuriha/BEHAVIOR-1K/OmniGibson/omnigibson/learning/eval.py log_path=./logs/sweeping_patio_eval policy=websocket task.name=sweeping_patio task.activity_definition_id=0 eval_instance_ids='[0]' model.host=localhost
sweeping_porch,0,[0],sweeping_porch-0,omnigibson,/home/anuriha/BEHAVIOR-1K/bddl3/bddl/activity_definitions/sweeping_porch/problem0.bddl,R1Pro,--robot-type,9,"[""agent.n.01"", ""ashcan.n.01"", ""broom.n.01"", ""bucket.n.01"", ""bunchgrass.n.01"", ""driveway.n.01"", ""floor.n.01"", ""sand.n.04""]","[""garden""]","[""covered"", ""inroom"", ""ontop""]",python /home/anuriha/BEHAVIOR-1K/OmniGibson/omnigibson/learning/eval.py log_path=./logs/sweeping_porch_eval policy=websocket task.name=sweeping_porch task.activity_definition_id=0 eval_instance_ids='[0]' model.host=localhost
sweeping_steps,0,[0],sweeping_steps-0,omnigibson,/home/anuriha/BEHAVIOR-1K/bddl3/bddl/activity_definitions/sweeping_steps/problem0.bddl,R1Pro,--robot-type,6,"[""agent.n.01"", ""broom.n.01"", ""debris.n.01"", ""floor.n.01"", ""lint.n.01"", ""rug.n.01""]","[""staircase""]","[""covered"", ""inroom"", ""ontop""]",python /home/anuriha/BEHAVIOR-1K/OmniGibson/omnigibson/learning/eval.py log_path=./logs/sweeping_steps_eval policy=websocket task.name=sweeping_steps task.activity_definition_id=0 eval_instance_ids='[0]' model.host=localhost
taking_clothes_off_of_the_drying_rack,0,[0],taking_clothes_off_of_the_drying_rack-0,omnigibson,/home/anuriha/BEHAVIOR-1K/bddl3/bddl/activity_definitions/taking_clothes_off_of_the_drying_rack/problem0.bddl,R1Pro,--robot-type,6,"[""agent.n.01"", ""blouse.n.01"", ""coatrack.n.01"", ""floor.n.01"", ""hamper.n.02"", ""tank_top.n.01""]","[""living_room""]","[""draped"", ""inroom"", ""inside"", ""ontop""]",python /home/anuriha/BEHAVIOR-1K/OmniGibson/omnigibson/learning/eval.py log_path=./logs/taking_clothes_off_of_the_drying_rack_eval policy=websocket task.name=taking_clothes_off_of_the_drying_rack task.activity_definition_id=0 eval_instance_ids='[0]' model.host=localhost
taking_clothes_off_the_line,0,[0],taking_clothes_off_the_line-0,omnigibson,/home/anuriha/BEHAVIOR-1K/bddl3/bddl/activity_definitions/taking_clothes_off_the_line/problem0.bddl,R1Pro,--robot-type,9,"[""agent.n.01"", ""blouse.n.01"", ""clothesline.n.01"", ""floor.n.01"", ""hamper.n.02"", ""tank_top.n.01"", ""trouser.n.01"", ""undergarment.n.01""]","[""garden""]","[""draped"", ""inroom"", ""inside"", ""ontop""]",python /home/anuriha/BEHAVIOR-1K/OmniGibson/omnigibson/learning/eval.py log_path=./logs/taking_clothes_off_the_line_eval policy=websocket task.name=taking_clothes_off_the_line task.activity_definition_id=0 eval_instance_ids='[0]' model.host=localhost
taking_clothes_out_of_the_dryer,0,[0],taking_clothes_out_of_the_dryer-0,omnigibson,/home/anuriha/BEHAVIOR-1K/bddl3/bddl/activity_definitions/taking_clothes_out_of_the_dryer/problem0.bddl,R1Pro,--robot-type,12,"[""agent.n.01"", ""bath_towel.n.01"", ""brassiere.n.01"", ""clothes_dryer.n.01"", ""floor.n.01"", ""hamper.n.02"", ""sheet.n.03"", ""sweater.n.01"", ""tights.n.01""]","[""utility_room""]","[""inroom"", ""inside"", ""ontop""]",python /home/anuriha/BEHAVIOR-1K/OmniGibson/omnigibson/learning/eval.py log_path=./logs/taking_clothes_out_of_the_dryer_eval policy=websocket task.name=taking_clothes_out_of_the_dryer task.activity_definition_id=0 eval_instance_ids='[0]' model.host=localhost
taking_clothes_out_of_washer,0,[0],taking_clothes_out_of_washer-0,omnigibson,/home/anuriha/BEHAVIOR-1K/bddl3/bddl/activity_definitions/taking_clothes_out_of_washer/problem0.bddl,R1Pro,--robot-type,11,"[""agent.n.01"", ""clothes_dryer.n.01"", ""floor.n.01"", ""jersey.n.03"", ""sock.n.01"", ""undergarment.n.01"", ""washer.n.03"", ""water.n.06""]","[""utility_room""]","[""inroom"", ""inside"", ""ontop"", ""saturated""]",python /home/anuriha/BEHAVIOR-1K/OmniGibson/omnigibson/learning/eval.py log_path=./logs/taking_clothes_out_of_washer_eval policy=websocket task.name=taking_clothes_out_of_washer task.activity_definition_id=0 eval_instance_ids='[0]' model.host=localhost
taking_down_curtains,0,[0],taking_down_curtains-0,omnigibson,/home/anuriha/BEHAVIOR-1K/bddl3/bddl/activity_definitions/taking_down_curtains/problem0.bddl,R1Pro,--robot-type,5,"[""agent.n.01"", ""curtain.n.01"", ""curtain_rod.n.01"", ""floor.n.01"", ""wall_nail.n.01""]","[""bedroom""]","[""attached"", ""draped"", ""inroom"", ""ontop""]",python /home/anuriha/BEHAVIOR-1K/OmniGibson/omnigibson/learning/eval.py log_path=./logs/taking_down_curtains_eval policy=websocket task.name=taking_down_curtains task.activity_definition_id=0 eval_instance_ids='[0]' model.host=localhost
taking_fish_out_of_freezer,0,[0],taking_fish_out_of_freezer-0,omnigibson,/home/anuriha/BEHAVIOR-1K/bddl3/bddl/activity_definitions/taking_fish_out_of_freezer/problem0.bddl,R1Pro,--robot-type,7,"[""agent.n.01"", ""electric_refrigerator.n.01"", ""floor.n.01"", ""salmon.n.03"", ""shopping_cart.n.01""]","[""grocery_store""]","[""frozen"", ""inroom"", ""inside"", ""ontop""]",python /home/anuriha/BEHAVIOR-1K/OmniGibson/omnigibson/learning/eval.py log_path=./logs/taking_fish_out_of_freezer_eval policy=websocket task.name=taking_fish_out_of_freezer task.activity_definition_id=0 eval_instance_ids='[0]' model.host=localhost
taking_trash_outside,0,[0],taking_trash_outside-0,omnigibson,/home/anuriha/BEHAVIOR-1K/bddl3/bddl/activity_definitions/taking_trash_outside/problem0.bddl,R1Pro,--robot-type,5,"[""agent.n.01"", ""bag__of__rubbish.n.01"", ""floor.n.01""]","[""garden"", ""living_room""]","[""inroom"", ""ontop""]",python /home/anuriha/BEHAVIOR-1K/OmniGibson/omnigibson/learning/eval.py log_path=./logs/taking_trash_outside_eval policy=websocket task.name=taking_trash_outside task.activity_definition_id=0 eval_instance_ids='[0]' model.host=localhost
thaw_frozen_fish,0,[0],thaw_frozen_fish-0,omnigibson,/home/anuriha/BEHAVIOR-1K/bddl3/bddl/activity_definitions/thaw_frozen_fish/problem0.bddl,R1Pro,--robot-type,8,"[""agent.n.01"", ""countertop.n.01"", ""crayfish.n.02"", ""electric_refrigerator.n.01"", ""floor.n.01"", ""microwave.n.02"", ""plate.n.04""]","[""kitchen""]","[""frozen"", ""inroom"", ""inside"", ""ontop""]",python /home/anuriha/BEHAVIOR-1K/OmniGibson/omnigibson/learning/eval.py log_path=./logs/thaw_frozen_fish_eval policy=websocket task.name=thaw_frozen_fish task.activity_definition_id=0 eval_instance_ids='[0]' model.host=localhost
thawing_frozen_food,0,[0],thawing_frozen_food-0,omnigibson,/home/anuriha/BEHAVIOR-1K/bddl3/bddl/activity_definitions/thawing_frozen_food/problem0.bddl,R1Pro,--robot-type,7,"[""agent.n.01"", ""date.n.08"", ""electric_refrigerator.n.01"", ""floor.n.01"", ""lobster.n.01"", ""olive.n.04""]","[""kitchen""]","[""frozen"", ""inroom"", ""inside"", ""ontop""]",python /home/anuriha/BEHAVIOR-1K/OmniGibson/omnigibson/learning/eval.py log_path=./logs/thawing_frozen_food_eval policy=websocket task.name=thawing_frozen_food task.activity_definition_id=0 eval_instance_ids='[0]' model.host=localhost
throwing_out_used_napkins,0,[0],throwing_out_used_napkins-0,omnigibson,/home/anuriha/BEHAVIOR-1K/bddl3/bddl/activity_definitions/throwing_out_used_napkins/problem0.bddl,R1Pro,--robot-type,7,"[""agent.n.01"", ""ashcan.n.01"", ""countertop.n.01"", ""floor.n.01"", ""napkin.n.01"", ""stain.n.01""]","[""kitchen""]","[""covered"", ""inroom"", ""inside"", ""ontop""]",python /home/anuriha/BEHAVIOR-1K/OmniGibson/omnigibson/learning/eval.py log_path=./logs/throwing_out_used_napkins_eval policy=websocket task.name=throwing_out_used_napkins task.activity_definition_id=0 eval_instance_ids='[0]' model.host=localhost
tidy_your_garden,0,[0],tidy_your_garden-0,omnigibson,/home/anuriha/BEHAVIOR-1K/bddl3/bddl/activity_definitions/tidy_your_garden/problem0.bddl,R1Pro,--robot-type,13,"[""agent.n.01"", ""ashcan.n.01"", ""bench.n.01"", ""bunchgrass.n.01"", ""dixie_cup.n.01"", ""floor.n.01"", ""lawn.n.01"", ""leaf_blower.n.01"", ""rag.n.01"", ""rail_fence.n.01"", ""tree.n.01""]","[""garden""]","[""covered"", ""inroom"", ""inside"", ""ontop""]",python /home/anuriha/BEHAVIOR-1K/OmniGibson/omnigibson/learning/eval.py log_path=./logs/tidy_your_garden_eval policy=websocket task.name=tidy_your_garden task.activity_definition_id=0 eval_instance_ids='[0]' model.host=localhost
tidying_bathroom,0,[0],tidying_bathroom-0,omnigibson,/home/anuriha/BEHAVIOR-1K/bddl3/bddl/activity_definitions/tidying_bathroom/problem0.bddl,R1Pro,--robot-type,18,"[""agent.n.01"", ""bottle__of__shampoo.n.01"", ""deodorant__atomizer.n.01"", ""floor.n.01"", ""hamper.n.02"", ""hand_towel.n.01"", ""legging.n.01"", ""packing_box.n.02"", ""short_pants.n.01"", ""tank_top.n.01"", ""toilet.n.02"", ""toilet_tissue.n.01"", ""toothbrush.n.01"", ""undergarment.n.01"", ""wicker_basket.n.01""]","[""bathroom""]","[""folded"", ""inroom"", ""inside"", ""nextto"", ""ontop"", ""unfolded""]",python /home/anuriha/BEHAVIOR-1K/OmniGibson/omnigibson/learning/eval.py log_path=./logs/tidying_bathroom_eval policy=websocket task.name=tidying_bathroom task.activity_definition_id=0 eval_instance_ids='[0]' model.host=localhost
tidying_bedroom,0,[0],tidying_bedroom-0,omnigibson,/home/anuriha/BEHAVIOR-1K/bddl3/bddl/activity_definitions/tidying_bedroom/problem0.bddl,R1Pro,--robot-type,8,"[""agent.n.01"", ""bed.n.01"", ""book.n.02"", ""floor.n.01"", ""sandal.n.01"", ""table.n.02""]","[""bedroom""]","[""inroom"", ""nextto"", ""ontop""]",python /home/anuriha/BEHAVIOR-1K/OmniGibson/omnigibson/learning/eval.py log_path=./logs/tidying_bedroom_eval policy=websocket task.name=tidying_bedroom task.activity_definition_id=0 eval_instance_ids='[0]' model.host=localhost
tidying_living_room,0,[0],tidying_living_room-0,omnigibson,/home/anuriha/BEHAVIOR-1K/bddl3/bddl/activity_definitions/tidying_living_room/problem0.bddl,R1Pro,--robot-type,8,"[""agent.n.01"", ""book.n.02"", ""bookcase.n.01"", ""coffee_table.n.01"", ""floor.n.01"", ""letter.n.01"", ""newspaper.n.03"", ""pot_plant.n.01""]","[""living_room""]","[""inroom"", ""inside"", ""ontop""]",python /home/anuriha/BEHAVIOR-1K/OmniGibson/omnigibson/learning/eval.py log_path=./logs/tidying_living_room_eval policy=websocket task.name=tidying_living_room task.activity_definition_id=0 eval_instance_ids='[0]' model.host=localhost
tidying_up_wardrobe,0,[0],tidying_up_wardrobe-0,omnigibson,/home/anuriha/BEHAVIOR-1K/bddl3/bddl/activity_definitions/tidying_up_wardrobe/problem0.bddl,R1Pro,--robot-type,10,"[""agent.n.01"", ""bed.n.01"", ""belt.n.02"", ""floor.n.01"", ""hanger.n.02"", ""jersey.n.03"", ""undergarment.n.01"", ""wardrobe.n.01""]","[""bedroom"", ""closet""]","[""attached"", ""draped"", ""inroom"", ""inside"", ""ontop""]",python /home/anuriha/BEHAVIOR-1K/OmniGibson/omnigibson/learning/eval.py log_path=./logs/tidying_up_wardrobe_eval policy=websocket task.name=tidying_up_wardrobe task.activity_definition_id=0 eval_instance_ids='[0]' model.host=localhost
toast_buns,0,[0],toast_buns-0,omnigibson,/home/anuriha/BEHAVIOR-1K/bddl3/bddl/activity_definitions/toast_buns/problem0.bddl,R1Pro,--robot-type,8,"[""agent.n.01"", ""bap.n.01"", ""floor.n.01"", ""oven.n.01"", ""toaster.n.02""]","[""kitchen""]","[""cooked"", ""hot"", ""inroom"", ""ontop""]",python /home/anuriha/BEHAVIOR-1K/OmniGibson/omnigibson/learning/eval.py log_path=./logs/toast_buns_eval policy=websocket task.name=toast_buns task.activity_definition_id=0 eval_instance_ids='[0]' model.host=localhost
toast_coconut,0,[0],toast_coconut-0,omnigibson,/home/anuriha/BEHAVIOR-1K/bddl3/bddl/activity_definitions/toast_coconut/problem0.bddl,R1Pro,--robot-type,8,"[""agent.n.01"", ""cabinet.n.01"", ""coconut.n.01"", ""cooked__coconut.n.01"", ""floor.n.01"", ""frying_pan.n.01"", ""mason_jar.n.01"", ""stove.n.01""]","[""kitchen""]","[""contains"", ""filled"", ""future"", ""inroom"", ""inside"", ""ontop"", ""real""]",python /home/anuriha/BEHAVIOR-1K/OmniGibson/omnigibson/learning/eval.py log_path=./logs/toast_coconut_eval policy=websocket task.name=toast_coconut task.activity_definition_id=0 eval_instance_ids='[0]' model.host=localhost
toast_sunflower_seeds,0,[0],toast_sunflower_seeds-0,omnigibson,/home/anuriha/BEHAVIOR-1K/bddl3/bddl/activity_definitions/toast_sunflower_seeds/problem0.bddl,R1Pro,--robot-type,9,"[""agent.n.01"", ""cabinet.n.01"", ""cooked__sunflower_seed.n.01"", ""cookie_sheet.n.01"", ""floor.n.01"", ""oven.n.01"", ""sunflower_seed.n.01"", ""sunflower_seed__bag.n.01"", ""tray.n.01""]","[""kitchen""]","[""filled"", ""future"", ""inroom"", ""inside"", ""ontop"", ""real""]",python /home/anuriha/BEHAVIOR-1K/OmniGibson/omnigibson/learning/eval.py log_path=./logs/toast_sunflower_seeds_eval policy=websocket task.name=toast_sunflower_seeds task.activity_definition_id=0 eval_instance_ids='[0]' model.host=localhost
treating_clothes,0,[0],treating_clothes-0,omnigibson,/home/anuriha/BEHAVIOR-1K/bddl3/bddl/activity_definitions/treating_clothes/problem0.bddl,R1Pro,--robot-type,10,"[""agent.n.01"", ""bed.n.01"", ""detergent.n.02"", ""detergent__bottle.n.01"", ""floor.n.01"", ""iron.n.04"", ""long_trousers.n.01"", ""sink.n.01"", ""water.n.06"", ""wrinkle.n.01""]","[""bathroom"", ""bedroom""]","[""covered"", ""draped"", ""filled"", ""inroom"", ""insource"", ""ontop"", ""saturated""]",python /home/anuriha/BEHAVIOR-1K/OmniGibson/omnigibson/learning/eval.py log_path=./logs/treating_clothes_eval policy=websocket task.name=treating_clothes task.activity_definition_id=0 eval_instance_ids='[0]' model.host=localhost
treating_spot,0,[0],treating_spot-0,omnigibson,/home/anuriha/BEHAVIOR-1K/bddl3/bddl/activity_definitions/treating_spot/problem0.bddl,R1Pro,--robot-type,9,"[""agent.n.01"", ""detergent.n.02"", ""detergent__bottle.n.01"", ""dress.n.01"", ""floor.n.01"", ""sink.n.01"", ""sponge.n.01"", ""stain.n.01"", ""water.n.06""]","[""bathroom""]","[""covered"", ""filled"", ""inroom"", ""insource"", ""ontop"", ""saturated""]",python /home/anuriha/BEHAVIOR-1K/OmniGibson/omnigibson/learning/eval.py log_path=./logs/treating_spot_eval policy=websocket task.name=treating_spot task.activity_definition_id=0 eval_instance_ids='[0]' model.host=localhost
treating_stains,0,[0],treating_stains-0,omnigibson,/home/anuriha/BEHAVIOR-1K/bddl3/bddl/activity_definitions/treating_stains/problem0.bddl,R1Pro,--robot-type,9,"[""agent.n.01"", ""detergent.n.02"", ""detergent__bottle.n.01"", ""floor.n.01"", ""rag.n.01"", ""sink.n.01"", ""stain.n.01"", ""table_linen.n.01"", ""water.n.06""]","[""bathroom""]","[""covered"", ""filled"", ""inroom"", ""insource"", ""ontop""]",python /home/anuriha/BEHAVIOR-1K/OmniGibson/omnigibson/learning/eval.py log_path=./logs/treating_stains_eval policy=websocket task.name=treating_stains task.activity_definition_id=0 eval_instance_ids='[0]' model.host=localhost
turn_off_a_normal_school_calculator,0,[0],turn_off_a_normal_school_calculator-0,omnigibson,/home/anuriha/BEHAVIOR-1K/bddl3/bddl/activity_definitions/turn_off_a_normal_school_calculator/problem0.bddl,R1Pro,--robot-type,4,"[""agent.n.01"", ""calculator.n.02"", ""desk.n.01"", ""floor.n.01""]","[""classroom""]","[""inroom"", ""ontop"", ""toggled_on""]",python /home/anuriha/BEHAVIOR-1K/OmniGibson/omnigibson/learning/eval.py log_path=./logs/turn_off_a_normal_school_calculator_eval policy=websocket task.name=turn_off_a_normal_school_calculator task.activity_definition_id=0 eval_instance_ids='[0]' model.host=localhost
turning_off_the_hot_tub,0,[0],turning_off_the_hot_tub-0,omnigibson,/home/anuriha/BEHAVIOR-1K/bddl3/bddl/activity_definitions/turning_off_the_hot_tub/problem0.bddl,R1Pro,--robot-type,4,"[""agent.n.01"", ""floor.n.01"", ""hot_tub.n.02"", ""water.n.06""]","[""spa""]","[""filled"", ""inroom"", ""ontop"", ""toggled_on""]",python /home/anuriha/BEHAVIOR-1K/OmniGibson/omnigibson/learning/eval.py log_path=./logs/turning_off_the_hot_tub_eval policy=websocket task.name=turning_off_the_hot_tub task.activity_definition_id=0 eval_instance_ids='[0]' model.host=localhost
turning_on_radio,0,[0],turning_on_radio-0,omnigibson,/home/anuriha/BEHAVIOR-1K/bddl3/bddl/activity_definitions/turning_on_radio/problem0.bddl,R1Pro,--robot-type,4,"[""agent.n.01"", ""floor.n.01"", ""radio_receiver.n.01"", ""table.n.02""]","[""living_room""]","[""inroom"", ""ontop"", ""toggled_on""]",python /home/anuriha/BEHAVIOR-1K/OmniGibson/omnigibson/learning/eval.py log_path=./logs/turning_on_radio_eval policy=websocket task.name=turning_on_radio task.activity_definition_id=0 eval_instance_ids='[0]' model.host=localhost
turning_on_the_hot_tub,0,[0],turning_on_the_hot_tub-0,omnigibson,/home/anuriha/BEHAVIOR-1K/bddl3/bddl/activity_definitions/turning_on_the_hot_tub/problem0.bddl,R1Pro,--robot-type,3,"[""agent.n.01"", ""floor.n.01"", ""hot_tub.n.02""]","[""spa""]","[""inroom"", ""ontop"", ""toggled_on""]",python /home/anuriha/BEHAVIOR-1K/OmniGibson/omnigibson/learning/eval.py log_path=./logs/turning_on_the_hot_tub_eval policy=websocket task.name=turning_on_the_hot_tub task.activity_definition_id=0 eval_instance_ids='[0]' model.host=localhost
turning_out_all_lights_before_sleep,0,[0],turning_out_all_lights_before_sleep-0,omnigibson,/home/anuriha/BEHAVIOR-1K/bddl3/bddl/activity_definitions/turning_out_all_lights_before_sleep/problem0.bddl,R1Pro,--robot-type,9,"[""agent.n.01"", ""floor.n.01"", ""switch.n.01""]","[""bathroom"", ""bedroom"", ""childs_room"", ""corridor"", ""dining_room"", ""kitchen"", ""utility_room""]","[""inroom"", ""ontop"", ""toggled_on""]",python /home/anuriha/BEHAVIOR-1K/OmniGibson/omnigibson/learning/eval.py log_path=./logs/turning_out_all_lights_before_sleep_eval policy=websocket task.name=turning_out_all_lights_before_sleep task.activity_definition_id=0 eval_instance_ids='[0]' model.host=localhost
unhook_a_fish,0,[0],unhook_a_fish-0,omnigibson,/home/anuriha/BEHAVIOR-1K/bddl3/bddl/activity_definitions/unhook_a_fish/problem0.bddl,R1Pro,--robot-type,6,"[""agent.n.01"", ""electric_refrigerator.n.01"", ""fishing_rod.n.01"", ""floor.n.01"", ""sink.n.01"", ""trout.n.01""]","[""kitchen""]","[""attached"", ""inroom"", ""inside"", ""ontop""]",python /home/anuriha/BEHAVIOR-1K/OmniGibson/omnigibson/learning/eval.py log_path=./logs/unhook_a_fish_eval policy=websocket task.name=unhook_a_fish task.activity_definition_id=0 eval_instance_ids='[0]' model.host=localhost
unloading_groceries,0,[0],unloading_groceries-0,omnigibson,/home/anuriha/BEHAVIOR-1K/bddl3/bddl/activity_definitions/unloading_groceries/problem0.bddl,R1Pro,--robot-type,9,"[""agent.n.01"", ""box__of__corn_flakes.n.01"", ""cabinet.n.01"", ""cup__of__yogurt.n.01"", ""egg.n.02"", ""electric_refrigerator.n.01"", ""floor.n.01"", ""sack.n.01"", ""sour_bread.n.01""]","[""kitchen""]","[""inroom"", ""inside"", ""ontop"", ""open""]",python /home/anuriha/BEHAVIOR-1K/OmniGibson/omnigibson/learning/eval.py log_path=./logs/unloading_groceries_eval policy=websocket task.name=unloading_groceries task.activity_definition_id=0 eval_instance_ids='[0]' model.host=localhost
unloading_shopping_from_car,0,[0],unloading_shopping_from_car-0,omnigibson,/home/anuriha/BEHAVIOR-1K/bddl3/bddl/activity_definitions/unloading_shopping_from_car/problem0.bddl,R1Pro,--robot-type,8,"[""agent.n.01"", ""cabinet.n.01"", ""car.n.01"", ""driveway.n.01"", ""floor.n.01"", ""grocery.n.02""]","[""garden"", ""kitchen""]","[""inroom"", ""inside"", ""ontop""]",python /home/anuriha/BEHAVIOR-1K/OmniGibson/omnigibson/learning/eval.py log_path=./logs/unloading_shopping_from_car_eval policy=websocket task.name=unloading_shopping_from_car task.activity_definition_id=0 eval_instance_ids='[0]' model.host=localhost
unloading_shopping_items,0,[0],unloading_shopping_items-0,omnigibson,/home/anuriha/BEHAVIOR-1K/bddl3/bddl/activity_definitions/unloading_shopping_items/problem0.bddl,R1Pro,--robot-type,20,"[""agent.n.01"", ""bottle__of__detergent.n.01"", ""bottle__of__lotion.n.01"", ""cabinet.n.01"", ""carton.n.02"", ""console_table.n.01"", ""floor.n.01"", ""globe.n.03"", ""lampshade.n.01"", ""notebook.n.01"", ""painting.n.01"", ""picture_frame.n.01"", ""plastic_art.n.01""]","[""living_room""]","[""inroom"", ""inside"", ""nextto"", ""ontop""]",python /home/anuriha/BEHAVIOR-1K/OmniGibson/omnigibson/learning/eval.py log_path=./logs/unloading_shopping_items_eval policy=websocket task.name=unloading_shopping_items task.activity_definition_id=0 eval_instance_ids='[0]' model.host=localhost
unloading_the_car,0,[0],unloading_the_car-0,omnigibson,/home/anuriha/BEHAVIOR-1K/bddl3/bddl/activity_definitions/unloading_the_car/problem0.bddl,R1Pro,--robot-type,5,"[""agent.n.01"", ""bag.n.06"", ""car.n.01"", ""floor.n.01""]","[""garage""]","[""inroom"", ""inside"", ""ontop""]",python /home/anuriha/BEHAVIOR-1K/OmniGibson/omnigibson/learning/eval.py log_path=./logs/unloading_the_car_eval policy=websocket task.name=unloading_the_car task.activity_definition_id=0 eval_instance_ids='[0]' model.host=localhost
unpacking_car_for_trip,0,[0],unpacking_car_for_trip-0,omnigibson,/home/anuriha/BEHAVIOR-1K/bddl3/bddl/activity_definitions/unpacking_car_for_trip/problem0.bddl,R1Pro,--robot-type,8,"[""agent.n.01"", ""bag.n.06"", ""baseball_glove.n.01"", ""bookcase.n.01"", ""car.n.01"", ""golf_club.n.02"", ""lawn.n.01"", ""packing_box.n.02""]","[""garden"", ""living_room""]","[""inroom"", ""inside"", ""nextto"", ""ontop""]",python /home/anuriha/BEHAVIOR-1K/OmniGibson/omnigibson/learning/eval.py log_path=./logs/unpacking_car_for_trip_eval policy=websocket task.name=unpacking_car_for_trip task.activity_definition_id=0 eval_instance_ids='[0]' model.host=localhost
unpacking_childs_bag,0,[0],unpacking_childs_bag-0,omnigibson,/home/anuriha/BEHAVIOR-1K/bddl3/bddl/activity_definitions/unpacking_childs_bag/problem0.bddl,R1Pro,--robot-type,8,"[""agent.n.01"", ""backpack.n.01"", ""bed.n.01"", ""crayon.n.01"", ""desk.n.01"", ""floor.n.01"", ""pen.n.01"", ""pencil.n.01""]","[""childs_room""]","[""inroom"", ""inside"", ""nextto"", ""ontop"", ""open""]",python /home/anuriha/BEHAVIOR-1K/OmniGibson/omnigibson/learning/eval.py log_path=./logs/unpacking_childs_bag_eval policy=websocket task.name=unpacking_childs_bag task.activity_definition_id=0 eval_instance_ids='[0]' model.host=localhost
unpacking_hobby_equipment,0,[0],unpacking_hobby_equipment-0,omnigibson,/home/anuriha/BEHAVIOR-1K/bddl3/bddl/activity_definitions/unpacking_hobby_equipment/problem0.bddl,R1Pro,--robot-type,12,"[""agent.n.01"", ""battery.n.02"", ""book.n.02"", ""bookcase.n.01"", ""carton.n.02"", ""floor.n.01"", ""laptop.n.01"", ""rug.n.01"", ""sofa.n.01"", ""videodisk.n.01""]","[""living_room""]","[""inroom"", ""inside"", ""ontop"", ""open""]",python /home/anuriha/BEHAVIOR-1K/OmniGibson/omnigibson/learning/eval.py log_path=./logs/unpacking_hobby_equipment_eval policy=websocket task.name=unpacking_hobby_equipment task.activity_definition_id=0 eval_instance_ids='[0]' model.host=localhost
unpacking_moving_van,0,[0],unpacking_moving_van-0,omnigibson,/home/anuriha/BEHAVIOR-1K/bddl3/bddl/activity_definitions/unpacking_moving_van/problem0.bddl,R1Pro,--robot-type,10,"[""agent.n.01"", ""bed.n.01"", ""blanket.n.01"", ""cabinet.n.01"", ""carton.n.02"", ""floor.n.01"", ""pan.n.01"", ""pickup.n.01"", ""saucepot.n.01""]","[""bedroom"", ""garage"", ""garden"", ""kitchen""]","[""folded"", ""inroom"", ""inside"", ""ontop""]",python /home/anuriha/BEHAVIOR-1K/OmniGibson/omnigibson/learning/eval.py log_path=./logs/unpacking_moving_van_eval policy=websocket task.name=unpacking_moving_van task.activity_definition_id=0 eval_instance_ids='[0]' model.host=localhost
unpacking_recreational_vehicle_for_trip,0,[0],unpacking_recreational_vehicle_for_trip-0,omnigibson,/home/anuriha/BEHAVIOR-1K/bddl3/bddl/activity_definitions/unpacking_recreational_vehicle_for_trip/problem0.bddl,R1Pro,--robot-type,5,"[""agent.n.01"", ""bicycle.n.01"", ""bicycle_rack.n.01"", ""floor.n.01"", ""recreational_vehicle.n.01""]","[""garage"", ""garden""]","[""attached"", ""inroom"", ""ontop""]",python /home/anuriha/BEHAVIOR-1K/OmniGibson/omnigibson/learning/eval.py log_path=./logs/unpacking_recreational_vehicle_for_trip_eval policy=websocket task.name=unpacking_recreational_vehicle_for_trip task.activity_definition_id=0 eval_instance_ids='[0]' model.host=localhost
unpacking_suitcase,0,[0],unpacking_suitcase-0,omnigibson,/home/anuriha/BEHAVIOR-1K/bddl3/bddl/activity_definitions/unpacking_suitcase/problem0.bddl,R1Pro,--robot-type,9,"[""agent.n.01"", ""bottle__of__perfume.n.01"", ""carton.n.02"", ""floor.n.01"", ""notebook.n.01"", ""sock.n.01"", ""sofa.n.01"", ""toothbrush.n.01""]","[""living_room""]","[""inroom"", ""inside"", ""ontop""]",python /home/anuriha/BEHAVIOR-1K/OmniGibson/omnigibson/learning/eval.py log_path=./logs/unpacking_suitcase_eval policy=websocket task.name=unpacking_suitcase task.activity_definition_id=0 eval_instance_ids='[0]' model.host=localhost
vacuuming_floors,0,[0],vacuuming_floors-0,omnigibson,/home/anuriha/BEHAVIOR-1K/bddl3/bddl/activity_definitions/vacuuming_floors/problem0.bddl,R1Pro,--robot-type,5,"[""agent.n.01"", ""ashcan.n.01"", ""dust.n.01"", ""floor.n.01"", ""vacuum.n.04""]","[""bedroom""]","[""covered"", ""inroom"", ""ontop""]",python /home/anuriha/BEHAVIOR-1K/OmniGibson/omnigibson/learning/eval.py log_path=./logs/vacuuming_floors_eval policy=websocket task.name=vacuuming_floors task.activity_definition_id=0 eval_instance_ids='[0]' model.host=localhost
vacuuming_vehicles,0,[0],vacuuming_vehicles-0,omnigibson,/home/anuriha/BEHAVIOR-1K/bddl3/bddl/activity_definitions/vacuuming_vehicles/problem0.bddl,R1Pro,--robot-type,5,"[""agent.n.01"", ""car.n.01"", ""dust.n.01"", ""floor.n.01"", ""vacuum.n.04""]","[""garage"", ""garden""]","[""covered"", ""inroom"", ""ontop""]",python /home/anuriha/BEHAVIOR-1K/OmniGibson/omnigibson/learning/eval.py log_path=./logs/vacuuming_vehicles_eval policy=websocket task.name=vacuuming_vehicles task.activity_definition_id=0 eval_instance_ids='[0]' model.host=localhost
warm_tortillas,0,[0],warm_tortillas-0,omnigibson,/home/anuriha/BEHAVIOR-1K/bddl3/bddl/activity_definitions/warm_tortillas/problem0.bddl,R1Pro,--robot-type,12,"[""agent.n.01"", ""aluminum_foil.n.01"", ""cabinet.n.01"", ""floor.n.01"", ""griddle.n.01"", ""plate.n.04"", ""stove.n.01"", ""tortilla.n.01""]","[""kitchen""]","[""hot"", ""inroom"", ""inside"", ""ontop"", ""unfolded""]",python /home/anuriha/BEHAVIOR-1K/OmniGibson/omnigibson/learning/eval.py log_path=./logs/warm_tortillas_eval policy=websocket task.name=warm_tortillas task.activity_definition_id=0 eval_instance_ids='[0]' model.host=localhost
wash_a_backpack,0,[0],wash_a_backpack-0,omnigibson,/home/anuriha/BEHAVIOR-1K/bddl3/bddl/activity_definitions/wash_a_backpack/problem0.bddl,R1Pro,--robot-type,11,"[""adhesive_material.n.01"", ""agent.n.01"", ""backpack.n.01"", ""door.n.01"", ""floor.n.01"", ""liquid_soap.n.01"", ""liquid_soap__bottle.n.01"", ""sink.n.01"", ""sponge.n.01"", ""stain.n.01"", ""water.n.06""]","[""bathroom""]","[""covered"", ""filled"", ""inroom"", ""insource"", ""ontop""]",python /home/anuriha/BEHAVIOR-1K/OmniGibson/omnigibson/learning/eval.py log_path=./logs/wash_a_backpack_eval policy=websocket task.name=wash_a_backpack task.activity_definition_id=0 eval_instance_ids='[0]' model.host=localhost
wash_a_baseball_cap,0,[0],wash_a_baseball_cap-0,omnigibson,/home/anuriha/BEHAVIOR-1K/bddl3/bddl/activity_definitions/wash_a_baseball_cap/problem0.bddl,R1Pro,--robot-type,7,"[""agent.n.01"", ""baseball_cap.n.01"", ""countertop.n.01"", ""dirt.n.02"", ""floor.n.01"", ""washer.n.03""]","[""utility_room""]","[""covered"", ""inroom"", ""ontop""]",python /home/anuriha/BEHAVIOR-1K/OmniGibson/omnigibson/learning/eval.py log_path=./logs/wash_a_baseball_cap_eval policy=websocket task.name=wash_a_baseball_cap task.activity_definition_id=0 eval_instance_ids='[0]' model.host=localhost
wash_a_bra,0,[0],wash_a_bra-0,omnigibson,/home/anuriha/BEHAVIOR-1K/bddl3/bddl/activity_definitions/wash_a_bra/problem0.bddl,R1Pro,--robot-type,9,"[""agent.n.01"", ""brassiere.n.01"", ""clothes_dryer.n.01"", ""detergent.n.02"", ""detergent__bottle.n.01"", ""floor.n.01"", ""hand_towel.n.01"", ""stain.n.01"", ""washer.n.03""]","[""utility_room""]","[""covered"", ""filled"", ""inroom"", ""ontop""]",python /home/anuriha/BEHAVIOR-1K/OmniGibson/omnigibson/learning/eval.py log_path=./logs/wash_a_bra_eval policy=websocket task.name=wash_a_bra task.activity_definition_id=0 eval_instance_ids='[0]' model.host=localhost
wash_a_leotard,0,[0],wash_a_leotard-0,omnigibson,/home/anuriha/BEHAVIOR-1K/bddl3/bddl/activity_definitions/wash_a_leotard/problem0.bddl,R1Pro,--robot-type,15,"[""agent.n.01"", ""bed.n.01"", ""detergent.n.02"", ""detergent__bottle.n.01"", ""floor.n.01"", ""hanger.n.02"", ""leotard.n.01"", ""scrub_brush.n.01"", ""sink.n.01"", ""stain.n.01"", ""tights.n.01"", ""wardrobe.n.01"", ""water.n.06""]","[""bathroom"", ""bedroom"", ""closet""]","[""attached"", ""covered"", ""draped"", ""filled"", ""inroom"", ""insource"", ""ontop""]",python /home/anuriha/BEHAVIOR-1K/OmniGibson/omnigibson/learning/eval.py log_path=./logs/wash_a_leotard_eval policy=websocket task.name=wash_a_leotard task.activity_definition_id=0 eval_instance_ids='[0]' model.host=localhost
wash_a_motorcycle,0,[0],wash_a_motorcycle-0,omnigibson,/home/anuriha/BEHAVIOR-1K/bddl3/bddl/activity_definitions/wash_a_motorcycle/problem0.bddl,R1Pro,--robot-type,16,"[""agent.n.01"", ""bucket.n.01"", ""bunchgrass.n.01"", ""driveway.n.01"", ""floor.n.01"", ""lawn.n.01"", ""liquid_soap.n.01"", ""liquid_soap__bottle.n.01"", ""motorcycle.n.01"", ""mud.n.03"", ""rag.n.01"", ""rail_fence.n.01"", ""scrub_brush.n.01"", ""sponge.n.01"", ""water.n.06"", ""watering_can.n.01""]","[""garden""]","[""covered"", ""filled"", ""inroom"", ""insource"", ""ontop""]",python /home/anuriha/BEHAVIOR-1K/OmniGibson/omnigibson/learning/eval.py log_path=./logs/wash_a_motorcycle_eval policy=websocket task.name=wash_a_motorcycle task.activity_definition_id=0 eval_instance_ids='[0]' model.host=localhost
wash_a_wool_coat,0,[0],wash_a_wool_coat-0,omnigibson,/home/anuriha/BEHAVIOR-1K/bddl3/bddl/activity_definitions/wash_a_wool_coat/problem0.bddl,R1Pro,--robot-type,11,"[""agent.n.01"", ""clothes_dryer.n.01"", ""detergent.n.02"", ""detergent__bottle.n.01"", ""dust.n.01"", ""floor.n.01"", ""hand_towel.n.01"", ""lint.n.01"", ""scrub_brush.n.01"", ""washer.n.03"", ""wool_coat.n.01""]","[""utility_room""]","[""covered"", ""filled"", ""inroom"", ""ontop""]",python /home/anuriha/BEHAVIOR-1K/OmniGibson/omnigibson/learning/eval.py log_path=./logs/wash_a_wool_coat_eval policy=websocket task.name=wash_a_wool_coat task.activity_definition_id=0 eval_instance_ids='[0]' model.host=localhost
wash_an_infant_car_seat,0,[0],wash_an_infant_car_seat-0,omnigibson,/home/anuriha/BEHAVIOR-1K/bddl3/bddl/activity_definitions/wash_an_infant_car_seat/problem0.bddl,R1Pro,--robot-type,14,"[""adhesive_material.n.01"", ""agent.n.01"", ""crumb.n.03"", ""dirt.n.02"", ""dust.n.01"", ""floor.n.01"", ""infant_car_seat.n.01"", ""liquid_soap.n.01"", ""liquid_soap__bottle.n.01"", ""scrub_brush.n.01"", ""sink.n.01"", ""sponge.n.01"", ""water.n.06""]","[""bathroom"", ""garage""]","[""covered"", ""filled"", ""inroom"", ""insource"", ""ontop""]",python /home/anuriha/BEHAVIOR-1K/OmniGibson/omnigibson/learning/eval.py log_path=./logs/wash_an_infant_car_seat_eval policy=websocket task.name=wash_an_infant_car_seat task.activity_definition_id=0 eval_instance_ids='[0]' model.host=localhost
wash_baby_bottles,0,[0],wash_baby_bottles-0,omnigibson,/home/anuriha/BEHAVIOR-1K/bddl3/bddl/activity_definitions/wash_baby_bottles/problem0.bddl,R1Pro,--robot-type,14,"[""agent.n.01"", ""bottle.n.03"", ""countertop.n.01"", ""dishwasher.n.01"", ""disinfectant.n.01"", ""disinfectant__bottle.n.01"", ""floor.n.01"", ""scrub_brush.n.01"", ""sink.n.01"", ""water.n.06""]","[""kitchen""]","[""covered"", ""filled"", ""inroom"", ""inside"", ""insource"", ""ontop""]",python /home/anuriha/BEHAVIOR-1K/OmniGibson/omnigibson/learning/eval.py log_path=./logs/wash_baby_bottles_eval policy=websocket task.name=wash_baby_bottles task.activity_definition_id=0 eval_instance_ids='[0]' model.host=localhost
wash_delicates_in_the_laundry,0,[0],wash_delicates_in_the_laundry-0,omnigibson,/home/anuriha/BEHAVIOR-1K/bddl3/bddl/activity_definitions/wash_delicates_in_the_laundry/problem0.bddl,R1Pro,--robot-type,13,"[""agent.n.01"", ""bed.n.01"", ""clothes_dryer.n.01"", ""detergent.n.02"", ""detergent__bottle.n.01"", ""dust.n.01"", ""floor.n.01"", ""stain.n.01"", ""undergarment.n.01"", ""washer.n.03""]","[""bedroom"", ""utility_room""]","[""covered"", ""filled"", ""inroom"", ""ontop""]",python /home/anuriha/BEHAVIOR-1K/OmniGibson/omnigibson/learning/eval.py log_path=./logs/wash_delicates_in_the_laundry_eval policy=websocket task.name=wash_delicates_in_the_laundry task.activity_definition_id=0 eval_instance_ids='[0]' model.host=localhost
wash_dog_toys,0,[0],wash_dog_toys-0,omnigibson,/home/anuriha/BEHAVIOR-1K/bddl3/bddl/activity_definitions/wash_dog_toys/problem0.bddl,R1Pro,--robot-type,11,"[""agent.n.01"", ""cabinet.n.01"", ""debris.n.01"", ""dirt.n.02"", ""dust.n.01"", ""floor.n.01"", ""softball.n.01"", ""teddy.n.01"", ""tennis_ball.n.01"", ""washer.n.03""]","[""utility_room""]","[""covered"", ""inroom"", ""inside"", ""ontop""]",python /home/anuriha/BEHAVIOR-1K/OmniGibson/omnigibson/learning/eval.py log_path=./logs/wash_dog_toys_eval policy=websocket task.name=wash_dog_toys task.activity_definition_id=0 eval_instance_ids='[0]' model.host=localhost
wash_duvets,0,[0],wash_duvets-0,omnigibson,/home/anuriha/BEHAVIOR-1K/bddl3/bddl/activity_definitions/wash_duvets/problem0.bddl,R1Pro,--robot-type,13,"[""agent.n.01"", ""clothes_dryer.n.01"", ""detergent.n.02"", ""detergent__bottle.n.01"", ""floor.n.01"", ""hamper.n.02"", ""quilt.n.01"", ""stain.n.01"", ""tennis_ball.n.01"", ""washer.n.03"", ""water.n.06""]","[""utility_room""]","[""covered"", ""filled"", ""future"", ""inroom"", ""inside"", ""ontop"", ""saturated""]",python /home/anuriha/BEHAVIOR-1K/OmniGibson/omnigibson/learning/eval.py log_path=./logs/wash_duvets_eval policy=websocket task.name=wash_duvets task.activity_definition_id=0 eval_instance_ids='[0]' model.host=localhost
wash_fruit_and_vegetables,0,[0],wash_fruit_and_vegetables-0,omnigibson,/home/anuriha/BEHAVIOR-1K/bddl3/bddl/activity_definitions/wash_fruit_and_vegetables/problem0.bddl,R1Pro,--robot-type,16,"[""agent.n.01"", ""apple.n.01"", ""broccoli.n.02"", ""cauliflower.n.02"", ""colander.n.01"", ""countertop.n.01"", ""dirt.n.02"", ""dust.n.01"", ""electric_refrigerator.n.01"", ""floor.n.01"", ""grape.n.01"", ""paper_towel.n.01"", ""sink.n.01"", ""water.n.06""]","[""kitchen""]","[""covered"", ""inroom"", ""inside"", ""insource"", ""ontop""]",python /home/anuriha/BEHAVIOR-1K/OmniGibson/omnigibson/learning/eval.py log_path=./logs/wash_fruit_and_vegetables_eval policy=websocket task.name=wash_fruit_and_vegetables task.activity_definition_id=0 eval_instance_ids='[0]' model.host=localhost
wash_goalkeeper_gloves,0,[0],wash_goalkeeper_gloves-0,omnigibson,/home/anuriha/BEHAVIOR-1K/bddl3/bddl/activity_definitions/wash_goalkeeper_gloves/problem0.bddl,R1Pro,--robot-type,11,"[""agent.n.01"", ""bucket.n.01"", ""floor.n.01"", ""goalkeeper_gloves.n.01"", ""hand_towel.n.01"", ""liquid_soap.n.01"", ""liquid_soap__bottle.n.01"", ""mud.n.03"", ""washer.n.03"", ""water.n.06""]","[""utility_room""]","[""covered"", ""filled"", ""inroom"", ""ontop""]",python /home/anuriha/BEHAVIOR-1K/OmniGibson/omnigibson/learning/eval.py log_path=./logs/wash_goalkeeper_gloves_eval policy=websocket task.name=wash_goalkeeper_gloves task.activity_definition_id=0 eval_instance_ids='[0]' model.host=localhost
wash_grapes,0,[0],wash_grapes-0,omnigibson,/home/anuriha/BEHAVIOR-1K/bddl3/bddl/activity_definitions/wash_grapes/problem0.bddl,R1Pro,--robot-type,13,"[""agent.n.01"", ""bowl.n.01"", ""countertop.n.01"", ""dirt.n.02"", ""electric_refrigerator.n.01"", ""floor.n.01"", ""grape.n.01"", ""paper_towel.n.01"", ""sink.n.01"", ""water.n.06""]","[""kitchen""]","[""covered"", ""inroom"", ""inside"", ""insource"", ""ontop""]",python /home/anuriha/BEHAVIOR-1K/OmniGibson/omnigibson/learning/eval.py log_path=./logs/wash_grapes_eval policy=websocket task.name=wash_grapes task.activity_definition_id=0 eval_instance_ids='[0]' model.host=localhost
wash_jeans,0,[0],wash_jeans-0,omnigibson,/home/anuriha/BEHAVIOR-1K/bddl3/bddl/activity_definitions/wash_jeans/problem0.bddl,R1Pro,--robot-type,9,"[""agent.n.01"", ""clothes_dryer.n.01"", ""detergent.n.02"", ""detergent__bottle.n.01"", ""floor.n.01"", ""long_trousers.n.01"", ""stain.n.01"", ""washer.n.03""]","[""utility_room""]","[""covered"", ""filled"", ""inroom"", ""ontop"", ""open""]",python /home/anuriha/BEHAVIOR-1K/OmniGibson/omnigibson/learning/eval.py log_path=./logs/wash_jeans_eval policy=websocket task.name=wash_jeans task.activity_definition_id=0 eval_instance_ids='[0]' model.host=localhost
wash_lettuce,0,[0],wash_lettuce-0,omnigibson,/home/anuriha/BEHAVIOR-1K/bddl3/bddl/activity_definitions/wash_lettuce/problem0.bddl,R1Pro,--robot-type,11,"[""agent.n.01"", ""cabinet.n.01"", ""colander.n.01"", ""countertop.n.01"", ""dirt.n.02"", ""electric_refrigerator.n.01"", ""floor.n.01"", ""lettuce.n.03"", ""paper_towel.n.01"", ""sink.n.01"", ""water.n.06""]","[""kitchen""]","[""covered"", ""inroom"", ""inside"", ""insource"", ""ontop""]",python /home/anuriha/BEHAVIOR-1K/OmniGibson/omnigibson/learning/eval.py log_path=./logs/wash_lettuce_eval policy=websocket task.name=wash_lettuce task.activity_definition_id=0 eval_instance_ids='[0]' model.host=localhost
wash_towels,0,[0],wash_towels-0,omnigibson,/home/anuriha/BEHAVIOR-1K/bddl3/bddl/activity_definitions/wash_towels/problem0.bddl,R1Pro,--robot-type,9,"[""agent.n.01"", ""bath_towel.n.01"", ""clothes_dryer.n.01"", ""detergent.n.02"", ""detergent__bottle.n.01"", ""dirt.n.02"", ""floor.n.01"", ""washer.n.03""]","[""utility_room""]","[""covered"", ""filled"", ""inroom"", ""ontop""]",python /home/anuriha/BEHAVIOR-1K/OmniGibson/omnigibson/learning/eval.py log_path=./logs/wash_towels_eval policy=websocket task.name=wash_towels task.activity_definition_id=0 eval_instance_ids='[0]' model.host=localhost
wash_your_bike,0,[0],wash_your_bike-0,omnigibson,/home/anuriha/BEHAVIOR-1K/bddl3/bddl/activity_definitions/wash_your_bike/problem0.bddl,R1Pro,--robot-type,13,"[""agent.n.01"", ""bicycle.n.01"", ""bucket.n.01"", ""driveway.n.01"", ""dust.n.01"", ""floor.n.01"", ""lawn.n.01"", ""liquid_soap.n.01"", ""rag.n.01"", ""scrub_brush.n.01"", ""stain.n.01"", ""water.n.06"", ""watering_can.n.01""]","[""garden""]","[""covered"", ""filled"", ""inroom"", ""insource"", ""ontop""]",python /home/anuriha/BEHAVIOR-1K/OmniGibson/omnigibson/learning/eval.py log_path=./logs/wash_your_bike_eval policy=websocket task.name=wash_your_bike task.activity_definition_id=0 eval_instance_ids='[0]' model.host=localhost
wash_your_rings,0,[0],wash_your_rings-0,omnigibson,/home/anuriha/BEHAVIOR-1K/bddl3/bddl/activity_definitions/wash_your_rings/problem0.bddl,R1Pro,--robot-type,12,"[""agent.n.01"", ""bowl.n.01"", ""floor.n.01"", ""liquid_soap.n.01"", ""liquid_soap__bottle.n.01"", ""ring.n.08"", ""sink.n.01"", ""stain.n.01"", ""stool.n.01"", ""toothbrush.n.01"", ""water.n.06""]","[""bathroom""]","[""covered"", ""filled"", ""inroom"", ""inside"", ""insource"", ""ontop""]",python /home/anuriha/BEHAVIOR-1K/OmniGibson/omnigibson/learning/eval.py log_path=./logs/wash_your_rings_eval policy=websocket task.name=wash_your_rings task.activity_definition_id=0 eval_instance_ids='[0]' model.host=localhost
washing_bowls,0,[0],washing_bowls-0,omnigibson,/home/anuriha/BEHAVIOR-1K/bddl3/bddl/activity_definitions/washing_bowls/problem0.bddl,R1Pro,--robot-type,13,"[""agent.n.01"", ""bowl.n.01"", ""broth.n.01"", ""countertop.n.01"", ""floor.n.01"", ""liquid_soap.n.01"", ""liquid_soap__bottle.n.01"", ""milk.n.01"", ""sink.n.01"", ""sponge.n.01"", ""stain.n.01"", ""water.n.06""]","[""kitchen""]","[""covered"", ""filled"", ""inroom"", ""insource"", ""ontop""]",python /home/anuriha/BEHAVIOR-1K/OmniGibson/omnigibson/learning/eval.py log_path=./logs/washing_bowls_eval policy=websocket task.name=washing_bowls task.activity_definition_id=0 eval_instance_ids='[0]' model.host=localhost
washing_curtains,0,[0],washing_curtains-0,omnigibson,/home/anuriha/BEHAVIOR-1K/bddl3/bddl/activity_definitions/washing_curtains/problem0.bddl,R1Pro,--robot-type,9,"[""agent.n.01"", ""clothes_dryer.n.01"", ""curtain.n.01"", ""detergent.n.02"", ""detergent__bottle.n.01"", ""floor.n.01"", ""stain.n.01"", ""washer.n.03""]","[""utility_room""]","[""covered"", ""filled"", ""inroom"", ""ontop""]",python /home/anuriha/BEHAVIOR-1K/OmniGibson/omnigibson/learning/eval.py log_path=./logs/washing_curtains_eval policy=websocket task.name=washing_curtains task.activity_definition_id=0 eval_instance_ids='[0]' model.host=localhost
washing_fabrics,0,[0],washing_fabrics-0,omnigibson,/home/anuriha/BEHAVIOR-1K/bddl3/bddl/activity_definitions/washing_fabrics/problem0.bddl,R1Pro,--robot-type,10,"[""agent.n.01"", ""bucket.n.01"", ""detergent.n.02"", ""detergent__bottle.n.01"", ""floor.n.01"", ""garment.n.01"", ""sink.n.01"", ""stain.n.01"", ""water.n.06""]","[""bathroom""]","[""covered"", ""filled"", ""inroom"", ""insource"", ""ontop""]",python /home/anuriha/BEHAVIOR-1K/OmniGibson/omnigibson/learning/eval.py log_path=./logs/washing_fabrics_eval policy=websocket task.name=washing_fabrics task.activity_definition_id=0 eval_instance_ids='[0]' model.host=localhost
washing_floor,0,[0],washing_floor-0,omnigibson,/home/anuriha/BEHAVIOR-1K/bddl3/bddl/activity_definitions/washing_floor/problem0.bddl,R1Pro,--robot-type,11,"[""agent.n.01"", ""bar_soap.n.01"", ""bed.n.01"", ""bucket.n.01"", ""dust.n.01"", ""floor.n.01"", ""shower.n.01"", ""sink.n.01"", ""stain.n.01"", ""toilet.n.02"", ""towel.n.01""]","[""bathroom"", ""bedroom""]","[""covered"", ""inroom"", ""ontop""]",python /home/anuriha/BEHAVIOR-1K/OmniGibson/omnigibson/learning/eval.py log_path=./logs/washing_floor_eval policy=websocket task.name=washing_floor task.activity_definition_id=0 eval_instance_ids='[0]' model.host=localhost
washing_outside_walls,0,[0],washing_outside_walls-0,omnigibson,/home/anuriha/BEHAVIOR-1K/bddl3/bddl/activity_definitions/washing_outside_walls/problem0.bddl,R1Pro,--robot-type,9,"[""agent.n.01"", ""bucket.n.01"", ""floor.n.01"", ""liquid_soap.n.01"", ""liquid_soap__bottle.n.01"", ""stain.n.01"", ""swab.n.02"", ""wall.n.01"", ""water.n.06""]","[""garden""]","[""covered"", ""filled"", ""inroom"", ""ontop""]",python /home/anuriha/BEHAVIOR-1K/OmniGibson/omnigibson/learning/eval.py log_path=./logs/washing_outside_walls_eval policy=websocket task.name=washing_outside_walls task.activity_definition_id=0 eval_instance_ids='[0]' model.host=localhost
washing_outside_windows,0,[0],washing_outside_windows-0,omnigibson,/home/anuriha/BEHAVIOR-1K/bddl3/bddl/activity_definitions/washing_outside_windows/problem0.bddl,R1Pro,--robot-type,11,"[""agent.n.01"", ""bucket.n.01"", ""floor.n.01"", ""sponge.n.01"", ""stain.n.01"", ""vinegar.n.01"", ""vinegar__bottle.n.01"", ""water.n.06"", ""watering_can.n.01"", ""window.n.01""]","[""garden""]","[""covered"", ""filled"", ""inroom"", ""insource"", ""ontop""]",python /home/anuriha/BEHAVIOR-1K/OmniGibson/omnigibson/learning/eval.py log_path=./logs/washing_outside_windows_eval policy=websocket task.name=washing_outside_windows task.activity_definition_id=0 eval_instance_ids='[0]' model.host=localhost
washing_plates,0,[0],washing_plates-0,omnigibson,/home/anuriha/BEHAVIOR-1K/bddl3/bddl/activity_definitions/washing_plates/problem0.bddl,R1Pro,--robot-type,14,"[""agent.n.01"", ""breadcrumb.n.01"", ""countertop.n.01"", ""dishtowel.n.01"", ""floor.n.01"", ""liquid_soap.n.01"", ""liquid_soap__bottle.n.01"", ""pesto.n.01"", ""plate.n.04"", ""scrub_brush.n.01"", ""sink.n.01"", ""water.n.06""]","[""bathroom""]","[""covered"", ""filled"", ""inroom"", ""insource"", ""ontop""]",python /home/anuriha/BEHAVIOR-1K/OmniGibson/omnigibson/learning/eval.py log_path=./logs/washing_plates_eval policy=websocket task.name=washing_plates task.activity_definition_id=0 eval_instance_ids='[0]' model.host=localhost
washing_pots_and_pans,0,[0],washing_pots_and_pans-0,omnigibson,/home/anuriha/BEHAVIOR-1K/bddl3/bddl/activity_definitions/washing_pots_and_pans/problem0.bddl,R1Pro,--robot-type,15,"[""agent.n.01"", ""bar_soap.n.01"", ""cabinet.n.01"", ""countertop.n.01"", ""floor.n.01"", ""kettle.n.01"", ""pan.n.01"", ""scrub_brush.n.01"", ""sink.n.01"", ""stain.n.01"", ""teapot.n.01""]","[""kitchen""]","[""covered"", ""inroom"", ""inside"", ""ontop""]",python /home/anuriha/BEHAVIOR-1K/OmniGibson/omnigibson/learning/eval.py log_path=./logs/washing_pots_and_pans_eval policy=websocket task.name=washing_pots_and_pans task.activity_definition_id=0 eval_instance_ids='[0]' model.host=localhost
washing_utensils,0,[0],washing_utensils-0,omnigibson,/home/anuriha/BEHAVIOR-1K/bddl3/bddl/activity_definitions/washing_utensils/problem0.bddl,R1Pro,--robot-type,15,"[""agent.n.01"", ""cooking_oil.n.01"", ""countertop.n.01"", ""dishwasher.n.01"", ""floor.n.01"", ""liquid_soap.n.01"", ""liquid_soap__bottle.n.01"", ""sink.n.01"", ""soy_sauce.n.01"", ""spatula.n.01"", ""sponge.n.01"", ""teaspoon.n.02"", ""water.n.06""]","[""kitchen""]","[""covered"", ""filled"", ""inroom"", ""insource"", ""ontop""]",python /home/anuriha/BEHAVIOR-1K/OmniGibson/omnigibson/learning/eval.py log_path=./logs/washing_utensils_eval policy=websocket task.name=washing_utensils task.activity_definition_id=0 eval_instance_ids='[0]' model.host=localhost
washing_vegetables,0,[0],washing_vegetables-0,omnigibson,/home/anuriha/BEHAVIOR-1K/bddl3/bddl/activity_definitions/washing_vegetables/problem0.bddl,R1Pro,--robot-type,18,"[""agent.n.01"", ""bowl.n.01"", ""carrot.n.03"", ""cherry_tomato.n.02"", ""colander.n.01"", ""countertop.n.01"", ""electric_refrigerator.n.01"", ""floor.n.01"", ""mud.n.03"", ""sink.n.01"", ""water.n.06""]","[""kitchen""]","[""covered"", ""inroom"", ""inside"", ""insource"", ""ontop""]",python /home/anuriha/BEHAVIOR-1K/OmniGibson/omnigibson/learning/eval.py log_path=./logs/washing_vegetables_eval policy=websocket task.name=washing_vegetables task.activity_definition_id=0 eval_instance_ids='[0]' model.host=localhost
washing_walls,0,[0],washing_walls-0,omnigibson,/home/anuriha/BEHAVIOR-1K/bddl3/bddl/activity_definitions/washing_walls/problem0.bddl,R1Pro,--robot-type,7,"[""agent.n.01"", ""dirt.n.02"", ""floor.n.01"", ""scrub_brush.n.01"", ""wall.n.01"", ""water.n.06"", ""watering_can.n.01""]","[""garden""]","[""covered"", ""inroom"", ""insource"", ""ontop""]",python /home/anuriha/BEHAVIOR-1K/OmniGibson/omnigibson/learning/eval.py log_path=./logs/washing_walls_eval policy=websocket task.name=washing_walls task.activity_definition_id=0 eval_instance_ids='[0]' model.host=localhost
washing_windows,0,[0],washing_windows-0,omnigibson,/home/anuriha/BEHAVIOR-1K/bddl3/bddl/activity_definitions/washing_windows/problem0.bddl,R1Pro,--robot-type,9,"[""adhesive_material.n.01"", ""agent.n.01"", ""detergent.n.02"", ""detergent__bottle.n.01"", ""disinfectant.n.01"", ""disinfectant__bottle.n.01"", ""floor.n.01"", ""squeegee.n.01"", ""window.n.01""]","[""bedroom""]","[""covered"", ""filled"", ""inroom"", ""ontop""]",python /home/anuriha/BEHAVIOR-1K/OmniGibson/omnigibson/learning/eval.py log_path=./logs/washing_windows_eval policy=websocket task.name=washing_windows task.activity_definition_id=0 eval_instance_ids='[0]' model.host=localhost
water_your_lawn_efficiently,0,[0],water_your_lawn_efficiently-0,omnigibson,/home/anuriha/BEHAVIOR-1K/bddl3/bddl/activity_definitions/water_your_lawn_efficiently/problem0.bddl,R1Pro,--robot-type,5,"[""agent.n.01"", ""floor.n.01"", ""lawn.n.01"", ""water.n.06"", ""watering_can.n.01""]","[""garden""]","[""covered"", ""inroom"", ""insource"", ""ontop""]",python /home/anuriha/BEHAVIOR-1K/OmniGibson/omnigibson/learning/eval.py log_path=./logs/water_your_lawn_efficiently_eval policy=websocket task.name=water_your_lawn_efficiently task.activity_definition_id=0 eval_instance_ids='[0]' model.host=localhost
watering_indoor_flowers,0,[0],watering_indoor_flowers-0,omnigibson,/home/anuriha/BEHAVIOR-1K/bddl3/bddl/activity_definitions/watering_indoor_flowers/problem0.bddl,R1Pro,--robot-type,9,"[""agent.n.01"", ""floor.n.01"", ""pot_plant.n.01"", ""sink.n.01"", ""water.n.06"", ""watering_can.n.01""]","[""kitchen"", ""living_room""]","[""covered"", ""inroom"", ""insource"", ""ontop""]",python /home/anuriha/BEHAVIOR-1K/OmniGibson/omnigibson/learning/eval.py log_path=./logs/watering_indoor_flowers_eval policy=websocket task.name=watering_indoor_flowers task.activity_definition_id=0 eval_instance_ids='[0]' model.host=localhost
watering_outdoor_flowers,0,[0],watering_outdoor_flowers-0,omnigibson,/home/anuriha/BEHAVIOR-1K/bddl3/bddl/activity_definitions/watering_outdoor_flowers/problem0.bddl,R1Pro,--robot-type,6,"[""agent.n.01"", ""floor.n.01"", ""pot_plant.n.01"", ""water.n.06"", ""watering_can.n.01""]","[""garden""]","[""inroom"", ""insource"", ""ontop"", ""saturated""]",python /home/anuriha/BEHAVIOR-1K/OmniGibson/omnigibson/learning/eval.py log_path=./logs/watering_outdoor_flowers_eval policy=websocket task.name=watering_outdoor_flowers task.activity_definition_id=0 eval_instance_ids='[0]' model.host=localhost
watering_outdoor_plants,0,[0],watering_outdoor_plants-0,omnigibson,/home/anuriha/BEHAVIOR-1K/bddl3/bddl/activity_definitions/watering_outdoor_plants/problem0.bddl,R1Pro,--robot-type,12,"[""agent.n.01"", ""floor.n.01"", ""pot_plant.n.01"", ""tree.n.01"", ""water.n.06"", ""watering_can.n.01""]","[""garden""]","[""covered"", ""inroom"", ""insource"", ""ontop""]",python /home/anuriha/BEHAVIOR-1K/OmniGibson/omnigibson/learning/eval.py log_path=./logs/watering_outdoor_plants_eval policy=websocket task.name=watering_outdoor_plants task.activity_definition_id=0 eval_instance_ids='[0]' model.host=localhost
waxing_floors,0,[0],waxing_floors-0,omnigibson,/home/anuriha/BEHAVIOR-1K/bddl3/bddl/activity_definitions/waxing_floors/problem0.bddl,R1Pro,--robot-type,7,"[""agent.n.01"", ""cabinet.n.01"", ""dust.n.01"", ""floor.n.01"", ""floor_wax.n.01"", ""floor_wax__bottle.n.01"", ""rag.n.01""]","[""kitchen""]","[""covered"", ""filled"", ""inroom"", ""inside"", ""ontop""]",python /home/anuriha/BEHAVIOR-1K/OmniGibson/omnigibson/learning/eval.py log_path=./logs/waxing_floors_eval policy=websocket task.name=waxing_floors task.activity_definition_id=0 eval_instance_ids='[0]' model.host=localhost
wrap_silverware,0,[0],wrap_silverware-0,omnigibson,/home/anuriha/BEHAVIOR-1K/bddl3/bddl/activity_definitions/wrap_silverware/problem0.bddl,R1Pro,--robot-type,12,"[""agent.n.01"", ""cabinet.n.01"", ""floor.n.01"", ""napkin.n.01"", ""table_knife.n.01"", ""tablespoon.n.02""]","[""kitchen""]","[""inroom"", ""inside"", ""ontop"", ""overlaid""]",python /home/anuriha/BEHAVIOR-1K/OmniGibson/omnigibson/learning/eval.py log_path=./logs/wrap_silverware_eval policy=websocket task.name=wrap_silverware task.activity_definition_id=0 eval_instance_ids='[0]' model.host=localhost
